CustomerID,Recency,Frequency,Monetary,Cluster,Segment,Churned,FirstPurchase,LastPurchase,AvgOrderValue,TotalItems,UniqueProducts,CustomerTenureDays
12346,326,12,29730.420199999626,2,Champions,1,2009-12-14 08:34:00,2011-01-18 10:01:00,2281.0723529411766,74285,27,400
12347,2,8,5633.32,3,Loyal Customers,0,2010-10-31 14:20:00,2011-12-07 15:52:00,22.26608695652174,3286,126,402
12348,75,5,2019.4,0,Potential Loyalists,0,2010-09-27 14:59:00,2011-09-25 13:13:00,39.59607843137255,2714,25,362
12349,19,4,4428.69,0,Potential Loyalists,0,2010-04-29 13:20:00,2011-11-21 09:51:00,25.306800000000003,1624,138,570
12350,310,1,334.4,1,At Risk,1,2011-02-02 16:01:00,2011-02-02 16:01:00,19.67058823529412,197,17,0
12351,375,1,300.93,1,At Risk,1,2010-11-29 15:23:00,2010-11-29 15:23:00,14.33,261,21,0
12352,36,10,2849.84,0,Potential Loyalists,0,2010-11-12 10:20:00,2011-11-03 14:37:00,27.668349514563108,724,70,356
12353,204,2,406.76,0,Potential Loyalists,1,2010-10-27 12:44:00,2011-05-19 17:47:00,16.948333333333334,212,23,204
12354,232,1,1079.4,0,Potential Loyalists,1,2011-04-21 13:11:00,2011-04-21 13:11:00,18.610344827586207,530,58,0
12355,214,2,947.61,0,Potential Loyalists,1,2010-05-21 11:59:00,2011-05-09 13:49:00,27.074571428571428,543,35,353
12356,23,6,6373.68,3,Loyal Customers,0,2010-10-11 09:42:00,2011-11-17 08:40:00,44.57118881118881,3417,104,401
12357,33,3,18287.66,3,Loyal Customers,0,2010-11-16 10:05:00,2011-11-06 16:07:00,61.78263513513514,6587,261,355
12358,2,5,3887.07,0,Potential Loyalists,0,2009-12-08 07:59:00,2011-12-08 10:26:00,50.48142857142857,1079,56,730
12359,58,10,8935.94,3,Loyal Customers,0,2009-12-05 13:32:00,2011-10-13 12:47:00,24.482027397260275,2752,305,676
12360,52,8,4252.89,0,Potential Loyalists,0,2010-02-22 09:32:00,2011-10-18 15:22:00,19.59857142857143,2459,160,603
12361,287,4,511.25,1,At Risk,1,2010-01-26 14:37:00,2011-02-25 13:51:00,17.629310344827587,235,18,394
12362,3,11,5356.23,3,Loyal Customers,0,2009-12-01 10:10:00,2011-12-06 15:40:00,20.060786516853934,2230,201,735
12363,110,2,552.0,0,Potential Loyalists,0,2011-04-11 13:29:00,2011-08-22 10:18:00,24.0,408,23,132
12364,8,4,1313.1,0,Potential Loyalists,0,2011-08-19 15:24:00,2011-12-02 10:22:00,15.448235294117646,1506,70,104
12365,291,2,641.38,1,At Risk,1,2011-02-21 13:51:00,2011-02-21 14:04:00,29.153636363636362,174,22,0
12366,634,1,500.24,1,At Risk,1,2010-03-16 10:28:00,2010-03-16 10:28:00,166.74666666666667,296,3,0
12367,4,1,168.9,0,Potential Loyalists,0,2011-12-05 16:48:00,2011-12-05 16:48:00,15.354545454545455,173,11,0
12368,628,1,917.7,1,At Risk,1,2010-03-21 15:56:00,2010-03-21 15:56:00,50.983333333333334,330,18,0
12369,413,3,1791.15,1,At Risk,1,2010-03-08 08:09:00,2010-10-22 13:13:00,19.25967741935484,1241,90,228
12370,51,7,4320.31,0,Potential Loyalists,0,2010-02-09 09:41:00,2011-10-19 14:51:00,21.387673267326736,2605,168,617
12371,45,5,4067.38,0,Potential Loyalists,0,2010-03-04 18:23:00,2011-10-26 10:16:00,24.35556886227545,1436,134,600
12372,72,3,1298.04,0,Potential Loyalists,0,2011-02-16 12:46:00,2011-09-29 12:12:00,24.962307692307693,794,34,224
12373,311,3,1127.65,1,At Risk,1,2010-02-04 12:08:00,2011-02-01 13:10:00,22.110784313725492,516,36,362
12374,25,4,2989.2200000000003,0,Potential Loyalists,0,2010-04-30 14:01:00,2011-11-14 15:37:00,36.01469879518073,1362,79,563
12375,11,2,457.5,0,Potential Loyalists,0,2011-09-02 14:23:00,2011-11-29 10:36:00,26.91176470588235,178,14,87
12376,390,2,503.15,1,At Risk,1,2010-10-18 08:42:00,2010-11-15 12:15:00,38.70384615384615,240,11,28
12377,315,4,3426.32,1,At Risk,1,2010-04-29 15:34:00,2011-01-28 15:45:00,22.54157894736842,2105,129,274
12378,130,2,5416.32,0,Potential Loyalists,0,2010-05-26 14:07:00,2011-08-02 10:34:00,17.994418604651162,3316,281,432
12379,82,4,1620.22,0,Potential Loyalists,0,2010-06-23 12:49:00,2011-09-19 10:09:00,20.002716049382716,815,58,452
12380,22,11,9676.3,3,Loyal Customers,0,2010-02-15 12:05:00,2011-11-18 11:27:00,34.93249097472925,3355,156,640
12381,5,5,1845.31,0,Potential Loyalists,0,2011-08-12 09:57:00,2011-12-05 12:44:00,21.21045977011494,808,70,115
12383,185,5,1850.56,0,Potential Loyalists,1,2010-12-22 14:28:00,2011-06-08 08:02:00,18.69252525252525,1532,84,167
12384,29,2,585.27,0,Potential Loyalists,0,2011-08-10 11:23:00,2011-11-11 08:39:00,21.676666666666666,126,26,92
12385,379,1,1938.4,1,At Risk,1,2010-11-25 15:14:00,2010-11-25 15:14:00,29.821538461538463,612,65,0
12386,338,2,660.8,1,At Risk,1,2010-12-08 09:53:00,2011-01-06 12:37:00,36.711111111111116,568,10,29
12387,415,1,143.94,1,At Risk,1,2010-10-20 16:27:00,2010-10-20 16:27:00,15.993333333333332,134,9,0
12388,16,8,3901.11,0,Potential Loyalists,0,2010-05-06 12:54:00,2011-11-24 12:30:00,26.719931506849317,2001,83,566
12389,403,3,1433.33,1,At Risk,1,2010-02-22 10:15:00,2010-11-02 11:52:00,29.251632653061222,614,41,253
12390,80,1,549.84,0,Potential Loyalists,0,2011-09-21 09:33:00,2011-09-21 09:33:00,17.1825,353,32,0
12391,22,6,2773.42,0,Potential Loyalists,0,2010-02-15 10:12:00,2011-11-18 12:07:00,9.86982206405694,1220,241,641
12392,591,1,234.75000000000003,1,At Risk,1,2010-04-27 14:04:00,2010-04-27 14:04:00,33.53571428571429,73,7,0
12393,72,6,2399.4500000000003,0,Potential Loyalists,0,2010-10-07 13:49:00,2011-09-28 15:41:00,22.424766355140186,1311,63,356
12394,64,2,1272.48,0,Potential Loyalists,0,2011-05-06 14:01:00,2011-10-07 08:08:00,47.12888888888889,819,26,153
12395,19,15,5067.27,3,Loyal Customers,0,2010-04-16 10:16:00,2011-11-20 15:21:00,19.94988188976378,3733,145,583
12396,674,1,931.43,1,At Risk,1,2010-02-03 13:22:00,2010-02-03 13:22:00,14.329692307692309,591,65,0
12397,36,2,2409.9,0,Potential Loyalists,0,2011-07-27 14:21:00,2011-11-04 09:52:00,19.126190476190477,1263,110,99
12398,46,1,1635.66,0,Potential Loyalists,0,2011-10-25 10:27:00,2011-10-25 10:27:00,19.24305882352941,1394,85,0
12399,119,7,1962.3,0,Potential Loyalists,0,2010-03-05 08:45:00,2011-08-12 13:15:00,17.83909090909091,2198,67,525
12400,414,1,205.25,1,At Risk,1,2010-10-21 13:45:00,2010-10-21 13:45:00,18.65909090909091,91,11,0
12401,303,1,84.3,1,At Risk,1,2011-02-09 13:50:00,2011-02-09 13:50:00,16.86,11,5,0
12402,323,6,1256.9,1,At Risk,1,2010-02-07 12:41:00,2011-01-20 13:49:00,17.955714285714286,584,43,347
12403,50,2,1019.36,0,Potential Loyalists,0,2010-07-06 11:39:00,2011-10-21 10:51:00,113.26222222222222,260,5,471
12404,682,1,63.24,1,At Risk,1,2010-01-26 16:25:00,2010-01-26 16:25:00,63.24,1,1,0
12405,149,1,1710.39,0,Potential Loyalists,0,2011-07-14 08:52:00,2011-07-14 08:52:00,31.67388888888889,857,54,0
12406,22,5,6390.36,0,Potential Loyalists,0,2010-01-11 14:04:00,2011-11-17 19:22:00,38.49614457831325,3416,114,675
12407,50,5,1708.12,0,Potential Loyalists,0,2011-03-20 13:21:00,2011-10-21 10:11:00,22.18337662337662,1416,57,214
12408,33,8,4340.77,0,Potential Loyalists,0,2010-07-29 13:27:00,2011-11-07 12:27:00,27.30044025157233,2229,104,465
12409,79,7,23419.29,2,Champions,0,2010-05-23 15:21:00,2011-09-22 10:38:00,88.70943181818183,13143,177,486
12410,309,3,1013.71,1,At Risk,1,2010-07-25 13:26:00,2011-02-04 10:39:00,25.342750000000002,341,36,193
12411,410,1,346.9,1,At Risk,1,2010-10-26 09:25:00,2010-10-26 09:25:00,15.768181818181818,138,22,0
12412,75,6,2596.93,0,Potential Loyalists,0,2010-06-18 13:22:00,2011-09-26 10:16:00,20.448267716535433,1997,82,464
12413,67,4,999.45,0,Potential Loyalists,0,2010-11-02 13:26:00,2011-10-04 09:00:00,19.597058823529412,319,41,335
12414,217,6,952.41,0,Potential Loyalists,1,2010-09-02 12:22:00,2011-05-06 14:51:00,34.01464285714286,495,21,246
12415,24,28,29730.420199999626,2,Champions,0,2010-06-30 08:30:00,2011-11-15 14:22:00,156.00255939524837,91447,498,503
12416,657,1,202.56,1,At Risk,1,2010-02-21 10:19:00,2010-02-21 10:19:00,18.414545454545454,132,11,0
12417,3,20,6816.91,3,Loyal Customers,0,2009-12-06 10:30:00,2011-12-06 14:52:00,18.42408108108108,2890,270,730
12418,113,4,2021.2,0,Potential Loyalists,0,2010-03-19 14:47:00,2011-08-19 11:08:00,19.815686274509805,1088,90,517
12419,386,2,503.01,1,At Risk,1,2010-10-22 10:40:00,2010-11-19 10:04:00,20.1204,231,23,27
12420,64,1,600.39,0,Potential Loyalists,0,2011-10-07 08:55:00,2011-10-07 08:55:00,20.70310344827586,345,29,0
12421,16,6,1098.6,0,Potential Loyalists,0,2010-07-22 13:57:00,2011-11-24 09:07:00,16.90153846153846,652,44,489
12422,96,17,5231.8,3,Loyal Customers,0,2009-12-18 12:44:00,2011-09-05 09:48:00,30.417441860465118,2596,137,625
12423,1,10,2622.39,0,Potential Loyalists,0,2010-08-31 09:31:00,2011-12-09 10:10:00,15.893272727272727,1793,128,465
12424,163,4,3340.03,0,Potential Loyalists,0,2010-06-09 15:15:00,2011-06-30 12:06:00,36.30467391304347,2025,78,385
12425,78,2,1741.41,0,Potential Loyalists,0,2010-09-17 14:10:00,2011-09-22 17:31:00,19.136373626373626,1147,87,370
12426,195,2,1345.21,0,Potential Loyalists,1,2010-02-15 08:41:00,2011-05-29 12:26:00,17.470259740259742,584,73,468
12427,22,3,1129.3,0,Potential Loyalists,0,2010-12-03 10:44:00,2011-11-18 08:56:00,27.54390243902439,612,26,349
12428,26,9,7956.46,3,Loyal Customers,0,2011-03-01 09:33:00,2011-11-14 08:22:00,27.062789115646257,3536,258,257
12429,9,8,7485.91,3,Loyal Customers,0,2010-06-11 13:28:00,2011-11-30 17:22:00,43.27115606936416,3344,124,537
12430,43,1,256.4,0,Potential Loyalists,0,2011-10-27 15:09:00,2011-10-27 15:09:00,23.30909090909091,117,11,0
12431,36,27,10857.97,3,Loyal Customers,0,2010-01-15 09:04:00,2011-11-04 11:55:00,26.809802469135807,4717,244,658
12432,43,5,5059.32,0,Potential Loyalists,0,2011-06-20 13:27:00,2011-10-28 11:43:00,46.845555555555556,1801,107,129
12433,1,10,20581.26,2,Champions,0,2010-08-20 09:23:00,2011-12-09 10:02:00,29.15192634560907,17116,285,476
12434,85,3,1103.43,0,Potential Loyalists,0,2010-11-23 13:38:00,2011-09-16 12:38:00,15.763285714285715,532,62,296
12435,80,6,13925.93,3,Loyal Customers,0,2009-12-02 13:58:00,2011-09-21 09:06:00,124.33866071428572,4958,88,657
12436,100,1,509.01,0,Potential Loyalists,0,2011-09-01 12:09:00,2011-09-01 12:09:00,31.813125,211,16,0
12437,2,39,12683.4,2,Champions,0,2009-12-02 16:24:00,2011-12-08 11:35:00,22.52824156305506,8000,273,735
12438,14,2,2906.85,0,Potential Loyalists,0,2011-07-22 13:29:00,2011-11-25 13:28:00,29.66173469387755,1180,84,125
12439,683,2,1158.18,1,At Risk,1,2009-12-14 08:40:00,2010-01-26 12:11:00,16.085833333333333,484,69,43
12440,462,2,859.2,1,At Risk,1,2009-12-22 12:03:00,2010-09-03 13:11:00,26.85,331,21,255
12441,367,1,347.1,1,At Risk,1,2010-12-08 10:45:00,2010-12-08 10:45:00,15.77727272727273,242,11,0
12442,3,1,172.06,0,Potential Loyalists,0,2011-12-06 14:22:00,2011-12-06 14:22:00,14.338333333333333,182,12,0
12443,732,1,485.31,1,At Risk,1,2009-12-07 15:42:00,2009-12-07 15:42:00,23.11,182,21,0
12444,21,5,5005.46,0,Potential Loyalists,0,2011-06-21 14:00:00,2011-11-18 13:23:00,28.440113636363638,1153,138,149
12445,22,2,434.98,0,Potential Loyalists,0,2010-10-15 12:28:00,2011-11-17 18:43:00,18.124166666666667,206,24,398
12446,58,1,1002.31,0,Potential Loyalists,0,2011-10-13 12:50:00,2011-10-13 12:50:00,17.584385964912283,351,57,0
12447,243,1,476.49,0,Potential Loyalists,1,2011-04-10 13:25:00,2011-04-10 13:25:00,18.326538461538462,190,26,0
12448,44,1,449.45,0,Potential Loyalists,0,2011-10-26 13:46:00,2011-10-26 13:46:00,20.429545454545455,243,22,0
12449,22,6,4835.89,0,Potential Loyalists,0,2010-09-27 09:37:00,2011-11-17 13:46:00,24.05915422885572,2282,125,416
12450,156,5,688.2,0,Potential Loyalists,0,2010-08-22 13:11:00,2011-07-06 14:41:00,18.6,442,31,318
12451,11,8,12669.88,3,Loyal Customers,0,2010-06-28 12:58:00,2011-11-29 08:40:00,24.794285714285714,9359,352,518
12452,17,2,430.57,0,Potential Loyalists,0,2011-11-23 08:05:00,2011-11-23 10:28:00,19.57136363636364,185,21,0
12453,134,1,707.09,0,Potential Loyalists,0,2011-07-28 14:08:00,2011-07-28 14:08:00,16.443953488372095,473,43,0
12454,56,5,16679.78,3,Loyal Customers,0,2010-10-14 17:33:00,2011-10-14 17:13:00,416.99449999999996,7703,24,364
12455,73,10,5879.95,3,Loyal Customers,0,2009-12-18 12:33:00,2011-09-27 15:31:00,25.902863436123347,3302,199,648
12456,44,3,3181.04,0,Potential Loyalists,0,2011-03-30 09:12:00,2011-10-26 14:41:00,25.44832,1633,105,210
12457,66,8,2995.91,0,Potential Loyalists,0,2010-09-30 17:59:00,2011-10-04 13:13:00,35.665595238095236,1094,63,368
12458,71,4,1777.49,0,Potential Loyalists,0,2010-08-09 10:33:00,2011-09-29 15:25:00,21.160595238095237,986,71,416
12459,605,1,454.36,1,At Risk,1,2010-04-13 14:53:00,2010-04-13 14:53:00,19.754782608695653,258,23,0
12460,456,1,326.65,1,At Risk,1,2010-09-09 13:51:00,2010-09-09 13:51:00,18.147222222222222,170,18,0
12461,94,2,826.88,0,Potential Loyalists,0,2011-07-08 10:23:00,2011-09-06 16:57:00,23.62514285714286,287,35,60
12462,19,2,1189.59,0,Potential Loyalists,0,2011-02-09 14:44:00,2011-11-21 09:11:00,19.186935483870965,536,51,284
12463,53,4,1344.78,0,Potential Loyalists,0,2011-04-12 12:47:00,2011-10-17 13:44:00,16.202168674698793,776,65,188
12464,10,8,1212.05,0,Potential Loyalists,0,2011-02-03 13:30:00,2011-11-29 13:33:00,41.79482758620689,112,6,299
12465,17,2,742.1899999999999,0,Potential Loyalists,0,2011-06-23 13:37:00,2011-11-22 16:34:00,15.791276595744682,479,46,152
12466,682,1,56.73,1,At Risk,1,2010-01-26 16:26:00,2010-01-26 16:26:00,56.73,1,1,0
12467,423,1,132.8,1,At Risk,1,2010-10-12 15:41:00,2010-10-12 15:41:00,14.755555555555556,129,9,0
12468,188,5,3670.74,0,Potential Loyalists,1,2010-01-26 10:09:00,2011-06-05 11:36:00,24.471600000000002,2201,127,495
12469,523,2,3070.54,1,At Risk,1,2010-06-21 10:30:00,2010-07-05 12:40:00,40.40184210526316,2552,76,14
12470,690,1,211.95,1,At Risk,1,2010-01-19 11:01:00,2010-01-19 11:01:00,9.215217391304348,95,23,0
12471,2,46,29730.420199999626,2,Champions,0,2009-12-07 10:41:00,2011-12-07 15:43:00,35.148452066842566,16882,255,730
12472,32,19,17880.59,2,Champions,0,2009-12-14 10:49:00,2011-11-07 14:01:00,19.62743139407245,11350,397,693
12473,29,5,3938.55,0,Potential Loyalists,0,2011-06-01 10:15:00,2011-11-10 13:46:00,23.44375,2439,140,162
12474,17,31,12424.45,2,Champions,0,2010-02-11 09:41:00,2011-11-22 14:39:00,17.499225352112678,7954,369,649
12475,54,2,1149.64,0,Potential Loyalists,0,2010-10-26 08:49:00,2011-10-17 10:10:00,18.846557377049184,771,54,356
12476,16,23,14115.41,2,Champions,0,2010-07-26 09:04:00,2011-11-24 12:40:00,27.35544573643411,5645,358,486
12477,23,9,20276.37,2,Champions,0,2010-03-26 14:01:00,2011-11-17 09:51:00,35.95101063829787,6119,295,600
12478,4,1,680.99,0,Potential Loyalists,0,2011-12-06 09:56:00,2011-12-06 09:56:00,18.91638888888889,236,36,0
12479,11,1,527.2,0,Potential Loyalists,0,2011-11-28 13:26:00,2011-11-28 13:26:00,17.006451612903227,385,31,0
12480,28,7,5464.85,3,Loyal Customers,0,2010-07-20 13:21:00,2011-11-11 14:52:00,22.58202479338843,2952,177,479
12481,23,15,12361.39,3,Loyal Customers,0,2010-04-11 13:10:00,2011-11-17 08:29:00,31.61480818414322,7253,248,584
12482,576,29,23691.4,2,Champions,1,2010-02-24 10:24:00,2010-05-12 16:51:00,116.1343137254902,27042,42,77
12483,17,19,5120.58,3,Loyal Customers,0,2010-01-31 13:28:00,2011-11-22 17:02:00,36.83870503597122,2172,68,660
12484,33,12,6370.15,3,Loyal Customers,0,2010-01-27 16:41:00,2011-11-07 11:37:00,13.410842105263157,3271,329,648
12485,529,1,708.1,1,At Risk,1,2010-06-28 15:22:00,2010-06-28 15:22:00,20.826470588235296,414,34,0
12486,432,1,1037.28,1,At Risk,1,2010-10-04 12:14:00,2010-10-04 12:14:00,21.168979591836734,523,49,0
12487,731,1,285.29999999999995,1,At Risk,1,2009-12-09 11:36:00,2009-12-09 11:36:00,142.65,174,2,0
12488,10,3,1298.66,0,Potential Loyalists,0,2011-09-25 10:34:00,2011-11-30 08:50:00,23.612000000000002,529,46,65
12489,336,1,334.93,1,At Risk,1,2011-01-07 13:13:00,2011-01-07 13:13:00,22.328666666666667,105,15,0
12490,5,21,9823.64,3,Loyal Customers,0,2009-12-01 12:52:00,2011-12-04 16:07:00,21.26329004329004,5906,195,733
12491,39,1,460.4,0,Potential Loyalists,0,2011-11-01 12:18:00,2011-11-01 12:18:00,17.70769230769231,260,25,0
12492,63,3,715.21,0,Potential Loyalists,0,2010-11-01 14:58:00,2011-10-07 15:15:00,17.028809523809525,444,38,340
12493,166,2,433.74,0,Potential Loyalists,0,2011-05-26 14:53:00,2011-06-27 10:17:00,19.715454545454545,207,20,31
12494,16,9,1872.87,0,Potential Loyalists,0,2010-05-12 13:52:00,2011-11-24 09:34:00,16.872702702702703,988,83,560
12495,641,1,357.4,1,At Risk,1,2010-03-09 10:53:00,2010-03-09 10:53:00,21.023529411764706,130,17,0
12496,620,2,54.09,1,At Risk,1,2010-03-29 13:57:00,2010-03-29 14:06:00,4.160769230769231,33,10,0
12497,82,3,6248.5,0,Potential Loyalists,0,2010-03-05 09:39:00,2011-09-19 12:29:00,109.62280701754386,5685,41,563
12498,21,3,403.7000000000001,0,Potential Loyalists,0,2011-10-13 09:30:00,2011-11-18 12:53:00,17.55217391304348,159,21,36
12499,560,1,393.72,1,At Risk,1,2010-05-28 15:12:00,2010-05-28 15:12:00,14.582222222222223,302,27,0
12500,23,19,5955.21,3,Loyal Customers,0,2010-02-04 15:05:00,2011-11-16 16:20:00,40.7891095890411,3377,88,650
12501,337,1,2169.39,1,At Risk,1,2011-01-07 12:28:00,2011-01-07 12:28:00,14.559664429530201,1783,149,0
12502,96,5,3723.87,0,Potential Loyalists,0,2011-02-03 10:41:00,2011-09-05 11:52:00,25.332448979591835,820,102,214
12503,584,1,1126.0,1,At Risk,1,2010-05-04 13:59:00,2010-05-04 13:59:00,563.0,561,2,0
12504,18,4,779.05,0,Potential Loyalists,0,2010-04-22 10:24:00,2011-11-21 16:02:00,38.9525,458,11,578
12505,409,1,955.2,1,At Risk,1,2010-10-27 09:18:00,2010-10-27 09:18:00,22.742857142857144,324,42,0
12506,233,1,73.5,0,Potential Loyalists,1,2011-04-21 08:54:00,2011-04-21 08:54:00,3.1956521739130435,23,23,0
12507,134,4,1844.06,0,Potential Loyalists,0,2010-05-04 09:23:00,2011-07-28 17:09:00,37.633877551020404,1256,46,450
12508,26,2,398.27,0,Potential Loyalists,0,2011-11-10 16:27:00,2011-11-13 15:37:00,5.772028985507246,272,57,2
12509,284,1,176.5,1,At Risk,1,2011-02-28 14:45:00,2011-02-28 14:45:00,25.214285714285715,55,7,0
12510,143,9,5178.02,3,Loyal Customers,0,2009-12-04 13:47:00,2011-07-20 10:15:00,35.71048275862069,2049,94,592
12511,429,1,3084.02,1,At Risk,1,2010-10-07 10:39:00,2010-10-07 10:39:00,16.231684210526314,1753,190,0
12512,66,2,138.03,0,Potential Loyalists,0,2011-10-04 14:53:00,2011-10-04 14:55:00,4.059705882352941,99,31,0
12513,113,1,612.29,0,Potential Loyalists,0,2011-08-19 10:51:00,2011-08-19 10:51:00,17.494,462,35,0
12514,267,2,1597.76,0,Potential Loyalists,1,2010-03-08 12:18:00,2011-03-17 16:38:00,19.02095238095238,840,76,374
12515,353,1,383.7,1,At Risk,1,2010-12-21 15:43:00,2010-12-21 15:43:00,23.98125,131,16,0
12516,78,4,2648.62,0,Potential Loyalists,0,2010-04-19 14:14:00,2011-09-23 09:13:00,35.792162162162164,1952,49,521
12517,28,5,2502.84,0,Potential Loyalists,0,2011-06-02 15:13:00,2011-11-11 14:04:00,8.812816901408452,1371,232,161
12518,1,5,2056.89,0,Potential Loyalists,0,2011-08-21 13:18:00,2011-12-09 10:13:00,16.58782258064516,1318,84,109
12519,64,2,726.54,0,Potential Loyalists,0,2010-08-20 08:21:00,2011-10-07 09:26:00,18.1635,395,34,413
12520,79,5,2634.26,0,Potential Loyalists,0,2011-03-11 11:35:00,2011-09-21 15:23:00,17.330657894736845,1439,121,194
12521,143,1,599.68,0,Potential Loyalists,0,2011-07-20 10:51:00,2011-07-20 10:51:00,15.781052631578946,309,38,0
12522,39,2,192.72,0,Potential Loyalists,0,2011-10-19 14:41:00,2011-10-31 15:30:00,16.06,194,11,12
12523,19,23,4372.15,3,Loyal Customers,0,2009-12-07 13:46:00,2011-11-20 12:55:00,17.488599999999998,2275,176,712
12524,9,17,11126.11,3,Loyal Customers,0,2010-02-08 14:41:00,2011-11-30 15:31:00,46.35879166666667,7178,157,660
12525,498,3,973.73,1,At Risk,1,2010-03-02 14:01:00,2010-07-29 16:08:00,16.228833333333334,509,56,149
12526,1,3,1316.66,0,Potential Loyalists,0,2011-09-06 14:19:00,2011-12-09 12:09:00,18.54450704225352,632,64,93
12527,82,5,735.51,0,Potential Loyalists,0,2010-06-28 15:37:00,2011-09-19 11:55:00,22.9846875,526,26,447
12528,9,6,1933.48,0,Potential Loyalists,0,2011-01-31 09:05:00,2011-11-30 14:40:00,21.01608695652174,756,50,303
12529,528,1,316.48,1,At Risk,1,2010-06-29 13:10:00,2010-06-29 13:10:00,15.07047619047619,192,21,0
12530,60,9,3759.26,3,Loyal Customers,0,2010-03-07 14:37:00,2011-10-11 12:34:00,23.792784810126584,2713,94,582
12531,15,2,1933.2,0,Potential Loyalists,0,2010-01-22 14:17:00,2011-11-25 11:12:00,15.222047244094489,1119,126,671
12532,30,1,349.83000000000004,0,Potential Loyalists,0,2011-11-09 13:47:00,2011-11-09 13:47:00,21.864375000000003,153,16,0
12533,628,2,1367.89,1,At Risk,1,2009-12-01 11:50:00,2010-03-22 10:56:00,18.998472222222222,704,63,110
12534,131,1,1089.18,0,Potential Loyalists,0,2011-08-01 10:26:00,2011-08-01 10:26:00,17.28857142857143,651,63,0
12535,92,2,716.35,0,Potential Loyalists,0,2011-06-06 12:47:00,2011-09-09 08:48:00,21.069117647058825,219,28,94
12536,43,3,12601.830000000002,3,Loyal Customers,0,2011-10-11 14:52:00,2011-10-27 14:20:00,48.282873563218395,2803,260,15
12537,409,1,732.94,1,At Risk,1,2010-10-27 08:36:00,2010-10-27 08:36:00,17.04511627906977,449,43,0
12538,29,2,640.45,0,Potential Loyalists,0,2010-11-26 13:02:00,2011-11-10 17:16:00,18.836764705882356,336,33,349
12539,22,7,11214.75,3,Loyal Customers,0,2009-12-23 13:00:00,2011-11-17 13:30:00,22.251488095238095,4535,276,694
12540,20,33,22254.49,2,Champions,0,2009-12-07 16:56:00,2011-11-20 11:31:00,28.864448767833984,11019,354,712
12541,30,3,981.18,0,Potential Loyalists,0,2011-03-04 09:32:00,2011-11-10 10:40:00,18.868846153846153,680,46,251
12542,484,2,481.88,1,At Risk,1,2010-03-09 16:26:00,2010-08-12 19:12:00,12.355897435897436,522,39,156
12543,448,1,980.25,1,At Risk,1,2010-09-17 15:51:00,2010-09-17 15:51:00,22.796511627906977,688,43,0
12544,36,1,372.7,0,Potential Loyalists,0,2011-11-03 16:15:00,2011-11-03 16:15:00,19.61578947368421,136,19,0
12545,75,2,1000.39,0,Potential Loyalists,0,2011-03-25 12:04:00,2011-09-25 13:39:00,20.0078,523,42,184
12546,47,2,1161.5,0,Potential Loyalists,0,2011-09-23 09:44:00,2011-10-24 12:09:00,16.833333333333332,633,59,31
12547,198,3,383.58,0,Potential Loyalists,1,2010-07-27 13:55:00,2011-05-26 12:38:00,18.265714285714285,309,13,302
12548,166,1,95.2,0,Potential Loyalists,0,2011-06-26 15:35:00,2011-06-26 15:35:00,19.04,49,5,0
12549,576,6,1575.68,1,At Risk,1,2010-01-11 12:29:00,2010-05-13 12:05:00,32.15673469387755,1366,38,121
12550,79,1,964.83,0,Potential Loyalists,0,2011-09-21 14:35:00,2011-09-21 14:35:00,16.92684210526316,569,57,0
12551,358,1,168.0,1,At Risk,1,2010-12-17 11:23:00,2010-12-17 11:23:00,16.8,100,10,0
12552,39,2,437.82,0,Potential Loyalists,0,2011-10-31 12:11:00,2011-11-01 10:02:00,21.891,88,20,0
12553,8,12,4608.75,3,Loyal Customers,0,2010-10-12 13:35:00,2011-12-01 16:38:00,19.36449579831933,2325,109,415
12554,449,1,468.5,1,At Risk,1,2010-09-17 12:29:00,2010-09-17 12:29:00,18.01923076923077,240,26,0
12555,682,1,129.23,1,At Risk,1,2010-01-26 16:26:00,2010-01-26 16:26:00,129.23,1,1,0
12556,50,2,603.71,0,Potential Loyalists,0,2011-07-11 13:35:00,2011-10-20 13:06:00,4.989338842975207,358,100,100
12557,16,8,18716.14,3,Loyal Customers,0,2009-12-17 10:39:00,2011-11-23 16:59:00,322.69206896551725,6782,15,706
12558,8,1,269.96,0,Potential Loyalists,0,2011-12-02 10:41:00,2011-12-02 10:41:00,24.54181818181818,196,11,0
12559,311,2,561.71,1,At Risk,1,2011-01-24 10:12:00,2011-02-02 09:49:00,26.74809523809524,283,21,8
12560,5,3,2134.01,0,Potential Loyalists,0,2011-07-19 15:55:00,2011-12-04 13:54:00,20.323904761904764,1110,91,137
12561,303,1,238.85,1,At Risk,1,2011-02-10 11:39:00,2011-02-10 11:39:00,14.928125,177,16,0
12562,8,9,4966.92,3,Loyal Customers,0,2010-09-30 13:13:00,2011-12-01 17:20:00,23.99478260869565,2327,113,427
12563,409,1,249.24,1,At Risk,1,2010-10-27 09:52:00,2010-10-27 09:52:00,19.172307692307694,113,13,0
12564,261,1,456.9,0,Potential Loyalists,1,2011-03-23 14:55:00,2011-03-23 14:55:00,21.75714285714286,133,21,0
12565,289,1,145.92,1,At Risk,1,2011-02-24 10:34:00,2011-02-24 10:34:00,16.213333333333335,80,9,0
12566,86,1,351.65,0,Potential Loyalists,0,2011-09-14 14:30:00,2011-09-14 14:30:00,18.507894736842104,265,19,0
12567,23,15,13709.86,3,Loyal Customers,0,2010-02-11 10:30:00,2011-11-17 11:02:00,21.455179968701096,6086,365,644
12568,645,1,70.0,1,At Risk,1,2010-03-05 09:15:00,2010-03-05 09:15:00,14.0,48,5,0
12569,2,32,4124.69,3,Loyal Customers,0,2011-04-01 13:47:00,2011-12-07 16:24:00,21.93984042553192,1801,92,250
12570,682,1,77.52,1,At Risk,1,2010-01-26 17:28:00,2010-01-26 17:28:00,77.52,1,1,0
12571,40,2,519.61,0,Potential Loyalists,0,2011-08-10 12:35:00,2011-10-31 10:19:00,15.28264705882353,523,31,81
12572,9,2,1020.42,0,Potential Loyalists,0,2011-10-19 08:20:00,2011-12-01 09:20:00,17.007,452,53,43
12573,227,5,717.41,0,Potential Loyalists,1,2010-08-31 17:25:00,2011-04-26 15:52:00,6.028655462184874,479,107,237
12574,316,1,218.45,1,At Risk,1,2011-01-28 09:20:00,2011-01-28 09:20:00,19.85909090909091,61,11,0
12575,457,2,622.8199999999999,1,At Risk,1,2010-07-01 09:15:00,2010-09-08 13:09:00,16.39,315,34,69
12576,36,8,2142.72,0,Potential Loyalists,0,2010-07-01 13:46:00,2011-11-04 10:11:00,15.089577464788734,1494,114,490
12577,35,8,1653.75,0,Potential Loyalists,0,2009-12-03 19:31:00,2011-11-04 13:24:00,5.4759933774834435,1197,259,700
12578,21,4,4642.45,0,Potential Loyalists,0,2010-09-22 11:19:00,2011-11-18 13:30:00,26.99098837209302,2380,149,422
12579,78,1,440.42,0,Potential Loyalists,0,2011-09-22 17:15:00,2011-09-22 17:15:00,15.18689655172414,285,29,0
12580,247,2,1052.9,0,Potential Loyalists,1,2010-05-12 11:45:00,2011-04-07 10:24:00,18.153448275862072,569,52,329
12581,40,1,197.71,0,Potential Loyalists,0,2011-10-31 08:56:00,2011-10-31 08:56:00,13.180666666666667,161,15,0
12582,239,4,1980.4,0,Potential Loyalists,1,2010-05-11 09:55:00,2011-04-15 08:45:00,19.22718446601942,985,88,338
12583,3,27,14447.44,2,Champions,0,2009-12-06 11:57:00,2011-12-07 08:07:00,31.003090128755368,8984,141,730
12584,4,9,2338.15,0,Potential Loyalists,0,2011-03-04 15:15:00,2011-12-06 09:35:00,24.355729166666666,416,44,276
12585,234,2,2040.1,0,Potential Loyalists,1,2010-12-23 12:58:00,2011-04-19 13:39:00,23.44942528735632,1279,77,117
12586,17,4,2062.67,0,Potential Loyalists,0,2009-12-16 13:15:00,2011-11-22 16:24:00,21.943297872340427,687,82,706
12587,8,1,144.0,0,Potential Loyalists,0,2011-12-02 12:47:00,2011-12-02 12:47:00,36.0,51,4,0
12588,39,4,958.78,0,Potential Loyalists,0,2010-04-21 12:22:00,2011-10-31 15:01:00,20.84304347826087,438,31,558
12589,29,8,4695.66,3,Loyal Customers,0,2010-01-19 12:26:00,2011-11-11 10:19:00,26.087,1764,121,660
12590,211,2,9864.26,3,Loyal Customers,1,2011-05-12 14:46:00,2011-05-12 14:52:00,145.06264705882353,4283,68,0
12591,317,3,1352.15,1,At Risk,1,2010-10-27 10:42:00,2011-01-26 14:35:00,19.596376811594205,677,63,91
12592,92,5,2582.66,0,Potential Loyalists,0,2010-07-08 14:06:00,2011-09-08 15:04:00,31.88469135802469,1875,42,427
12593,109,3,418.1,0,Potential Loyalists,0,2011-05-05 09:29:00,2011-08-23 12:43:00,19.90952380952381,206,14,110
12594,38,15,5090.110000000001,3,Loyal Customers,0,2010-03-03 13:51:00,2011-11-02 12:20:00,25.57844221105528,2768,78,608
12595,505,1,299.02,1,At Risk,1,2010-07-23 09:10:00,2010-07-23 09:10:00,15.737894736842104,271,19,0
12596,51,2,618.27,0,Potential Loyalists,0,2011-04-11 13:22:00,2011-10-19 13:02:00,22.898888888888887,474,25,190
12597,19,4,3811.22,0,Potential Loyalists,0,2011-03-16 14:00:00,2011-11-20 13:33:00,18.50106796116505,2236,184,248
12598,10,11,4534.09,3,Loyal Customers,0,2010-03-01 09:58:00,2011-11-30 12:18:00,22.01014563106796,2906,130,639
12599,29,13,2296.72,3,Loyal Customers,0,2010-05-11 10:42:00,2011-11-10 13:34:00,17.268571428571427,2189,47,548
12600,29,21,5043.92,3,Loyal Customers,0,2009-12-07 13:37:00,2011-11-11 10:29:00,38.21151515151515,1414,53,703
12601,190,6,681.26,0,Potential Loyalists,1,2010-10-31 10:57:00,2011-06-03 10:17:00,20.03705882352941,290,24,214
12602,59,1,153.12,0,Potential Loyalists,0,2011-10-12 11:22:00,2011-10-12 11:22:00,12.76,162,12,0
12603,22,1,739.1999999999999,0,Potential Loyalists,0,2011-11-18 10:42:00,2011-11-18 10:42:00,369.59999999999997,63,2,0
12604,79,2,254.18,0,Potential Loyalists,0,2011-03-23 12:06:00,2011-09-21 14:08:00,15.88625,201,15,182
12605,376,4,1232.95,1,At Risk,1,2010-09-07 14:21:00,2010-11-28 14:18:00,16.223026315789475,929,63,81
12606,682,1,21.0,1,At Risk,1,2010-01-26 16:23:00,2010-01-26 16:23:00,21.0,1,1,0
12607,60,1,1579.51,0,Potential Loyalists,0,2011-10-10 16:06:00,2011-10-10 16:06:00,15.63871287128713,1228,101,0
12608,405,1,415.79,1,At Risk,1,2010-10-31 10:49:00,2010-10-31 10:49:00,25.986875,323,16,0
12609,78,9,3435.86,0,Potential Loyalists,0,2009-12-20 13:30:00,2011-09-22 16:34:00,19.633485714285715,1553,129,641
12610,23,5,2099.54,0,Potential Loyalists,0,2011-08-05 13:52:00,2011-11-17 09:34:00,19.80698113207547,1049,85,103
12611,52,1,1193.32,0,Potential Loyalists,0,2011-10-18 13:12:00,2011-10-18 13:12:00,18.35876923076923,846,65,0
12612,74,1,704.0400000000001,0,Potential Loyalists,0,2011-09-26 15:35:00,2011-09-26 15:35:00,37.054736842105264,262,19,0
12613,57,10,6835.07,3,Loyal Customers,0,2009-12-14 13:10:00,2011-10-13 14:59:00,20.90235474006116,4163,218,668
12614,278,1,315.6,1,At Risk,1,2011-03-07 10:22:00,2011-03-07 10:22:00,15.780000000000001,76,20,0
12615,2,8,5740.98,3,Loyal Customers,0,2010-03-18 14:09:00,2011-12-07 15:02:00,21.26288888888889,3317,198,629
12616,95,3,1131.1,0,Potential Loyalists,0,2010-11-16 11:38:00,2011-09-05 15:17:00,20.946296296296296,498,32,293
12617,29,1,355.53,0,Potential Loyalists,0,2011-11-10 14:39:00,2011-11-10 14:39:00,8.465,213,39,0
12618,22,1,177.31,0,Potential Loyalists,0,2011-11-18 11:10:00,2011-11-18 11:10:00,16.11909090909091,96,11,0
12619,16,10,3781.38,3,Loyal Customers,0,2010-05-28 12:52:00,2011-11-23 14:52:00,37.8138,3518,55,544
12620,15,3,1339.41,0,Potential Loyalists,0,2011-05-19 12:10:00,2011-11-25 10:20:00,14.558804347826088,1181,89,189
12621,2,35,24775.81,2,Champions,0,2010-02-09 12:01:00,2011-12-08 11:25:00,32.176376623376626,13933,344,666
12622,232,1,180.1,0,Potential Loyalists,1,2011-04-21 16:39:00,2011-04-21 16:39:00,16.37272727272727,69,11,0
12623,276,7,3747.84,0,Potential Loyalists,1,2010-01-12 11:45:00,2011-03-08 13:50:00,21.663815028901734,1971,112,420
12624,106,2,641.13,0,Potential Loyalists,0,2011-06-15 12:34:00,2011-08-25 15:04:00,16.87184210526316,355,36,71
12625,212,4,5164.88,0,Potential Loyalists,1,2010-04-22 11:33:00,2011-05-12 09:54:00,28.22338797814208,3309,144,384
12626,23,9,6620.48,3,Loyal Customers,0,2011-01-17 11:01:00,2011-11-16 16:06:00,22.518639455782314,3453,232,303
12627,11,7,4478.53,0,Potential Loyalists,0,2011-07-22 13:59:00,2011-11-29 12:07:00,19.47186956521739,2752,162,129
12628,4,3,786.46,0,Potential Loyalists,0,2011-10-06 09:28:00,2011-12-05 13:15:00,19.181951219512197,448,34,60
12629,386,2,1558.22,1,At Risk,1,2010-10-12 16:40:00,2010-11-19 09:18:00,34.62711111111111,722,40,37
12630,10,2,1270.88,0,Potential Loyalists,0,2011-10-27 10:41:00,2011-11-30 10:48:00,19.8575,548,60,34
12631,57,6,3481.57,0,Potential Loyalists,0,2010-01-15 14:50:00,2011-10-13 13:53:00,19.024972677595628,1607,131,635
12632,521,2,804.88,1,At Risk,1,2010-05-24 09:07:00,2010-07-07 09:39:00,22.99657142857143,694,32,44
12633,59,7,5678.16,3,Loyal Customers,0,2010-07-02 11:44:00,2011-10-12 11:40:00,18.556078431372548,3238,220,466
12634,536,2,490.0,1,At Risk,1,2010-06-09 15:41:00,2010-06-22 10:05:00,24.5,337,20,12
12635,90,4,2930.41,0,Potential Loyalists,0,2010-09-09 10:50:00,2011-09-11 11:04:00,16.37100558659218,1949,159,367
12636,739,1,141.0,1,At Risk,1,2009-12-01 09:55:00,2009-12-01 09:55:00,141.0,1,1,0
12637,67,12,8340.31,3,Loyal Customers,0,2010-06-14 13:36:00,2011-10-03 13:46:00,13.134346456692912,4284,295,476
12638,33,2,921.49,0,Potential Loyalists,0,2010-03-10 10:30:00,2011-11-06 13:11:00,19.197708333333335,663,47,606
12639,239,3,1312.37,0,Potential Loyalists,1,2010-03-22 09:05:00,2011-04-15 12:48:00,20.505781250000002,631,58,389
12640,24,3,1174.58,0,Potential Loyalists,0,2011-09-19 12:01:00,2011-11-16 11:52:00,22.16188679245283,311,47,57
12641,115,1,185.9,0,Potential Loyalists,0,2011-08-16 13:26:00,2011-08-16 13:26:00,18.59,72,10,0
12642,25,3,1013.26,0,Potential Loyalists,0,2011-08-24 09:23:00,2011-11-14 15:03:00,21.558723404255318,552,39,82
12643,128,12,8350.42,3,Loyal Customers,0,2010-04-07 14:16:00,2011-08-03 12:56:00,160.585,4785,14,482
12644,130,4,1918.49,0,Potential Loyalists,0,2010-01-14 13:02:00,2011-08-02 10:33:00,17.283693693693692,1032,106,564
12645,34,8,3539.3,0,Potential Loyalists,0,2010-02-09 10:49:00,2011-11-06 12:38:00,22.120625,2125,111,635
12646,5,2,1346.97,0,Potential Loyalists,0,2011-10-21 12:52:00,2011-12-05 10:14:00,29.932666666666666,897,43,44
12647,22,36,17924.35,2,Champions,0,2010-01-13 15:06:00,2011-11-17 12:56:00,32.58972727272727,6878,240,672
12648,155,4,1112.0,0,Potential Loyalists,0,2010-01-07 18:38:00,2011-07-08 11:55:00,17.107692307692307,518,38,546
12649,107,8,2294.65,0,Potential Loyalists,0,2010-01-12 17:24:00,2011-08-24 14:41:00,19.446186440677966,1959,94,588
12650,3,1,314.44,0,Potential Loyalists,0,2011-12-06 16:34:00,2011-12-06 16:34:00,15.722,254,20,0
12651,335,4,377.75,1,At Risk,1,2010-08-31 15:21:00,2011-01-09 12:46:00,12.591666666666667,265,30,130
12652,331,2,1017.03,1,At Risk,1,2010-10-01 15:16:00,2011-01-12 15:00:00,19.941764705882356,536,51,102
12653,149,3,4160.83,0,Potential Loyalists,0,2010-07-01 09:56:00,2011-07-14 10:41:00,48.38174418604651,1681,76,378
12654,11,5,601.98,0,Potential Loyalists,0,2011-02-17 13:16:00,2011-11-29 10:10:00,15.841578947368422,264,31,284
12655,424,1,261.35,1,At Risk,1,2010-10-12 09:17:00,2010-10-12 09:17:00,16.334375,80,16,0
12656,17,8,6407.83,3,Loyal Customers,0,2010-05-26 09:00:00,2011-11-22 13:42:00,25.942631578947367,2860,174,545
12657,11,4,1643.18,0,Potential Loyalists,0,2011-09-22 11:40:00,2011-11-28 15:47:00,34.961276595744685,1044,35,67
12658,19,1,686.05,0,Potential Loyalists,0,2011-11-21 10:22:00,2011-11-21 10:22:00,19.056944444444444,320,36,0
12659,30,1,91.68,0,Potential Loyalists,0,2011-11-10 11:53:00,2011-11-10 11:53:00,18.336000000000002,105,5,0
12660,11,1,245.1,0,Potential Loyalists,0,2011-11-28 13:26:00,2011-11-28 13:26:00,18.853846153846156,127,13,0
12661,436,1,162.0,1,At Risk,1,2010-09-29 16:46:00,2010-09-29 16:46:00,14.727272727272727,216,11,0
12662,1,20,6988.02,3,Loyal Customers,0,2010-04-01 09:50:00,2011-12-09 11:59:00,17.21187192118227,3581,163,617
12663,625,2,239.4,1,At Risk,1,2010-02-09 14:28:00,2010-03-25 09:40:00,23.94,181,9,43
12664,8,11,6070.04,3,Loyal Customers,0,2009-12-13 10:28:00,2011-12-01 17:07:00,134.88977777777777,1495,10,718
12665,325,3,313.6,1,At Risk,1,2010-02-08 15:11:00,2011-01-19 08:34:00,18.447058823529414,165,13,344
12666,394,1,1248.42,1,At Risk,1,2010-11-10 16:40:00,2010-11-10 16:40:00,40.27161290322581,370,31,0
12667,58,1,620.13,0,Potential Loyalists,0,2011-10-12 17:00:00,2011-10-12 17:00:00,18.791818181818183,395,33,0
12668,12,10,11444.68,3,Loyal Customers,0,2010-01-31 15:45:00,2011-11-28 10:56:00,21.233172541743972,5076,263,665
12669,151,3,2744.03,0,Potential Loyalists,0,2011-03-28 10:15:00,2011-07-12 09:54:00,27.168613861386135,1115,98,105
12670,10,7,3760.29,0,Potential Loyalists,0,2010-02-11 10:13:00,2011-11-29 15:23:00,32.698173913043476,1627,71,656
12671,606,1,2622.481,1,At Risk,1,2010-04-12 16:30:00,2010-04-12 16:30:00,58.27735555555556,1460,45,0
12672,330,2,437.05,1,At Risk,1,2010-04-23 09:57:00,2011-01-14 09:20:00,19.865909090909092,138,22,265
12673,5,3,1230.02,0,Potential Loyalists,0,2010-11-03 10:46:00,2011-12-04 13:55:00,16.62189189189189,700,68,396
12674,39,4,1970.6,0,Potential Loyalists,0,2011-05-16 09:10:00,2011-11-01 12:12:00,23.742168674698792,1133,52,169
12675,554,2,958.5,1,At Risk,1,2010-05-10 16:44:00,2010-06-04 09:49:00,8.482300884955752,337,111,24
12676,25,11,2843.09,3,Loyal Customers,0,2010-08-13 13:29:00,2011-11-15 12:25:00,26.570934579439253,1867,67,458
12677,555,2,395.1,1,At Risk,1,2010-02-11 13:55:00,2010-06-02 14:30:00,18.814285714285717,176,13,111
12678,42,21,29730.420199999626,2,Champions,0,2010-01-07 16:46:00,2011-10-28 13:04:00,91.17335106382978,22372,199,658
12679,59,4,1113.02,0,Potential Loyalists,0,2011-03-01 12:26:00,2011-10-12 12:30:00,23.187916666666666,554,43,225
12680,1,4,880.81,0,Potential Loyalists,0,2011-08-18 15:44:00,2011-12-09 12:50:00,16.619056603773583,444,33,112
12681,15,45,29730.420199999626,2,Champions,0,2009-12-13 13:31:00,2011-11-25 11:33:00,21.070498293515357,17596,459,711
12682,4,46,24033.91,2,Champions,0,2009-12-01 09:28:00,2011-12-06 10:00:00,23.13177093358999,11018,327,735
12683,4,21,12696.78,3,Loyal Customers,0,2009-12-13 15:01:00,2011-12-05 16:31:00,23.46909426987061,7683,236,722
12684,8,7,2283.63,0,Potential Loyalists,0,2011-05-10 12:55:00,2011-12-02 09:53:00,21.748857142857144,1985,61,205
12685,28,6,2863.08,0,Potential Loyalists,0,2011-09-07 10:28:00,2011-11-11 13:46:00,18.236178343949042,1523,117,65
12686,372,1,178.28,1,At Risk,1,2010-12-03 09:51:00,2010-12-03 09:51:00,12.734285714285715,214,7,0
12687,481,2,2138.91,1,At Risk,1,2010-08-16 12:10:00,2010-08-16 12:12:00,16.97547619047619,1403,126,0
12688,114,1,4873.81,0,Potential Loyalists,0,2011-08-18 08:49:00,2011-08-18 08:49:00,28.50181286549708,3028,171,0
12689,26,2,1247.61,0,Potential Loyalists,0,2011-08-04 10:04:00,2011-11-14 08:31:00,17.327916666666667,628,57,101
12690,206,1,389.01,0,Potential Loyalists,1,2011-05-18 09:09:00,2011-05-18 09:09:00,24.313125,106,16,0
12691,28,7,1170.4,0,Potential Loyalists,0,2010-10-15 12:00:00,2011-11-11 16:49:00,30.010256410256414,445,24,392
12692,637,1,110.95,1,At Risk,1,2010-03-12 14:02:00,2010-03-12 14:02:00,8.534615384615385,36,13,0
12693,127,7,1703.02,0,Potential Loyalists,0,2010-07-05 13:56:00,2011-08-04 17:51:00,21.557215189873418,536,63,395
12694,70,3,1843.35,0,Potential Loyalists,0,2010-10-14 19:39:00,2011-09-30 13:06:00,22.209036144578313,1355,69,350
12695,7,7,1407.12,0,Potential Loyalists,0,2010-02-12 13:22:00,2011-12-02 13:22:00,23.84949152542373,454,46,658
12696,435,2,851.91,1,At Risk,1,2010-07-19 10:02:00,2010-10-01 10:43:00,17.38591836734694,564,43,74
12697,29,3,957.59,0,Potential Loyalists,0,2011-06-23 15:44:00,2011-11-11 08:47:00,23.355853658536585,508,37,140
12698,590,1,339.75,1,At Risk,1,2010-04-28 15:51:00,2010-04-28 15:51:00,21.234375,111,16,0
12699,418,1,638.11,1,At Risk,1,2010-10-18 12:07:00,2010-10-18 12:07:00,15.563658536585367,373,41,0
12700,8,4,4939.99,0,Potential Loyalists,0,2011-05-08 16:10:00,2011-12-02 10:47:00,18.432798507462685,2967,193,207
12701,80,6,2446.41,0,Potential Loyalists,0,2010-03-16 13:23:00,2011-09-21 10:47:00,16.642244897959184,1727,118,553
12702,20,1,219.0,0,Potential Loyalists,0,2011-11-20 10:36:00,2011-11-20 10:36:00,18.25,53,12,0
12703,71,4,1006.53,0,Potential Loyalists,0,2010-01-24 12:05:00,2011-09-29 17:52:00,13.601756756756757,595,56,613
12704,7,8,2340.84,0,Potential Loyalists,0,2011-06-23 10:20:00,2011-12-02 13:15:00,26.600454545454546,1006,64,162
12705,15,14,11762.1,3,Loyal Customers,0,2010-06-24 09:51:00,2011-11-24 13:17:00,19.636227045075128,7188,320,518
12707,292,1,603.42,1,At Risk,1,2011-02-21 08:38:00,2011-02-21 08:38:00,18.285454545454545,256,33,0
12708,30,18,5314.1,3,Loyal Customers,0,2009-12-18 10:25:00,2011-11-10 09:52:00,17.14225806451613,2521,130,691
12709,15,34,29730.420199999626,2,Champions,0,2009-12-09 13:49:00,2011-11-24 15:38:00,62.18668,13983,189,715
12710,97,3,1149.02,0,Potential Loyalists,0,2011-05-22 14:05:00,2011-09-04 12:00:00,14.922337662337663,851,75,104
12711,612,2,1339.05,1,At Risk,1,2010-02-01 11:30:00,2010-04-07 11:59:00,22.3175,770,56,65
12712,29,21,7193.66,3,Loyal Customers,0,2009-12-09 10:46:00,2011-11-11 08:19:00,26.063985507246375,2349,126,701
12713,1,1,848.55,0,Potential Loyalists,0,2011-12-09 12:16:00,2011-12-09 12:16:00,22.330263157894734,508,38,0
12714,9,12,14093.71,3,Loyal Customers,0,2009-12-04 10:00:00,2011-11-30 15:43:00,20.249583333333334,8774,436,726
12715,106,1,353.86,0,Potential Loyalists,0,2011-08-25 15:22:00,2011-08-25 15:22:00,16.85047619047619,197,20,0
12716,4,2,1053.49,0,Potential Loyalists,0,2011-07-29 13:28:00,2011-12-06 08:55:00,15.267971014492753,708,60,129
12717,151,3,1308.91,0,Potential Loyalists,0,2010-04-28 14:34:00,2011-07-11 14:47:00,18.435352112676057,600,60,439
12718,71,1,238.25,0,Potential Loyalists,0,2011-09-29 16:38:00,2011-09-29 16:38:00,12.539473684210526,203,19,0
12719,5,2,644.95,0,Potential Loyalists,0,2011-10-05 14:50:00,2011-12-04 13:45:00,16.53717948717949,374,34,59
12720,3,30,8260.67,3,Loyal Customers,0,2010-07-21 09:46:00,2011-12-07 08:03:00,16.229214145383104,6317,262,503
12721,32,8,4013.08,0,Potential Loyalists,0,2010-08-25 11:07:00,2011-11-08 12:13:00,16.79112970711297,2655,183,440
12722,85,4,997.63,0,Potential Loyalists,0,2011-07-12 11:55:00,2011-09-15 14:50:00,18.82320754716981,566,50,65
12723,4,5,725.07,0,Potential Loyalists,0,2011-10-05 15:52:00,2011-12-06 10:19:00,10.508260869565218,434,53,61
12724,5,7,2317.52,0,Potential Loyalists,0,2010-06-22 14:00:00,2011-12-04 16:02:00,17.96527131782946,1379,94,530
12725,371,4,2694.56,1,At Risk,1,2010-05-04 13:59:00,2010-12-03 15:45:00,20.727384615384615,1306,92,213
12726,28,11,4014.6,3,Loyal Customers,0,2010-03-25 16:25:00,2011-11-11 13:35:00,22.427932960893855,4618,63,595
12727,11,10,5679.53,3,Loyal Customers,0,2010-02-23 09:54:00,2011-11-29 11:46:00,27.9779802955665,2832,132,644
12728,71,5,1070.17,0,Potential Loyalists,0,2010-11-21 11:34:00,2011-09-29 15:31:00,17.54377049180328,543,48,312
12729,114,1,453.01,0,Potential Loyalists,0,2011-08-18 11:40:00,2011-08-18 11:40:00,17.423461538461538,233,26,0
12730,522,1,829.25,1,At Risk,1,2010-07-06 12:19:00,2010-07-06 12:19:00,17.643617021276597,234,47,0
12731,24,17,25775.71,2,Champions,0,2010-03-02 09:23:00,2011-11-16 11:59:00,65.58704834605598,11641,137,624
12732,180,1,236.26,0,Potential Loyalists,0,2011-06-13 11:33:00,2011-06-13 11:33:00,19.688333333333336,111,12,0
12733,234,4,2424.87,0,Potential Loyalists,1,2010-01-19 13:23:00,2011-04-19 16:19:00,15.445031847133757,896,117,455
12734,353,3,639.65,1,At Risk,1,2010-11-12 13:26:00,2010-12-22 12:47:00,33.66578947368421,265,17,39
12735,315,2,779.5699999999999,1,At Risk,1,2011-01-06 14:26:00,2011-01-28 13:37:00,18.12953488372093,368,38,21
12736,333,1,234.0,1,At Risk,1,2011-01-11 07:57:00,2011-01-11 07:57:00,58.5,173,4,0
12737,499,2,3710.5,1,At Risk,1,2010-07-29 12:27:00,2010-07-29 12:29:00,1855.25,2,2,0
12738,372,1,310.7,1,At Risk,1,2010-12-02 18:27:00,2010-12-02 18:27:00,14.122727272727273,296,11,0
12739,78,4,2726.73,0,Potential Loyalists,0,2010-11-10 14:27:00,2011-09-22 13:00:00,30.63741573033708,951,85,315
12740,64,1,427.6,0,Potential Loyalists,0,2011-10-07 10:44:00,2011-10-07 10:44:00,15.837037037037037,342,27,0
12741,529,2,406.07,1,At Risk,1,2010-06-24 16:24:00,2010-06-28 14:36:00,25.379375,214,16,3
12742,626,1,1201.52,1,At Risk,1,2010-03-24 12:43:00,2010-03-24 12:43:00,17.933134328358207,1359,67,0
12743,134,2,546.43,0,Potential Loyalists,0,2011-07-28 16:06:00,2011-07-28 16:21:00,4.077835820895522,319,114,0
12744,52,11,25317.06,2,Champions,0,2010-04-27 16:19:00,2011-10-19 11:18:00,74.68159292035399,6994,245,539
12745,487,3,925.41,1,At Risk,1,2010-01-26 16:22:00,2010-08-10 10:14:00,40.235217391304346,468,21,195
12746,541,1,254.55,1,At Risk,1,2010-06-17 10:41:00,2010-06-17 10:41:00,14.973529411764707,97,17,0
12747,2,26,9276.54,3,Loyal Customers,0,2009-12-07 13:23:00,2011-12-07 14:34:00,36.095486381322964,2758,85,730
12748,1,46,29730.420199999626,2,Champions,0,2009-12-04 17:31:00,2011-12-09 12:20:00,7.830574156059767,39108,2286,734
12749,4,9,6897.36,3,Loyal Customers,0,2010-07-06 15:05:00,2011-12-06 09:56:00,20.40639053254438,2360,260,517
12750,129,1,275.88,0,Potential Loyalists,0,2011-08-03 09:13:00,2011-08-03 09:13:00,18.392,137,15,0
12751,445,1,268.27,1,At Risk,1,2010-09-21 12:49:00,2010-09-21 12:49:00,4.326935483870967,189,61,0
12752,81,1,4366.78,0,Potential Loyalists,0,2011-09-19 13:32:00,2011-09-19 13:32:00,82.3920754716981,2262,53,0
12753,23,6,21429.39,2,Champions,0,2010-12-12 11:44:00,2011-11-17 10:52:00,108.77862944162436,11421,132,339
12754,236,3,3010.74,0,Potential Loyalists,1,2011-02-04 10:31:00,2011-04-18 09:00:00,47.78952380952381,6481,49,72
12755,281,11,9030.66,3,Loyal Customers,1,2010-01-15 11:57:00,2011-03-04 12:42:00,141.1040625,3781,34,413
12756,87,1,112.07999999999998,0,Potential Loyalists,0,2011-09-14 09:31:00,2011-09-14 09:31:00,28.02,144,4,0
12757,16,13,7857.1,3,Loyal Customers,0,2011-05-12 19:01:00,2011-11-24 12:30:00,21.178167115902966,2402,237,195
12758,117,7,9903.24,3,Loyal Customers,0,2009-12-01 14:40:00,2011-08-15 10:22:00,31.639744408945685,6155,187,621
12759,52,8,5020.74,3,Loyal Customers,0,2009-12-04 10:47:00,2011-10-18 14:49:00,16.62496688741722,3202,206,683
12760,456,1,347.8,1,At Risk,1,2010-09-10 08:50:00,2010-09-10 08:50:00,16.561904761904763,198,21,0
12761,458,2,782.95,1,At Risk,1,2010-09-01 10:47:00,2010-09-08 12:17:00,28.99814814814815,281,27,7
12762,8,2,1898.52,0,Potential Loyalists,0,2011-11-14 14:23:00,2011-12-02 10:23:00,27.51478260869565,1227,62,17
12763,138,2,814.16,0,Potential Loyalists,0,2010-12-05 15:46:00,2011-07-24 14:12:00,23.945882352941176,512,16,230
12764,317,1,1693.88,1,At Risk,1,2011-01-27 10:19:00,2011-01-27 10:19:00,37.64177777777778,386,45,0
12765,472,6,1404.58,1,At Risk,1,2010-03-08 09:43:00,2010-08-24 13:51:00,20.65558823529412,1009,49,169
12766,4,9,10068.28,3,Loyal Customers,0,2010-10-28 09:29:00,2011-12-06 08:46:00,22.128087912087913,5446,253,403
12767,376,1,949.82,1,At Risk,1,2010-11-29 09:38:00,2010-11-29 09:38:00,22.088837209302326,598,43,0
12768,451,1,168.69000000000003,1,At Risk,1,2010-09-15 12:08:00,2010-09-15 12:08:00,16.869,102,10,0
12769,239,1,1143.6,0,Potential Loyalists,1,2011-04-15 10:25:00,2011-04-15 10:25:00,35.7375,356,32,0
12770,211,2,3246.45,0,Potential Loyalists,1,2010-09-09 11:43:00,2011-05-13 09:33:00,115.94464285714285,1843,19,245
12771,486,1,282.3,1,At Risk,1,2010-08-11 11:51:00,2010-08-11 11:51:00,18.82,104,15,0
12772,60,1,892.47,0,Potential Loyalists,0,2011-10-11 09:19:00,2011-10-11 09:19:00,16.226727272727274,556,55,0
12773,564,1,124.25,1,At Risk,1,2010-05-24 17:30:00,2010-05-24 17:30:00,20.708333333333332,109,6,0
12774,536,1,98.7,1,At Risk,1,2010-06-22 10:38:00,2010-06-22 10:38:00,16.45,53,6,0
12775,17,7,1686.12,0,Potential Loyalists,0,2010-10-26 14:24:00,2011-11-22 16:33:00,20.816296296296297,1083,55,392
12776,668,1,55.5,1,At Risk,1,2010-02-10 12:11:00,2010-02-10 12:11:00,13.875,46,4,0
12777,458,1,519.45,1,At Risk,1,2010-09-08 11:35:00,2010-09-08 11:35:00,19.978846153846156,458,26,0
12778,20,9,1775.68,0,Potential Loyalists,0,2010-04-16 09:57:00,2011-11-20 11:30:00,15.576140350877193,1735,77,583
12779,38,14,6722.27,3,Loyal Customers,0,2009-12-03 07:25:00,2011-11-02 11:43:00,24.26812274368231,3641,142,699
12780,599,1,337.4,1,At Risk,1,2010-04-20 09:40:00,2010-04-20 09:40:00,16.869999999999997,285,20,0
12781,64,2,826.74,0,Potential Loyalists,0,2011-02-28 08:43:00,2011-10-07 10:37:00,33.0696,671,25,221
12782,5,11,4618.24,3,Loyal Customers,0,2010-07-08 13:31:00,2011-12-05 09:16:00,20.344669603524228,2017,142,514
12783,2,6,2225.91,0,Potential Loyalists,0,2011-09-25 15:35:00,2011-12-07 15:56:00,26.49892857142857,624,76,73
12784,9,3,1804.75,0,Potential Loyalists,0,2010-06-28 13:06:00,2011-11-30 15:38:00,13.776717557251908,882,121,520
12785,364,3,1100.4,1,At Risk,1,2009-12-08 13:56:00,2010-12-10 13:48:00,19.650000000000002,453,42,366
12786,610,1,728.5,1,At Risk,1,2010-04-09 12:12:00,2010-04-09 12:12:00,40.47222222222223,324,18,0
12787,10,4,862.18,0,Potential Loyalists,0,2010-10-22 14:57:00,2011-11-30 08:44:00,19.595000000000002,510,30,403
12788,463,4,444.9,1,At Risk,1,2010-06-29 13:05:00,2010-09-02 14:21:00,17.111538461538462,194,20,65
12789,65,3,273.35,0,Potential Loyalists,0,2010-01-15 12:06:00,2011-10-05 13:34:00,34.16875,36,5,628
12790,192,2,591.85,0,Potential Loyalists,1,2010-10-25 13:04:00,2011-05-31 14:14:00,15.995945945945946,306,36,218
12791,374,6,1056.11,1,At Risk,1,2010-03-25 17:29:00,2010-12-01 11:27:00,35.20366666666667,450,17,250
12792,257,2,827.01,0,Potential Loyalists,1,2010-06-23 10:49:00,2011-03-28 11:36:00,17.59595744680851,394,39,278
12793,335,3,1017.33,1,At Risk,1,2010-11-03 13:05:00,2011-01-09 12:12:00,19.94764705882353,526,34,66
12794,53,2,860.41,0,Potential Loyalists,0,2011-09-02 12:01:00,2011-10-17 14:54:00,19.12022222222222,592,43,45
12795,19,1,430.48,0,Potential Loyalists,0,2011-11-21 10:27:00,2011-11-21 10:27:00,30.74857142857143,68,14,0
12796,628,1,381.0,1,At Risk,1,2010-03-21 15:49:00,2010-03-21 15:49:00,54.42857142857143,182,7,0
12797,366,2,806.11,1,At Risk,1,2010-10-11 12:53:00,2010-12-09 10:55:00,18.746744186046513,333,27,58
12798,10,4,8510.93,3,Loyal Customers,0,2010-10-14 12:27:00,2011-11-29 15:52:00,257.9069696969697,8455,27,411
12799,529,1,219.35,1,At Risk,1,2010-06-28 15:57:00,2010-06-28 15:57:00,14.623333333333333,137,15,0
12800,470,3,584.25,1,At Risk,1,2010-02-01 11:02:00,2010-08-26 14:11:00,17.183823529411764,284,31,206
12801,501,1,1071.82,1,At Risk,1,2010-07-27 09:38:00,2010-07-27 09:38:00,21.4364,505,50,0
12802,187,7,2416.42,0,Potential Loyalists,1,2010-05-25 09:34:00,2011-06-06 09:36:00,17.510289855072465,1972,108,377
12803,393,1,1092.81,1,At Risk,1,2010-11-11 14:57:00,2010-11-11 14:57:00,19.869272727272726,872,55,0
12804,466,2,327.02,1,At Risk,1,2010-07-27 13:52:00,2010-08-31 11:58:00,4.88089552238806,271,60,34
12805,382,4,1434.95,1,At Risk,1,2010-02-03 09:06:00,2010-11-23 12:27:00,24.74051724137931,593,44,293
12806,435,4,2878.96,1,At Risk,1,2010-04-30 10:44:00,2010-09-30 13:34:00,42.96955223880597,2087,58,153
12807,383,1,330.35,1,At Risk,1,2010-11-21 14:21:00,2010-11-21 14:21:00,20.646875,145,16,0
12808,37,5,906.1,0,Potential Loyalists,0,2010-09-03 10:24:00,2011-11-03 10:05:00,16.77962962962963,375,46,425
12809,178,3,1755.94,0,Potential Loyalists,0,2010-03-02 14:19:00,2011-06-15 10:51:00,21.67827160493827,518,75,469
12810,535,2,534.99,1,At Risk,1,2010-02-01 09:52:00,2010-06-23 10:53:00,16.7184375,389,32,142
12811,261,5,1033.9,0,Potential Loyalists,1,2010-10-08 12:20:00,2011-03-24 09:42:00,18.462500000000002,435,47,166
12812,45,1,229.64,0,Potential Loyalists,0,2011-10-26 09:54:00,2011-10-26 09:54:00,15.309333333333335,164,15,0
12813,502,3,1687.8,1,At Risk,1,2010-01-15 16:52:00,2010-07-26 09:50:00,37.50666666666667,1141,37,191
12814,102,1,125.92,0,Potential Loyalists,0,2011-08-30 12:11:00,2011-08-30 12:11:00,62.96,49,2,0
12815,148,2,1063.46,0,Potential Loyalists,0,2011-05-25 13:34:00,2011-07-15 10:21:00,22.6268085106383,379,38,50
12816,96,2,572.2,0,Potential Loyalists,0,2011-06-16 13:24:00,2011-09-05 12:41:00,19.731034482758623,128,27,80
12817,281,3,690.98,1,At Risk,1,2010-10-01 08:57:00,2011-03-03 16:28:00,27.639200000000002,219,16,153
12818,262,1,1542.08,0,Potential Loyalists,1,2011-03-23 12:06:00,2011-03-23 12:06:00,110.14857142857143,929,14,0
12819,458,1,540.52,1,At Risk,1,2010-09-07 15:20:00,2010-09-07 15:20:00,28.448421052631577,344,19,0
12820,3,11,2689.52,3,Loyal Customers,0,2009-12-05 13:37:00,2011-12-06 15:12:00,16.915220125786163,1964,131,731
12821,214,2,220.8,0,Potential Loyalists,1,2010-04-07 15:14:00,2011-05-09 15:51:00,16.984615384615385,162,13,397
12822,71,2,948.88,0,Potential Loyalists,0,2011-09-13 13:46:00,2011-09-30 10:04:00,20.62782608695652,550,41,16
12823,75,18,6501.5,3,Loyal Customers,0,2010-01-29 12:52:00,2011-09-26 07:35:00,361.19444444444446,930,1,604
12824,60,1,397.12,0,Potential Loyalists,0,2011-10-11 12:49:00,2011-10-11 12:49:00,15.8848,232,25,0
12825,521,2,518.63,1,At Risk,1,2010-03-08 10:17:00,2010-07-06 13:56:00,21.609583333333333,139,20,120
12826,3,12,2955.75,3,Loyal Customers,0,2009-12-18 10:43:00,2011-12-07 10:25:00,17.805722891566266,1995,93,718
12827,6,3,430.15,0,Potential Loyalists,0,2011-10-26 15:44:00,2011-12-04 12:17:00,17.206,197,19,38
12828,3,6,1018.71,0,Potential Loyalists,0,2011-08-01 16:16:00,2011-12-07 08:45:00,18.19125,494,46,127
12829,337,3,385.3,1,At Risk,1,2010-06-07 15:04:00,2011-01-07 11:13:00,20.278947368421054,550,17,213
12830,38,6,6814.64,3,Loyal Customers,0,2011-06-21 10:53:00,2011-11-02 11:54:00,179.33263157894737,9848,13,134
12831,262,3,451.11,0,Potential Loyalists,1,2010-09-02 15:58:00,2011-03-22 13:02:00,20.505,303,16,200
12832,32,2,383.03,0,Potential Loyalists,0,2011-09-02 13:48:00,2011-11-07 13:30:00,14.186296296296298,195,27,65
12833,145,1,417.38,0,Potential Loyalists,0,2011-07-17 13:46:00,2011-07-17 13:46:00,17.390833333333333,156,24,0
12834,283,1,312.38,1,At Risk,1,2011-03-02 09:49:00,2011-03-02 09:49:00,17.354444444444443,110,18,0
12835,428,41,6043.31,3,Loyal Customers,1,2009-12-03 12:13:00,2010-10-08 10:59:00,9.747274193548387,2357,138,308
12836,59,15,6585.62,3,Loyal Customers,0,2009-12-01 14:19:00,2011-10-11 15:10:00,15.907294685990339,2236,280,679
12837,173,2,688.41,0,Potential Loyalists,0,2010-05-19 15:10:00,2011-06-19 16:07:00,7.482717391304347,209,83,396
12838,34,10,3398.48,3,Loyal Customers,0,2010-04-26 09:59:00,2011-11-06 12:20:00,8.034231678486998,1845,230,559
12839,3,26,10071.73,3,Loyal Customers,0,2009-12-07 09:18:00,2011-12-07 12:33:00,17.48564236111111,6849,156,730
12840,144,7,4041.97,0,Potential Loyalists,0,2010-02-03 14:51:00,2011-07-19 09:29:00,22.96573863636364,2258,109,530
12841,5,40,7540.68,2,Champions,0,2010-07-08 15:38:00,2011-12-05 11:13:00,10.741709401709402,5414,307,514
12842,70,4,1917.99,0,Potential Loyalists,0,2009-12-02 08:15:00,2011-09-30 15:33:00,39.958125,887,45,667
12843,66,30,6588.41,3,Loyal Customers,0,2009-12-13 11:41:00,2011-10-05 12:09:00,29.81180995475113,3031,130,661
12844,29,4,648.6,0,Potential Loyalists,0,2010-04-25 11:51:00,2011-11-10 13:31:00,6.297087378640777,223,88,564
12845,267,4,354.09,0,Potential Loyalists,1,2011-02-22 14:10:00,2011-03-17 13:34:00,13.114444444444446,204,26,22
12846,682,1,15.58,1,At Risk,1,2010-01-26 16:29:00,2010-01-26 16:29:00,15.58,1,1,0
12847,22,2,1636.9,0,Potential Loyalists,0,2010-11-17 12:44:00,2011-11-17 13:16:00,12.99126984126984,1533,100,365
12848,676,1,208.0,1,At Risk,1,2010-02-02 12:45:00,2010-02-02 12:45:00,13.0,58,16,0
12849,31,6,3090.56,0,Potential Loyalists,0,2010-04-27 13:44:00,2011-11-08 13:41:00,20.88216216216216,1882,123,559
12850,446,1,330.0,1,At Risk,1,2010-09-20 12:26:00,2010-09-20 12:26:00,165.0,200,2,0
12851,97,2,284.13,0,Potential Loyalists,0,2010-08-19 15:13:00,2011-09-04 12:41:00,3.551625,160,71,380
12852,295,1,311.55,1,At Risk,1,2011-02-18 08:47:00,2011-02-18 08:47:00,18.326470588235296,149,17,0
12853,135,11,3907.5,3,Loyal Customers,0,2010-02-05 11:57:00,2011-07-28 11:29:00,26.402027027027028,1668,111,537
12854,79,7,2994.02,0,Potential Loyalists,0,2009-12-11 12:55:00,2011-09-22 12:15:00,11.298188679245284,1635,188,649
12855,373,4,650.9399999999999,1,At Risk,1,2010-11-02 18:16:00,2010-12-02 09:37:00,9.299142857142858,270,65,29
12856,8,6,2179.93,0,Potential Loyalists,0,2011-10-07 12:38:00,2011-12-02 10:52:00,6.942452229299363,1079,155,55
12857,211,6,3688.0,0,Potential Loyalists,1,2010-01-25 15:37:00,2011-05-13 10:20:00,30.479338842975206,1420,71,472
12858,383,1,177.92,1,At Risk,1,2010-11-21 12:55:00,2010-11-21 12:55:00,3.631020408163265,63,36,0
12859,459,1,575.1,1,At Risk,1,2010-09-07 12:20:00,2010-09-07 12:20:00,27.385714285714286,292,21,0
12860,693,1,55.47,1,At Risk,1,2010-01-15 15:22:00,2010-01-15 15:22:00,3.262941176470588,27,16,0
12861,620,1,68.25,1,At Risk,1,2010-03-30 11:39:00,2010-03-30 11:39:00,17.0625,27,4,0
12862,426,2,1008.32,1,At Risk,1,2010-08-01 15:20:00,2010-10-10 11:47:00,7.581353383458647,613,119,69
12863,52,6,2792.55,0,Potential Loyalists,0,2010-04-29 13:54:00,2011-10-18 14:15:00,58.178125,895,24,537
12864,138,2,299.57,0,Potential Loyalists,0,2010-07-19 17:22:00,2011-07-24 13:03:00,42.79571428571428,447,5,369
12865,26,4,3323.47,0,Potential Loyalists,0,2010-08-20 12:20:00,2011-11-13 14:31:00,17.0434358974359,1973,156,450
12866,283,3,1227.35,1,At Risk,1,2010-07-25 11:37:00,2011-03-01 14:11:00,19.48174603174603,553,58,219
12867,26,13,7913.29,3,Loyal Customers,0,2009-12-16 16:25:00,2011-11-13 15:30:00,7.444299153339605,7939,365,696
12868,186,8,2247.06,0,Potential Loyalists,1,2010-11-12 10:05:00,2011-06-07 10:42:00,15.39082191780822,1282,86,207
12869,682,1,337.67,1,At Risk,1,2010-01-27 12:10:00,2010-01-27 12:10:00,9.126216216216216,144,35,0
12870,375,3,1676.95,1,At Risk,1,2010-03-25 14:32:00,2010-11-29 13:42:00,18.031720430107526,906,85,248
12871,84,3,744.02,0,Potential Loyalists,0,2010-09-26 10:34:00,2011-09-16 15:07:00,41.33444444444444,484,13,355
12872,327,12,3685.49,3,Loyal Customers,1,2009-12-03 20:03:00,2011-01-17 10:52:00,8.452958715596331,1855,217,409
12873,282,3,2027.3,0,Potential Loyalists,1,2010-01-27 09:50:00,2011-03-02 14:58:00,57.92285714285714,786,33,399
12874,385,2,948.42,1,At Risk,1,2010-06-03 12:51:00,2010-11-19 15:23:00,19.75875,623,44,169
12875,143,5,1356.99,0,Potential Loyalists,0,2010-01-11 12:37:00,2011-07-19 15:30:00,169.62375000000003,5187,2,554
12876,58,4,4081.79,0,Potential Loyalists,0,2010-04-28 13:26:00,2011-10-13 12:26:00,24.010529411764704,3047,117,532
12877,4,20,2955.17,3,Loyal Customers,0,2010-01-18 10:23:00,2011-12-06 10:30:00,10.668483754512636,2262,149,687
12878,236,2,854.99,0,Potential Loyalists,1,2011-03-18 14:02:00,2011-04-17 13:07:00,18.191276595744682,547,38,29
12879,45,3,573.22,0,Potential Loyalists,0,2011-09-09 12:11:00,2011-10-26 12:24:00,57.322,370,7,47
12880,382,2,640.13,1,At Risk,1,2010-05-14 11:57:00,2010-11-23 10:50:00,17.781388888888888,279,32,192
12881,276,1,298.0,1,At Risk,1,2011-03-09 11:44:00,2011-03-09 11:44:00,42.57142857142857,21,7,0
12882,9,2,1463.04,0,Potential Loyalists,0,2011-11-06 11:22:00,2011-11-30 16:18:00,112.54153846153847,246,12,24
12883,25,4,703.47,0,Potential Loyalists,0,2011-09-11 15:18:00,2011-11-15 09:32:00,16.749285714285715,196,39,64
12884,88,1,309.05,0,Potential Loyalists,0,2011-09-12 13:10:00,2011-09-12 13:10:00,44.15,43,7,0
12885,63,3,1175.22,0,Potential Loyalists,0,2011-08-08 11:45:00,2011-10-07 13:40:00,16.552394366197184,655,66,60
12886,68,2,1378.4,0,Potential Loyalists,0,2011-05-04 11:21:00,2011-10-03 10:09:00,16.809756097560978,770,75,151
12887,384,1,222.4,1,At Risk,1,2010-11-21 11:18:00,2010-11-21 11:18:00,17.107692307692307,100,13,0
12888,214,2,354.12,0,Potential Loyalists,1,2011-03-29 14:31:00,2011-05-09 16:02:00,70.824,76,4,41
12889,381,4,385.46,1,At Risk,1,2010-07-25 14:32:00,2010-11-23 16:08:00,15.418400000000002,124,25,121
12890,24,2,717.27,0,Potential Loyalists,0,2010-11-17 14:05:00,2011-11-15 17:26:00,5.16021582733813,466,124,363
12891,186,11,840.5,0,Potential Loyalists,1,2010-02-18 14:32:00,2011-06-07 12:31:00,76.4090909090909,2325,2,473
12892,397,1,263.38,1,At Risk,1,2010-11-08 09:51:00,2010-11-08 09:51:00,14.632222222222222,140,18,0
12893,31,1,188.14,0,Potential Loyalists,0,2011-11-09 12:34:00,2011-11-09 12:34:00,5.533529411764706,96,27,0
12894,575,1,157.35,1,At Risk,1,2010-05-13 14:47:00,2010-05-13 14:47:00,7.492857142857143,33,21,0
12895,42,2,372.8,0,Potential Loyalists,0,2011-09-14 08:35:00,2011-10-28 13:51:00,16.945454545454545,210,22,44
12897,205,4,514.25,0,Potential Loyalists,1,2010-06-14 11:58:00,2011-05-19 12:13:00,36.732142857142854,249,10,339
12898,464,2,310.96000000000004,1,At Risk,1,2010-02-18 12:36:00,2010-09-02 08:08:00,9.7175,240,27,195
12899,414,1,366.4,1,At Risk,1,2010-10-22 09:53:00,2010-10-22 09:53:00,21.552941176470586,108,17,0
12900,422,1,340.33,1,At Risk,1,2010-10-13 15:17:00,2010-10-13 15:17:00,26.179230769230774,139,13,0
12901,9,28,17654.54,2,Champions,0,2011-03-14 10:41:00,2011-12-01 10:07:00,152.19431034482758,23075,30,261
12902,265,1,138.68,0,Potential Loyalists,1,2011-03-20 12:06:00,2011-03-20 12:06:00,13.868,66,10,0
12903,429,1,833.53,1,At Risk,1,2010-10-07 12:39:00,2010-10-07 12:39:00,20.330000000000002,493,41,0
12904,18,2,509.58,0,Potential Loyalists,0,2011-06-20 13:18:00,2011-11-21 14:34:00,7.0775,302,59,154
12905,577,2,1018.42,1,At Risk,1,2010-01-26 14:06:00,2010-05-12 10:05:00,18.85962962962963,532,52,105
12906,12,5,2919.81,0,Potential Loyalists,0,2011-09-22 15:03:00,2011-11-28 09:55:00,46.34619047619047,1749,55,66
12907,396,2,508.91,1,At Risk,1,2010-08-02 14:33:00,2010-11-09 12:08:00,20.3564,177,23,98
12908,176,5,1776.0,0,Potential Loyalists,0,2010-03-19 15:59:00,2011-06-16 15:39:00,355.2,3000,1,453
12909,40,8,3103.19,0,Potential Loyalists,0,2010-02-24 12:14:00,2011-10-31 12:43:00,19.640443037974684,1948,120,614
12910,23,13,5796.52,3,Loyal Customers,0,2010-03-28 13:10:00,2011-11-16 14:28:00,42.31036496350365,3632,75,598
12911,552,1,1680.47,1,At Risk,1,2010-06-06 12:13:00,2010-06-06 12:13:00,6.77608870967742,820,220,0
12912,3,5,1662.3,0,Potential Loyalists,0,2011-10-30 11:35:00,2011-12-07 08:55:00,69.2625,670,17,37
12913,5,13,6700.860000000001,3,Loyal Customers,0,2009-12-01 12:18:00,2011-12-05 12:11:00,69.800625,3232,52,733
12914,401,1,223.98,1,At Risk,1,2010-11-04 12:28:00,2010-11-04 12:28:00,24.886666666666667,336,9,0
12915,149,4,1174.75,0,Potential Loyalists,0,2010-04-29 19:36:00,2011-07-14 11:34:00,16.09246575342466,452,46,440
12916,139,7,4654.02,0,Potential Loyalists,0,2010-01-24 11:26:00,2011-07-24 10:35:00,25.293586956521743,1774,82,545
12917,128,6,4359.2,0,Potential Loyalists,0,2009-12-09 14:22:00,2011-08-03 16:42:00,87.184,1104,45,602
12918,626,1,10953.5,1,At Risk,1,2010-03-23 15:22:00,2010-03-23 15:22:00,10953.5,1,1,0
12919,8,6,1335.19,0,Potential Loyalists,0,2011-06-23 09:22:00,2011-12-01 13:47:00,26.7038,673,34,161
12920,17,4,488.09,0,Potential Loyalists,0,2009-12-14 15:58:00,2011-11-22 15:05:00,8.134833333333335,421,59,707
12921,9,46,29730.420199999626,2,Champions,0,2009-12-01 13:43:00,2011-11-30 16:22:00,23.41658409387223,21708,322,729
12922,161,1,405.38,0,Potential Loyalists,0,2011-07-01 15:35:00,2011-07-01 15:35:00,14.477857142857143,370,28,0
12923,64,3,789.87,0,Potential Loyalists,0,2010-05-13 14:55:00,2011-10-06 16:20:00,12.73983870967742,237,54,511
12924,88,12,2469.4,3,Loyal Customers,0,2009-12-09 12:40:00,2011-09-12 13:55:00,33.37027027027027,1423,56,642
12925,5,3,729.3299999999999,0,Potential Loyalists,0,2010-04-26 10:32:00,2011-12-05 11:11:00,14.5866,649,46,588
12926,411,4,1548.46,1,At Risk,1,2009-12-14 14:35:00,2010-10-24 15:57:00,5.651313868613139,766,202,314
12927,395,1,197.31,1,At Risk,1,2010-11-10 10:02:00,2010-11-10 10:02:00,17.937272727272727,145,11,0
12928,35,12,4304.89,3,Loyal Customers,0,2010-06-08 10:16:00,2011-11-04 14:24:00,24.049664804469277,2899,94,514
12929,312,1,117.85,1,At Risk,1,2011-02-01 12:08:00,2011-02-01 12:08:00,14.73125,37,8,0
12930,78,2,415.8,0,Potential Loyalists,0,2011-06-21 13:25:00,2011-09-22 15:18:00,16.632,252,20,93
12931,22,46,29730.420199999626,2,Champions,0,2009-12-01 11:46:00,2011-11-18 12:39:00,423.61165137614677,62906,37,717
12932,539,8,1698.56,1,At Risk,1,2010-02-10 08:46:00,2010-06-18 14:22:00,17.87957894736842,1609,69,128
12933,24,8,1687.03,0,Potential Loyalists,0,2009-12-10 16:39:00,2011-11-15 16:38:00,5.699425675675675,959,227,704
12934,737,1,181.65,1,At Risk,1,2009-12-03 10:51:00,2009-12-03 10:51:00,90.825,31,2,0
12935,2,15,4243.86,3,Loyal Customers,0,2010-04-11 15:59:00,2011-12-07 17:25:00,16.70811023622047,3201,113,605
12936,17,4,1063.9,0,Potential Loyalists,0,2011-09-22 13:51:00,2011-11-22 17:32:00,17.15967741935484,559,56,61
12937,15,9,3097.61,0,Potential Loyalists,0,2009-12-03 15:43:00,2011-11-24 15:05:00,14.274700460829493,1983,128,720
12938,26,1,114.14,0,Potential Loyalists,0,2011-11-14 11:21:00,2011-11-14 11:21:00,12.682222222222222,140,9,0
12939,64,20,25264.8,2,Champions,0,2010-01-12 11:27:00,2011-10-06 14:33:00,293.7767441860465,10328,24,632
12940,55,2,913.54,0,Potential Loyalists,0,2011-09-13 10:16:00,2011-10-16 12:09:00,9.227676767676767,411,87,33
12941,724,1,377.49,1,At Risk,1,2009-12-15 13:12:00,2009-12-15 13:12:00,13.981111111111112,381,27,0
12942,131,3,942.65,0,Potential Loyalists,0,2010-12-09 09:34:00,2011-07-31 14:39:00,10.358791208791208,272,68,234
12943,558,2,496.5,1,At Risk,1,2010-04-13 11:03:00,2010-05-30 13:52:00,19.86,222,22,47
12944,36,2,604.51,0,Potential Loyalists,0,2010-12-20 10:41:00,2011-11-04 11:04:00,20.150333333333332,289,29,319
12945,288,2,900.11,1,At Risk,1,2010-02-21 15:18:00,2011-02-24 14:15:00,17.64921568627451,446,47,367
12946,437,1,324.45,1,At Risk,1,2010-09-29 10:14:00,2010-09-29 10:14:00,16.2225,149,20,0
12947,144,6,1908.03,0,Potential Loyalists,0,2010-12-01 16:21:00,2011-07-19 10:06:00,16.737105263157893,1349,83,229
12948,16,9,2317.43,0,Potential Loyalists,0,2009-12-02 12:28:00,2011-11-23 17:10:00,18.53944,1304,89,721
12949,31,22,15526.7,2,Champions,0,2009-12-03 15:56:00,2011-11-09 11:25:00,21.715664335664336,8233,347,705
12950,2,3,1843.0,0,Potential Loyalists,0,2011-11-15 13:48:00,2011-12-07 13:17:00,80.1304347826087,1380,13,21
12951,9,15,3213.7200000000003,3,Loyal Customers,0,2010-01-10 12:43:00,2011-12-01 12:14:00,16.56556701030928,1662,110,689
12952,6,4,1387.79,0,Potential Loyalists,0,2011-09-22 16:37:00,2011-12-04 10:35:00,17.566962025316457,653,64,72
12953,10,2,828.8100000000001,0,Potential Loyalists,0,2010-07-05 13:37:00,2011-11-30 09:24:00,17.266875000000002,364,45,512
12954,639,1,162.45,1,At Risk,1,2010-03-11 10:16:00,2010-03-11 10:16:00,16.244999999999997,83,10,0
12955,1,11,4757.16,3,Loyal Customers,0,2011-03-17 09:03:00,2011-12-08 16:29:00,26.428666666666665,3664,81,266
12956,306,4,521.89,1,At Risk,1,2009-12-15 19:03:00,2011-02-06 16:08:00,12.425952380952381,340,42,417
12957,10,13,8706.97,3,Loyal Customers,0,2009-12-11 12:01:00,2011-11-30 09:53:00,17.769326530612243,4686,402,718
12958,400,2,539.49,1,At Risk,1,2010-05-05 16:22:00,2010-11-04 16:16:00,9.464736842105264,131,45,182
12959,484,1,150.95,1,At Risk,1,2010-08-12 17:20:00,2010-08-12 17:20:00,18.86875,109,8,0
12960,414,4,1322.07,1,At Risk,1,2010-02-16 13:32:00,2010-10-22 09:31:00,18.886714285714287,1379,49,247
12961,379,1,211.99,1,At Risk,1,2010-11-25 16:44:00,2010-11-25 16:44:00,5.29975,180,37,0
12962,7,2,266.39,0,Potential Loyalists,0,2011-08-18 13:38:00,2011-12-02 15:55:00,16.649375,129,15,106
12963,8,12,3601.59,3,Loyal Customers,0,2010-07-08 14:45:00,2011-12-01 12:55:00,18.955736842105264,1809,129,510
12964,437,1,132.24,1,At Risk,1,2010-09-28 17:47:00,2010-09-28 17:47:00,5.086153846153847,56,26,0
12965,89,1,771.91,0,Potential Loyalists,0,2011-09-11 15:31:00,2011-09-11 15:31:00,7.081743119266055,283,108,0
12966,10,1,160.18,0,Potential Loyalists,0,2011-11-30 12:38:00,2011-11-30 12:38:00,16.018,75,10,0
12967,358,3,4306.92,1,At Risk,1,2010-11-21 11:03:00,2010-12-16 19:10:00,53.8365,1272,47,25
12968,112,1,135.95,0,Potential Loyalists,0,2011-08-19 15:44:00,2011-08-19 15:44:00,27.189999999999998,73,5,0
12969,603,1,122.45,1,At Risk,1,2010-04-16 10:50:00,2010-04-16 10:50:00,24.490000000000002,55,5,0
12970,7,10,1524.97,0,Potential Loyalists,0,2009-12-04 14:19:00,2011-12-02 14:30:00,3.9816449086161882,1014,280,728
12971,4,46,15972.79,2,Champions,0,2009-12-15 19:04:00,2011-12-06 12:20:00,37.58303529411765,14587,102,720
12972,414,4,1161.2,1,At Risk,1,2010-02-16 14:30:00,2010-10-22 08:41:00,15.08051948051948,844,69,247
12973,414,1,385.55,1,At Risk,1,2010-10-22 10:14:00,2010-10-22 10:14:00,64.25833333333334,31,6,0
12974,198,2,408.95,0,Potential Loyalists,1,2010-05-23 11:45:00,2011-05-26 09:33:00,12.7796875,104,27,367
12975,437,6,2100.09,1,At Risk,1,2009-12-06 10:38:00,2010-09-29 09:46:00,18.750803571428573,911,92,296
12976,212,8,3156.38,0,Potential Loyalists,1,2010-02-12 15:46:00,2011-05-12 09:55:00,20.495974025974025,2684,106,453
12977,156,4,517.63,0,Potential Loyalists,0,2010-07-16 16:25:00,2011-07-06 16:40:00,8.773389830508474,131,54,355
12978,385,5,2502.82,1,At Risk,1,2009-12-10 12:10:00,2010-11-19 14:29:00,15.35472392638037,1394,126,344
12979,729,1,517.7,1,At Risk,1,2009-12-10 15:45:00,2009-12-10 15:45:00,9.244642857142859,520,56,0
12980,158,21,16245.78,2,Champions,0,2009-12-02 11:26:00,2011-07-05 09:34:00,312.4188461538462,1910,7,579
12981,30,2,372.22,0,Potential Loyalists,0,2011-07-29 14:14:00,2011-11-10 12:00:00,18.610999999999997,242,12,103
12982,243,8,2744.81,0,Potential Loyalists,1,2010-04-12 13:50:00,2011-04-11 11:51:00,15.420280898876404,1729,139,363
12983,598,1,490.08,1,At Risk,1,2010-04-20 12:58:00,2010-04-20 12:58:00,16.336,638,30,0
12984,19,1,97.5,0,Potential Loyalists,0,2011-11-21 12:37:00,2011-11-21 12:37:00,24.375,26,4,0
12985,1,2,1239.38,0,Potential Loyalists,0,2011-11-11 12:44:00,2011-12-09 10:46:00,16.30763157894737,1533,73,27
12986,429,10,2729.84,1,At Risk,1,2010-01-21 10:45:00,2010-10-07 11:57:00,26.763137254901963,1164,61,259
12987,74,5,1312.21,0,Potential Loyalists,0,2010-01-20 09:57:00,2011-09-27 12:03:00,19.881969696969698,585,61,615
12988,292,1,535.32,1,At Risk,1,2011-02-20 14:31:00,2011-02-20 14:31:00,5.818695652173914,136,75,0
12989,3,33,13551.75,2,Champions,0,2009-12-10 13:27:00,2011-12-06 15:28:00,139.70876288659792,6935,50,726
12990,31,7,955.5,0,Potential Loyalists,0,2010-03-30 11:36:00,2011-11-08 13:01:00,35.388888888888886,480,9,588
12991,23,3,764.82,0,Potential Loyalists,0,2010-11-15 13:43:00,2011-11-16 15:34:00,16.996000000000002,483,45,366
12992,725,1,93.35,1,At Risk,1,2009-12-14 16:46:00,2009-12-14 16:46:00,15.558333333333332,21,6,0
12993,23,8,1259.63,0,Potential Loyalists,0,2010-02-18 10:35:00,2011-11-16 15:49:00,16.574078947368424,751,57,636
12994,4,3,974.42,0,Potential Loyalists,0,2011-03-16 08:31:00,2011-12-05 15:43:00,15.974098360655738,459,52,264
12995,85,1,211.32,0,Potential Loyalists,0,2011-09-15 15:44:00,2011-09-15 15:44:00,70.44,108,3,0
12996,376,1,355.5,1,At Risk,1,2010-11-29 09:27:00,2010-11-29 09:27:00,16.15909090909091,122,22,0
12997,22,8,2110.91,0,Potential Loyalists,0,2010-04-06 11:06:00,2011-11-17 15:47:00,19.728130841121494,1186,65,590
12998,493,3,920.08,1,At Risk,1,2010-02-24 11:55:00,2010-08-04 08:05:00,15.86344827586207,1124,58,160
12999,196,3,455.88,0,Potential Loyalists,1,2011-04-08 10:26:00,2011-05-27 13:24:00,16.28142857142857,342,25,49
13000,107,4,1032.5,0,Potential Loyalists,0,2009-12-14 17:03:00,2011-08-25 10:43:00,16.653225806451612,548,57,618
13001,4,33,24172.1,2,Champions,0,2009-12-03 16:21:00,2011-12-05 14:51:00,23.559551656920082,13539,300,731
13002,318,3,414.13,1,At Risk,1,2010-10-01 11:58:00,2011-01-25 15:18:00,18.00565217391304,201,19,116
13003,106,3,149.05,0,Potential Loyalists,0,2011-05-09 08:23:00,2011-08-26 10:50:00,24.84166666666667,103,4,109
13004,12,36,11650.85,2,Champions,0,2009-12-15 09:44:00,2011-11-28 11:27:00,14.295521472392638,8768,417,713
13005,174,4,999.68,0,Potential Loyalists,0,2010-09-08 12:52:00,2011-06-19 10:53:00,17.85142857142857,462,41,283
13006,56,1,81.57,0,Potential Loyalists,0,2011-10-14 13:49:00,2011-10-14 13:49:00,20.3925,55,4,0
13007,580,1,175.25,1,At Risk,1,2010-05-09 10:38:00,2010-05-09 10:38:00,15.931818181818182,59,11,0
13008,323,3,612.13,1,At Risk,1,2009-12-16 16:07:00,2011-01-20 14:24:00,17.489428571428572,379,31,399
13009,673,1,234.0,1,At Risk,1,2010-02-05 12:22:00,2010-02-05 12:22:00,58.5,120,4,0
13010,374,2,330.12,1,At Risk,1,2010-03-01 11:28:00,2010-11-30 15:09:00,27.51,323,10,274
13011,372,1,101.1,1,At Risk,1,2010-12-02 17:22:00,2010-12-02 17:22:00,16.85,26,3,0
13012,9,11,2972.83,3,Loyal Customers,0,2010-04-26 14:14:00,2011-11-30 13:05:00,19.30409090909091,1563,95,582
13013,1,29,12625.77,2,Champions,0,2009-12-14 10:34:00,2011-12-08 15:01:00,22.790198555956678,6463,289,724
13014,11,11,5381.08,3,Loyal Customers,0,2010-10-03 11:35:00,2011-11-29 12:27:00,24.02267857142857,1979,140,422
13015,53,11,6586.42,3,Loyal Customers,0,2010-04-15 16:35:00,2011-10-17 13:19:00,18.872263610315187,3535,260,549
13016,73,3,789.89,0,Potential Loyalists,0,2011-08-08 15:00:00,2011-09-27 14:08:00,16.806170212765956,527,39,49
13017,7,1,204.0,0,Potential Loyalists,0,2011-12-02 15:53:00,2011-12-02 15:53:00,204.0,48,1,0
13018,16,35,9763.16,2,Champions,0,2010-03-01 12:34:00,2011-11-23 13:28:00,16.190978441127694,6746,401,632
13019,379,6,1229.95,1,At Risk,1,2009-12-06 15:40:00,2010-11-25 14:56:00,22.362727272727273,397,46,353
13020,563,2,618.96,1,At Risk,1,2010-02-18 10:35:00,2010-05-26 11:12:00,15.870769230769232,278,38,97
13021,4,17,4887.24,3,Loyal Customers,0,2009-12-05 12:02:00,2011-12-05 16:37:00,19.016498054474706,2546,166,730
13022,430,1,65.3,1,At Risk,1,2010-10-06 10:50:00,2010-10-06 10:50:00,13.059999999999999,35,5,0
13023,64,3,1449.03,0,Potential Loyalists,0,2010-06-29 09:51:00,2011-10-06 16:27:00,19.066184210526316,585,69,464
13024,471,2,555.87,1,At Risk,1,2010-05-06 14:25:00,2010-08-26 09:42:00,17.931290322580644,181,26,111
13025,732,1,323.39,1,At Risk,1,2009-12-08 10:02:00,2009-12-08 10:02:00,24.876153846153844,241,13,0
13026,1,9,1733.08,0,Potential Loyalists,0,2009-12-13 11:34:00,2011-12-08 16:58:00,21.13512195121951,2466,52,725
13027,114,19,17335.2,2,Champions,0,2010-01-20 10:41:00,2011-08-18 09:39:00,201.57209302325583,43080,7,574
13028,23,2,661.3199999999999,0,Potential Loyalists,0,2011-10-25 14:09:00,2011-11-17 11:10:00,14.695999999999998,798,40,22
13029,31,5,1927.3,0,Potential Loyalists,0,2010-07-04 13:46:00,2011-11-09 09:13:00,113.37058823529412,194,13,492
13030,11,2,1227.22,0,Potential Loyalists,0,2010-12-06 14:31:00,2011-11-28 14:30:00,7.718364779874214,598,76,356
13031,407,5,3419.27,1,At Risk,1,2010-06-03 14:57:00,2010-10-28 15:34:00,7.860390804597701,2399,275,147
13032,52,9,2843.55,0,Potential Loyalists,0,2010-09-05 14:01:00,2011-10-18 15:54:00,13.412971698113209,1281,147,408
13033,357,2,220.55,1,At Risk,1,2010-10-06 09:37:00,2010-12-17 14:23:00,16.965384615384615,98,12,72
13034,55,3,922.68,0,Potential Loyalists,0,2010-11-03 15:22:00,2011-10-16 12:21:00,16.776,522,42,346
13035,74,3,1364.2,0,Potential Loyalists,0,2010-10-04 15:41:00,2011-09-27 08:57:00,32.48095238095238,926,27,357
13036,685,1,307.1,1,At Risk,1,2010-01-24 11:35:00,2010-01-24 11:35:00,51.18333333333334,38,6,0
13037,138,12,3914.95,3,Loyal Customers,0,2009-12-03 17:04:00,2011-07-24 15:46:00,16.87478448275862,2130,181,597
13038,80,3,908.46,0,Potential Loyalists,0,2011-02-22 11:43:00,2011-09-20 14:37:00,32.445,360,24,210
13039,584,4,1010.73,1,At Risk,1,2009-12-17 16:43:00,2010-05-04 16:45:00,18.37690909090909,290,37,138
13040,9,2,676.99,0,Potential Loyalists,0,2011-11-06 13:53:00,2011-12-01 10:38:00,15.743953488372092,355,38,24
13041,451,4,799.13,1,At Risk,1,2010-04-29 08:43:00,2010-09-15 11:44:00,22.832285714285714,335,23,139
13042,598,3,1556.54,1,At Risk,1,2009-12-07 15:42:00,2010-04-20 13:43:00,7.82180904522613,830,164,133
13043,273,1,516.42,1,At Risk,1,2011-03-11 14:52:00,2011-03-11 14:52:00,39.72461538461538,254,13,0
13044,291,11,4853.9,3,Loyal Customers,1,2010-01-08 14:46:00,2011-02-21 15:20:00,11.584486873508352,2553,356,409
13045,99,3,808.92,0,Potential Loyalists,0,2010-08-10 13:02:00,2011-09-01 15:04:00,17.976000000000003,405,41,387
13046,31,3,949.25,0,Potential Loyalists,0,2010-09-09 13:09:00,2011-11-09 08:36:00,16.950892857142858,505,50,425
13047,32,24,8795.16,3,Loyal Customers,0,2009-12-16 11:43:00,2011-11-08 12:06:00,22.266227848101266,3429,190,692
13048,14,9,4084.21,3,Loyal Customers,0,2010-01-27 12:55:00,2011-11-25 13:23:00,15.239589552238806,2705,125,667
13049,64,4,1408.24,0,Potential Loyalists,0,2010-11-03 15:39:00,2011-10-06 15:31:00,54.16307692307692,620,19,336
13050,15,35,12344.53,2,Champions,0,2009-12-15 15:06:00,2011-11-25 09:18:00,12.23442021803766,7206,513,709
13051,579,2,155.8,1,At Risk,1,2010-03-30 11:11:00,2010-05-10 09:14:00,38.95,72,4,40
13052,212,7,3168.53,0,Potential Loyalists,1,2010-02-23 12:31:00,2011-05-11 14:12:00,12.523833992094863,1454,161,442
13053,622,1,127.65,1,At Risk,1,2010-03-28 11:28:00,2010-03-28 11:28:00,7.508823529411765,47,17,0
13055,78,4,2321.11,0,Potential Loyalists,0,2010-10-06 08:17:00,2011-09-22 14:26:00,15.072142857142858,1821,145,351
13056,551,1,209.48,1,At Risk,1,2010-06-06 14:10:00,2010-06-06 14:10:00,11.025263157894736,158,18,0
13057,530,3,722.09,1,At Risk,1,2010-03-18 12:14:00,2010-06-27 15:44:00,17.611951219512196,466,34,101
13058,25,3,271.40000000000003,0,Potential Loyalists,0,2011-07-11 12:01:00,2011-11-15 12:43:00,33.925000000000004,52,5,127
13059,250,10,2303.17,0,Potential Loyalists,1,2010-03-31 12:23:00,2011-04-04 10:40:00,11.401831683168318,864,155,368
13060,254,1,307.53,0,Potential Loyalists,1,2011-03-31 11:37:00,2011-03-31 11:37:00,20.502000000000002,123,15,0
13061,72,1,248.61,0,Potential Loyalists,0,2011-09-28 16:04:00,2011-09-28 16:04:00,24.861,107,10,0
13062,191,1,346.98,0,Potential Loyalists,1,2011-06-01 15:12:00,2011-06-01 15:12:00,31.543636363636367,343,11,0
13063,481,1,188.4,1,At Risk,1,2010-08-16 12:27:00,2010-08-16 12:27:00,15.700000000000001,116,12,0
13064,13,6,1680.74,0,Potential Loyalists,0,2010-04-27 10:08:00,2011-11-27 12:31:00,17.880212765957445,670,58,579
13065,373,5,1260.91,1,At Risk,1,2010-06-10 11:44:00,2010-12-01 16:52:00,16.59092105263158,455,49,174
13066,24,2,470.8,0,Potential Loyalists,0,2011-11-07 17:06:00,2011-11-15 12:57:00,9.808333333333334,322,48,7
13067,82,3,508.51,0,Potential Loyalists,0,2010-09-19 13:43:00,2011-09-18 13:38:00,15.8909375,131,24,363
13068,10,2,344.0,0,Potential Loyalists,0,2011-01-24 08:20:00,2011-11-29 15:00:00,172.0,200,1,309
13069,1,38,9683.13,2,Champions,0,2010-06-14 14:27:00,2011-12-09 08:39:00,8.676639784946236,15404,573,542
13070,192,4,751.7,0,Potential Loyalists,1,2009-12-07 14:44:00,2011-05-31 13:45:00,22.77878787878788,372,12,539
13071,612,1,129.22,1,At Risk,1,2010-04-06 13:37:00,2010-04-06 13:37:00,10.768333333333333,30,12,0
13072,267,1,177.15,0,Potential Loyalists,1,2011-03-18 08:12:00,2011-03-18 08:12:00,25.307142857142857,69,7,0
13073,411,2,418.08,1,At Risk,1,2010-09-28 09:27:00,2010-10-24 14:06:00,15.484444444444444,261,25,26
13074,511,4,1378.74,1,At Risk,1,2009-12-16 11:46:00,2010-07-16 16:53:00,47.54275862068965,826,26,212
13075,130,1,919.61,0,Potential Loyalists,0,2011-08-02 10:19:00,2011-08-02 10:19:00,41.80045454545455,485,22,0
13076,458,1,135.4,1,At Risk,1,2010-09-08 10:27:00,2010-09-08 10:27:00,15.044444444444444,44,9,0
13077,1,11,3064.67,3,Loyal Customers,0,2009-12-11 11:17:00,2011-12-08 19:24:00,8.831902017291066,2785,208,727
13078,3,46,29532.45,2,Champions,0,2009-12-01 09:06:00,2011-12-06 15:36:00,36.86947565543071,12183,153,735
13079,4,6,419.18,0,Potential Loyalists,0,2010-10-18 14:15:00,2011-12-05 16:53:00,24.657647058823528,158,11,413
13080,179,4,280.73,0,Potential Loyalists,0,2010-04-09 13:07:00,2011-06-13 14:59:00,14.775263157894738,193,17,430
13081,12,28,29730.420199999626,2,Champions,0,2009-12-08 13:58:00,2011-11-28 10:54:00,25.150870858113848,41423,738,719
13082,126,21,7335.75,3,Loyal Customers,0,2009-12-22 15:37:00,2011-08-05 16:16:00,56.866279069767444,8466,99,591
13083,4,3,395.43,0,Potential Loyalists,0,2010-10-10 13:38:00,2011-12-05 15:01:00,17.974090909090908,307,19,421
13084,492,1,122.4,1,At Risk,1,2010-08-05 08:49:00,2010-08-05 08:49:00,61.199999999999996,144,2,0
13085,158,8,2433.28,0,Potential Loyalists,0,2009-12-01 07:45:00,2011-07-05 12:11:00,28.96761904761905,944,50,581
13086,383,1,439.33,1,At Risk,1,2010-11-22 10:28:00,2010-11-22 10:28:00,9.34744680851064,155,47,0
13087,726,1,313.64,1,At Risk,1,2009-12-13 15:16:00,2009-12-13 15:16:00,20.909333333333333,86,15,0
13088,417,1,236.11,1,At Risk,1,2010-10-18 15:35:00,2010-10-18 15:35:00,11.8055,76,19,0
13089,3,46,29730.420199999626,2,Champions,0,2009-12-02 15:44:00,2011-12-07 09:02:00,34.72274241522903,60229,857,734
13090,9,24,14103.09,2,Champions,0,2010-08-02 13:58:00,2011-12-01 12:39:00,49.83424028268551,3445,163,485
13091,28,3,2321.82,0,Potential Loyalists,0,2009-12-10 11:50:00,2011-11-11 15:54:00,51.596000000000004,1339,41,701
13092,71,12,2140.28,3,Loyal Customers,0,2010-02-10 08:44:00,2011-09-30 11:18:00,20.38361904761905,664,52,597
13093,276,46,29730.420199999626,2,Champions,1,2009-12-04 10:32:00,2011-03-09 12:14:00,52.327285714285715,26227,199,460
13094,21,13,2433.1200000000003,3,Loyal Customers,0,2010-11-15 14:15:00,2011-11-18 14:07:00,76.03500000000001,2088,5,367
13095,71,1,74.39999999999999,0,Potential Loyalists,0,2011-09-30 12:03:00,2011-09-30 12:03:00,12.399999999999999,144,6,0
13096,394,1,419.7000000000001,1,At Risk,1,2010-11-10 14:08:00,2010-11-10 14:08:00,419.7000000000001,6,1,0
13097,33,28,13389.22,2,Champions,0,2009-12-01 13:31:00,2011-11-07 10:43:00,13.165408062930187,5396,390,705
13098,1,28,28882.44,2,Champions,0,2011-01-26 13:46:00,2011-12-08 14:14:00,50.49377622377622,15968,156,316
13099,99,1,207.36,0,Potential Loyalists,0,2011-09-01 17:40:00,2011-09-01 17:40:00,207.36,288,1,0
13101,234,4,695.4,0,Potential Loyalists,1,2010-01-27 15:49:00,2011-04-19 14:37:00,13.635294117647058,478,48,446
13102,1,37,11696.92,2,Champions,0,2010-05-06 13:12:00,2011-12-08 12:52:00,23.774227642276422,6576,212,580
13103,40,3,709.64,0,Potential Loyalists,0,2010-05-11 14:41:00,2011-10-31 09:38:00,21.504242424242424,426,27,537
13104,3,9,1709.1,0,Potential Loyalists,0,2010-02-24 15:06:00,2011-12-06 13:10:00,56.97,834,15,649
13105,436,1,72.0,1,At Risk,1,2010-09-29 13:41:00,2010-09-29 13:41:00,72.0,100,1,0
13106,133,2,603.46,0,Potential Loyalists,0,2010-10-22 13:10:00,2011-07-29 15:12:00,37.71625,231,15,280
13107,44,9,5253.07,3,Loyal Customers,0,2010-02-04 10:50:00,2011-10-26 14:52:00,29.511629213483143,4316,142,629
13108,373,2,1098.52,1,At Risk,1,2010-09-30 17:09:00,2010-12-02 10:35:00,24.411555555555555,1043,27,62
13109,60,3,1134.03,0,Potential Loyalists,0,2010-06-06 12:59:00,2011-10-11 10:16:00,16.20042857142857,757,57,491
13110,31,12,2957.4700000000003,3,Loyal Customers,0,2009-12-01 14:14:00,2011-11-08 14:30:00,11.735992063492064,763,167,707
13111,719,1,321.88000000000005,1,At Risk,1,2009-12-21 09:00:00,2009-12-21 09:00:00,26.823333333333338,180,12,0
13112,541,1,20.6,1,At Risk,1,2010-06-16 17:03:00,2010-06-16 17:03:00,10.299999999999999,11,2,0
13113,1,37,18625.73,2,Champions,0,2010-03-28 16:13:00,2011-12-09 12:49:00,47.51461734693878,4545,166,620
13114,731,1,234.38,1,At Risk,1,2009-12-09 09:56:00,2009-12-09 09:56:00,14.64875,74,16,0
13115,12,10,5494.7,3,Loyal Customers,0,2010-04-19 13:29:00,2011-11-28 12:38:00,17.49904458598726,3934,178,587
13116,138,1,501.14,0,Potential Loyalists,0,2011-07-24 14:33:00,2011-07-24 14:33:00,16.704666666666665,291,30,0
13117,22,18,2643.81,3,Loyal Customers,0,2010-03-26 13:50:00,2011-11-18 12:02:00,14.06281914893617,2067,122,601
13118,20,9,2415.41,0,Potential Loyalists,0,2010-09-26 15:46:00,2011-11-20 12:46:00,16.320337837837837,834,111,419
13119,669,1,134.9,1,At Risk,1,2010-02-09 08:38:00,2010-02-09 08:38:00,12.263636363636364,110,11,0
13120,239,1,30.6,0,Potential Loyalists,1,2011-04-15 10:19:00,2011-04-15 10:19:00,30.6,12,1,0
13121,269,1,283.73,0,Potential Loyalists,1,2011-03-15 16:47:00,2011-03-15 16:47:00,5.674600000000001,252,50,0
13122,94,2,922.39,0,Potential Loyalists,0,2011-04-13 14:12:00,2011-09-06 15:53:00,16.77072727272727,585,54,146
13123,473,2,506.75,1,At Risk,1,2010-06-28 12:43:00,2010-08-24 10:18:00,11.261111111111111,268,36,56
13124,90,4,4782.45,0,Potential Loyalists,0,2010-11-19 15:50:00,2011-09-11 12:45:00,16.048489932885907,2783,216,295
13125,524,1,158.57,1,At Risk,1,2010-07-04 11:58:00,2010-07-04 11:58:00,7.55095238095238,54,20,0
13126,5,13,3998.25,3,Loyal Customers,0,2010-03-02 12:24:00,2011-12-05 10:00:00,15.929282868525897,3409,183,642
13127,78,1,259.17,0,Potential Loyalists,0,2011-09-23 10:26:00,2011-09-23 10:26:00,17.278000000000002,127,15,0
13128,631,1,263.5,1,At Risk,1,2010-03-18 15:08:00,2010-03-18 15:08:00,263.5,31,1,0
13129,452,2,233.25,1,At Risk,1,2010-06-28 11:54:00,2010-09-13 13:47:00,21.204545454545453,296,10,77
13130,94,1,64.0,0,Potential Loyalists,0,2011-09-06 15:30:00,2011-09-06 15:30:00,32.0,32,2,0
13131,23,7,3313.77,0,Potential Loyalists,0,2010-02-09 09:47:00,2011-11-16 13:21:00,22.24006711409396,1523,107,645
13132,262,1,77.3,0,Potential Loyalists,1,2011-03-23 12:44:00,2011-03-23 12:44:00,25.766666666666666,20,3,0
13133,274,3,200.45,0,Potential Loyalists,1,2010-09-06 15:30:00,2011-03-11 10:31:00,16.704166666666666,55,12,185
13134,86,6,2475.23,0,Potential Loyalists,0,2010-10-19 13:21:00,2011-09-15 10:35:00,20.456446280991734,1364,110,330
13135,197,2,3371.45,0,Potential Loyalists,1,2010-08-05 17:28:00,2011-05-27 10:52:00,187.30277777777778,4423,18,294
13136,56,13,6274.56,3,Loyal Customers,0,2009-12-08 18:30:00,2011-10-14 13:41:00,19.919238095238097,3109,204,674
13137,11,16,7712.7,3,Loyal Customers,0,2010-07-25 15:40:00,2011-11-29 12:09:00,5.352324774462179,4294,628,491
13138,22,7,1467.24,0,Potential Loyalists,0,2010-11-08 11:45:00,2011-11-17 16:51:00,14.82060606060606,718,41,374
13139,16,8,8202.98,3,Loyal Customers,0,2010-09-28 09:12:00,2011-11-23 13:54:00,30.954641509433962,4614,214,421
13140,108,5,1215.68,0,Potential Loyalists,0,2010-08-05 19:05:00,2011-08-23 15:33:00,9.964590163934426,648,89,382
13141,85,17,7668.58,3,Loyal Customers,0,2009-12-09 13:34:00,2011-09-16 09:54:00,18.043717647058823,5169,285,645
13142,19,1,307.09,0,Potential Loyalists,0,2011-11-20 16:07:00,2011-11-20 16:07:00,13.351739130434783,258,23,0
13143,585,1,405.1,1,At Risk,1,2010-05-04 12:22:00,2010-05-04 12:22:00,17.61304347826087,198,23,0
13144,333,2,135.35,1,At Risk,1,2010-10-04 14:14:00,2011-01-11 11:15:00,22.558333333333334,29,6,98
13145,40,7,1423.52,0,Potential Loyalists,0,2010-04-19 11:11:00,2011-10-31 12:45:00,142.352,266,5,560
13146,26,1,228.91,0,Potential Loyalists,0,2011-11-13 15:29:00,2011-11-13 15:29:00,13.465294117647058,154,16,0
13147,10,4,712.8000000000001,0,Potential Loyalists,0,2011-09-01 12:28:00,2011-11-29 13:59:00,178.2,144,1,89
13148,29,26,8621.81,3,Loyal Customers,0,2009-12-07 15:26:00,2011-11-10 15:23:00,10.872395964691046,4571,451,702
13149,14,4,1676.06,0,Potential Loyalists,0,2011-02-23 13:57:00,2011-11-25 13:09:00,19.48906976744186,1280,76,274
13150,484,3,449.97,1,At Risk,1,2010-03-19 09:03:00,2010-08-12 12:59:00,56.246249999999996,171,7,146
13151,296,3,2580.74,1,At Risk,1,2010-03-22 10:26:00,2011-02-17 12:29:00,14.663295454545455,832,131,332
13152,417,7,2146.38,1,At Risk,1,2010-01-14 10:01:00,2010-10-18 13:44:00,15.899111111111113,977,114,277
13153,6,1,486.22,0,Potential Loyalists,0,2011-12-04 12:14:00,2011-12-04 12:14:00,32.41466666666667,418,15,0
13154,399,3,1624.84,1,At Risk,1,2009-12-04 08:46:00,2010-11-05 16:00:00,17.471397849462363,976,78,336
13155,33,6,1750.18,0,Potential Loyalists,0,2010-08-05 09:30:00,2011-11-06 15:41:00,10.671829268292683,909,79,458
13156,385,3,1586.54,1,At Risk,1,2010-02-01 13:45:00,2010-11-19 13:09:00,15.255192307692308,914,94,290
13157,49,9,5687.36,3,Loyal Customers,0,2010-03-08 11:59:00,2011-10-21 13:50:00,22.658804780876494,4762,173,592
13158,95,5,1508.18,0,Potential Loyalists,0,2010-11-16 17:12:00,2011-09-06 11:58:00,15.081800000000001,992,70,293
13159,9,4,1437.85,0,Potential Loyalists,0,2011-08-16 11:44:00,2011-12-01 11:20:00,11.883057851239668,1059,114,106
13160,22,1,91.8,0,Potential Loyalists,0,2011-11-17 13:07:00,2011-11-17 13:07:00,22.95,56,4,0
13161,313,2,478.88,1,At Risk,1,2010-07-27 12:44:00,2011-01-30 14:03:00,14.08470588235294,106,30,187
13162,122,16,9275.49,3,Loyal Customers,0,2009-12-04 13:59:00,2011-08-09 15:59:00,38.972647058823526,5755,186,613
13163,610,1,17.65,1,At Risk,1,2010-04-08 16:21:00,2010-04-08 16:21:00,8.825,3,2,0
13164,569,2,372.2,1,At Risk,1,2010-02-10 11:52:00,2010-05-19 13:52:00,37.22,120,7,98
13165,46,3,1451.16,0,Potential Loyalists,0,2010-10-22 17:04:00,2011-10-24 15:05:00,29.61551020408163,1736,47,366
13166,283,2,884.18,1,At Risk,1,2010-10-21 14:29:00,2011-03-01 15:16:00,12.814202898550723,527,55,131
13167,19,5,1125.15,0,Potential Loyalists,0,2010-11-14 12:58:00,2011-11-21 12:24:00,13.890740740740743,1007,64,371
13168,36,5,1875.31,0,Potential Loyalists,0,2010-06-15 15:00:00,2011-11-03 12:56:00,10.418388888888888,912,127,505
13169,64,3,840.08,0,Potential Loyalists,0,2010-05-26 15:58:00,2011-10-07 12:11:00,46.67111111111112,296,16,498
13170,27,1,116.01,0,Potential Loyalists,0,2011-11-13 12:19:00,2011-11-13 12:19:00,3.6253124999999997,147,29,0
13171,22,3,468.41,0,Potential Loyalists,0,2011-02-13 14:16:00,2011-11-18 10:27:00,10.182826086956522,229,37,277
13172,400,1,69.6,1,At Risk,1,2010-11-04 15:10:00,2010-11-04 15:10:00,69.6,48,1,0
13173,4,11,2639.35,3,Loyal Customers,0,2009-12-10 12:52:00,2011-12-05 15:51:00,10.5574,1620,160,725
13174,16,12,9494.84,3,Loyal Customers,0,2009-12-04 15:40:00,2011-11-23 14:35:00,8.387667844522968,4541,602,718
13175,582,2,831.45,1,At Risk,1,2009-12-04 12:11:00,2010-05-06 13:13:00,18.075,423,40,153
13176,46,1,492.84,0,Potential Loyalists,0,2011-10-24 15:43:00,2011-10-24 15:43:00,6.845,453,66,0
13177,65,2,512.2,0,Potential Loyalists,0,2010-10-05 10:35:00,2011-10-06 09:56:00,17.073333333333334,180,23,365
13178,26,21,14059.19,3,Loyal Customers,0,2009-12-16 14:00:00,2011-11-13 16:14:00,20.46461426491994,8778,194,697
13179,619,1,572.3100000000001,1,At Risk,1,2010-03-31 11:40:00,2010-03-31 11:40:00,16.832647058823532,368,34,0
13180,607,1,86.10000000000001,1,At Risk,1,2010-04-11 13:37:00,2010-04-11 13:37:00,21.525000000000002,42,4,0
13181,381,1,359.69,1,At Risk,1,2010-11-23 15:05:00,2010-11-23 15:05:00,18.931052631578947,171,19,0
13182,45,1,121.18,0,Potential Loyalists,0,2011-10-25 13:46:00,2011-10-25 13:46:00,11.016363636363637,201,11,0
13183,8,15,7036.18,3,Loyal Customers,0,2010-03-14 12:32:00,2011-12-02 10:30:00,45.10371794871795,4027,64,627
13184,15,10,1701.29,0,Potential Loyalists,0,2011-02-22 17:25:00,2011-11-25 12:02:00,9.39939226519337,1692,138,275
13185,268,1,71.4,0,Potential Loyalists,1,2011-03-17 11:56:00,2011-03-17 11:56:00,71.4,12,1,0
13186,40,3,1575.89,0,Potential Loyalists,0,2011-08-03 09:09:00,2011-10-31 11:40:00,19.947974683544306,820,69,89
13187,337,4,367.01,1,At Risk,1,2010-03-25 17:18:00,2011-01-06 18:57:00,5.73453125,375,51,287
13188,11,1,114.6,0,Potential Loyalists,0,2011-11-28 15:28:00,2011-11-28 15:28:00,57.3,25,2,0
13189,19,2,260.68,0,Potential Loyalists,0,2011-08-16 13:12:00,2011-11-21 10:39:00,8.988965517241379,842,29,96
13190,544,3,570.66,1,At Risk,1,2009-12-07 12:13:00,2010-06-13 15:47:00,33.56823529411764,308,16,188
13191,658,1,164.69,1,At Risk,1,2010-02-19 17:02:00,2010-02-19 17:02:00,2.79135593220339,115,58,0
13192,95,6,2558.58,0,Potential Loyalists,0,2010-01-22 08:37:00,2011-09-05 14:13:00,15.793703703703704,1629,135,591
13193,61,1,117.88,0,Potential Loyalists,0,2011-10-09 14:30:00,2011-10-09 14:30:00,4.0648275862068965,50,22,0
13194,136,2,472.78,0,Potential Loyalists,0,2010-10-14 11:54:00,2011-07-27 09:01:00,47.278,326,10,285
13195,414,1,172.38,1,At Risk,1,2010-10-21 13:07:00,2010-10-21 13:07:00,3.315,83,43,0
13196,11,7,3068.84,0,Potential Loyalists,0,2010-04-01 12:54:00,2011-11-28 13:54:00,16.323617021276597,2006,141,606
13197,610,1,373.0100000000001,1,At Risk,1,2010-04-09 09:14:00,2010-04-09 09:14:00,19.632105263157897,204,19,0
13198,10,8,4974.2300000000005,3,Loyal Customers,0,2010-10-01 13:27:00,2011-11-29 15:17:00,15.841496815286625,3449,265,424
13199,4,46,16432.89,2,Champions,0,2009-12-05 10:11:00,2011-12-06 12:30:00,79.38594202898551,12019,61,731
13200,19,4,870.09,0,Potential Loyalists,0,2011-08-05 14:50:00,2011-11-20 15:35:00,18.915,516,42,107
13201,502,4,1240.61,1,At Risk,1,2010-03-07 11:01:00,2010-07-25 14:30:00,14.097840909090907,1039,65,140
13202,394,7,1580.3,1,At Risk,1,2009-12-09 10:48:00,2010-11-10 16:24:00,22.902898550724636,572,55,336
13203,10,10,2648.25,0,Potential Loyalists,0,2009-12-17 14:15:00,2011-11-30 10:45:00,15.670118343195266,2413,158,712
13204,731,1,966.66,1,At Risk,1,2009-12-08 14:56:00,2009-12-08 14:56:00,16.958947368421054,428,57,0
13205,443,1,2803.2,1,At Risk,1,2010-09-22 16:26:00,2010-09-22 16:26:00,2803.2,256,1,0
13206,400,13,8377.32,3,Loyal Customers,1,2009-12-07 13:48:00,2010-11-04 16:50:00,14.41879518072289,7155,393,332
13207,15,4,535.86,0,Potential Loyalists,0,2010-04-06 16:37:00,2011-11-24 14:52:00,41.22,178,10,596
13208,59,9,1988.5,0,Potential Loyalists,0,2009-12-03 13:25:00,2011-10-12 09:54:00,7.828740157480315,1345,198,677
13209,30,13,8509.51,3,Loyal Customers,0,2010-01-24 14:30:00,2011-11-09 13:54:00,23.25002732240437,5781,284,653
13210,94,1,353.48,0,Potential Loyalists,0,2011-09-07 08:18:00,2011-09-07 08:18:00,16.067272727272726,316,22,0
13211,10,10,2729.32,0,Potential Loyalists,0,2009-12-06 15:24:00,2011-11-29 14:43:00,13.249126213592234,1890,98,722
13212,20,3,788.08,0,Potential Loyalists,0,2011-10-09 14:48:00,2011-11-20 12:40:00,5.549859154929578,310,128,41
13213,57,11,3851.52,3,Loyal Customers,0,2010-05-20 14:50:00,2011-10-14 11:42:00,18.88,2962,181,511
13214,418,7,3264.23,1,At Risk,1,2010-03-03 14:10:00,2010-10-18 10:00:00,14.254279475982532,2966,207,228
13215,402,1,81.6,1,At Risk,1,2010-11-02 18:26:00,2010-11-02 18:26:00,81.6,96,1,0
13216,268,1,333.74,0,Potential Loyalists,1,2011-03-17 12:18:00,2011-03-17 12:18:00,66.748,297,5,0
13217,122,4,666.48,0,Potential Loyalists,0,2010-02-22 12:49:00,2011-08-09 15:32:00,133.296,512,3,533
13218,127,1,62.63999999999999,0,Potential Loyalists,0,2011-08-04 16:59:00,2011-08-04 16:59:00,12.528,88,5,0
13219,618,1,76.23,1,At Risk,1,2010-03-31 14:18:00,2010-03-31 14:18:00,6.930000000000001,11,11,0
13220,78,5,1336.09,0,Potential Loyalists,0,2010-05-13 10:35:00,2011-09-22 13:38:00,25.20924528301887,396,46,497
13221,240,2,847.41,0,Potential Loyalists,1,2010-12-15 13:24:00,2011-04-13 16:58:00,12.839545454545455,244,62,119
13222,577,1,88.5,1,At Risk,1,2010-05-11 13:54:00,2010-05-11 13:54:00,88.5,30,1,0
13223,200,6,969.12,0,Potential Loyalists,1,2010-02-12 13:27:00,2011-05-23 13:03:00,74.5476923076923,568,8,464
13224,60,2,2155.95,0,Potential Loyalists,0,2011-07-11 14:10:00,2011-10-10 14:55:00,19.9625,1518,101,91
13225,3,16,16260.07,3,Loyal Customers,0,2009-12-17 09:09:00,2011-12-06 13:29:00,130.08056,7401,60,719
13226,273,2,312.46,0,Potential Loyalists,1,2010-11-11 13:46:00,2011-03-11 14:35:00,11.159285714285714,179,28,120
13227,202,1,257.7,0,Potential Loyalists,1,2011-05-22 11:47:00,2011-05-22 11:47:00,28.633333333333333,99,9,0
13228,81,1,358.0,0,Potential Loyalists,0,2011-09-19 14:28:00,2011-09-19 14:28:00,179.0,200,2,0
13229,226,1,160.95,0,Potential Loyalists,1,2011-04-28 12:07:00,2011-04-28 12:07:00,16.095,63,10,0
13230,4,30,6360.78,3,Loyal Customers,0,2010-03-18 20:02:00,2011-12-05 16:03:00,4.750395817774458,3635,653,626
13232,13,7,1357.6,0,Potential Loyalists,0,2011-04-10 13:48:00,2011-11-27 10:39:00,6.558454106280193,778,147,230
13233,74,4,1176.46,0,Potential Loyalists,0,2010-01-14 14:10:00,2011-09-26 13:25:00,15.479736842105263,1604,74,619
13234,673,2,356.95,1,At Risk,1,2009-12-07 12:32:00,2010-02-05 11:41:00,5.665873015873015,162,56,59
13235,212,1,1031.07,0,Potential Loyalists,1,2011-05-11 17:13:00,2011-05-11 17:13:00,17.77706896551724,441,53,0
13236,25,2,744.85,0,Potential Loyalists,0,2011-08-25 08:58:00,2011-11-15 12:50:00,20.69027777777778,416,34,82
13237,388,1,643.0,1,At Risk,1,2010-11-17 10:07:00,2010-11-17 10:07:00,26.791666666666668,128,24,0
13238,17,6,1006.63,0,Potential Loyalists,0,2010-04-28 15:02:00,2011-11-22 15:37:00,21.417659574468086,442,24,573
13239,262,5,1594.69,0,Potential Loyalists,1,2010-07-25 13:34:00,2011-03-23 10:25:00,17.14720430107527,1151,86,240
13240,96,8,1738.52,0,Potential Loyalists,0,2010-02-25 13:17:00,2011-09-04 14:08:00,7.526060606060606,859,160,556
13241,412,1,115.58,1,At Risk,1,2010-10-24 11:17:00,2010-10-24 11:17:00,2.751904761904762,48,40,0
13242,112,7,699.4,0,Potential Loyalists,0,2010-02-09 13:12:00,2011-08-19 12:53:00,19.982857142857142,350,19,555
13243,203,5,1278.04,0,Potential Loyalists,1,2010-03-18 13:10:00,2011-05-20 13:14:00,5.809272727272727,579,165,428
13244,93,1,121.74,0,Potential Loyalists,0,2011-09-08 11:46:00,2011-09-08 11:46:00,4.508888888888889,38,27,0
13245,51,2,989.22,0,Potential Loyalists,0,2010-10-03 14:03:00,2011-10-20 11:40:00,21.982666666666667,371,43,381
13246,18,11,3387.43,3,Loyal Customers,0,2010-07-02 13:36:00,2011-11-21 16:50:00,8.937810026385224,2815,229,507
13247,18,4,501.12,0,Potential Loyalists,0,2011-09-18 11:31:00,2011-11-22 10:59:00,20.0448,328,18,64
13248,125,2,465.68,0,Potential Loyalists,0,2011-06-03 13:05:00,2011-08-07 12:40:00,17.91076923076923,305,25,64
13249,92,9,1608.93,0,Potential Loyalists,0,2010-01-24 12:11:00,2011-09-08 13:26:00,45.969428571428566,1246,21,592
13250,461,2,256.04,1,At Risk,1,2010-07-25 14:01:00,2010-09-05 11:33:00,12.802000000000001,108,17,41
13251,402,1,252.68,1,At Risk,1,2010-11-02 13:20:00,2010-11-02 13:20:00,10.1072,215,25,0
13252,394,2,399.3,1,At Risk,1,2010-03-24 10:30:00,2010-11-10 16:00:00,21.01578947368421,134,19,231
13253,157,4,2951.11,0,Potential Loyalists,0,2010-01-05 12:13:00,2011-07-06 10:09:00,39.34813333333334,3015,73,546
13254,376,1,51.41,1,At Risk,1,2010-11-28 15:42:00,2010-11-28 15:42:00,12.8525,43,4,0
13255,9,3,904.46,0,Potential Loyalists,0,2010-07-15 13:20:00,2011-11-30 13:14:00,28.264375,517,26,502
13257,436,1,149.75,1,At Risk,1,2010-09-29 14:58:00,2010-09-29 14:58:00,21.392857142857142,33,7,0
13258,12,5,1035.18,0,Potential Loyalists,0,2010-11-04 12:45:00,2011-11-28 09:31:00,22.503913043478263,451,29,388
13259,62,9,1433.38,0,Potential Loyalists,0,2010-01-10 10:26:00,2011-10-09 10:48:00,4.424012345679013,517,234,637
13260,61,1,557.62,0,Potential Loyalists,0,2011-10-09 13:21:00,2011-10-09 13:21:00,69.7025,142,8,0
13261,269,2,944.1,0,Potential Loyalists,1,2011-02-27 10:41:00,2011-03-16 12:22:00,104.9,210,8,17
13262,263,3,573.45,0,Potential Loyalists,1,2010-04-18 12:14:00,2011-03-21 15:06:00,11.469000000000001,247,48,337
13263,1,39,8704.69,2,Champions,0,2010-10-22 17:07:00,2011-12-08 13:59:00,4.533692708333334,5390,507,411
13264,443,1,722.5600000000001,1,At Risk,1,2010-09-23 12:42:00,2010-09-23 12:42:00,19.014736842105265,375,38,0
13265,53,5,2107.66,0,Potential Loyalists,0,2011-03-11 09:54:00,2011-10-17 15:02:00,23.1610989010989,1752,66,220
13266,11,19,6135.04,3,Loyal Customers,0,2009-12-17 10:52:00,2011-11-28 14:39:00,19.98384364820847,6837,154,711
13267,3,36,9758.26,2,Champions,0,2009-12-07 16:56:00,2011-12-07 11:12:00,22.906713615023474,4104,152,729
13268,18,11,3214.69,3,Loyal Customers,0,2011-03-17 13:20:00,2011-11-22 11:51:00,7.306113636363636,3658,257,249
13269,1,28,8891.7,3,Loyal Customers,0,2009-12-02 11:47:00,2011-12-08 14:53:00,17.819038076152307,6564,238,736
13270,366,1,1180.0,1,At Risk,1,2010-12-08 14:53:00,2010-12-08 14:53:00,590.0,400,1,0
13271,37,1,217.38,0,Potential Loyalists,0,2011-11-02 14:31:00,2011-11-02 14:31:00,2.264375,253,79,0
13272,31,2,276.56,0,Potential Loyalists,0,2011-09-11 12:06:00,2011-11-08 14:00:00,18.437333333333335,96,15,58
13273,113,1,138.98,0,Potential Loyalists,0,2011-08-18 14:02:00,2011-08-18 14:02:00,8.68625,153,16,0
13274,409,1,360.85,1,At Risk,1,2010-10-26 13:48:00,2010-10-26 13:48:00,18.992105263157896,199,19,0
13275,384,2,241.66,1,At Risk,1,2010-03-17 14:05:00,2010-11-21 12:09:00,4.8332,140,48,248
13276,64,5,1939.26,0,Potential Loyalists,0,2010-03-07 14:05:00,2011-10-07 12:44:00,7.788192771084337,855,209,578
13277,16,7,523.3,0,Potential Loyalists,0,2010-06-18 08:45:00,2011-11-24 09:21:00,22.752173913043475,382,10,524
13278,41,4,1435.85,0,Potential Loyalists,0,2010-04-08 11:59:00,2011-10-30 11:49:00,13.294907407407406,1358,80,569
13279,78,1,137.75,0,Potential Loyalists,0,2011-09-22 17:24:00,2011-09-22 17:24:00,15.305555555555555,73,9,0
13280,122,7,2322.63,0,Potential Loyalists,0,2010-03-05 09:07:00,2011-08-09 13:14:00,11.060142857142857,1495,159,522
13281,439,1,350.85,1,At Risk,1,2010-09-26 16:03:00,2010-09-26 16:03:00,15.947727272727274,201,22,0
13282,18,4,1313.19,0,Potential Loyalists,0,2010-10-29 14:11:00,2011-11-21 15:33:00,25.748823529411766,410,42,388
13283,60,4,373.36,0,Potential Loyalists,0,2010-03-09 14:36:00,2011-10-11 09:50:00,18.668,204,19,580
13284,331,1,201.19,1,At Risk,1,2011-01-13 09:23:00,2011-01-13 09:23:00,15.476153846153846,91,13,0
13285,23,6,3364.59,0,Potential Loyalists,0,2010-03-25 14:26:00,2011-11-16 13:19:00,14.565324675324677,2457,182,600
13286,600,1,734.91,1,At Risk,1,2010-04-18 15:35:00,2010-04-18 15:35:00,14.998163265306122,274,46,0
13287,603,3,781.59,1,At Risk,1,2010-01-04 10:43:00,2010-04-15 15:26:00,14.746981132075472,429,46,101
13288,443,5,927.61,1,At Risk,1,2010-02-11 14:59:00,2010-09-22 16:32:00,92.761,379,7,223
13289,724,1,307.95,1,At Risk,1,2009-12-16 11:53:00,2009-12-16 11:53:00,19.246875,119,16,0
13290,438,1,208.63,1,At Risk,1,2010-09-27 16:29:00,2010-09-27 16:29:00,208.63,1,1,0
13291,156,11,3320.84,3,Loyal Customers,0,2010-02-11 18:36:00,2011-07-07 10:36:00,10.124512195121952,1619,155,510
13292,39,5,994.51,0,Potential Loyalists,0,2010-07-01 14:36:00,2011-11-01 10:04:00,16.856101694915253,530,55,487
13293,392,6,1192.94,1,At Risk,1,2010-02-09 12:05:00,2010-11-12 13:28:00,16.56861111111111,555,51,276
13294,190,3,1689.53,0,Potential Loyalists,1,2010-03-03 12:54:00,2011-06-03 08:54:00,16.564019607843136,996,93,456
13295,360,4,1101.97,1,At Risk,1,2010-05-12 09:13:00,2010-12-15 11:21:00,16.44731343283582,733,56,217
13296,137,6,792.51,0,Potential Loyalists,0,2010-05-11 14:29:00,2011-07-25 13:46:00,14.953018867924529,653,50,439
13297,8,7,4368.62,0,Potential Loyalists,0,2010-06-15 12:35:00,2011-12-02 09:32:00,35.51723577235772,2694,108,534
13298,1,1,360.0,0,Potential Loyalists,0,2011-12-08 13:11:00,2011-12-08 13:11:00,180.0,96,2,0
13299,268,3,1218.7,0,Potential Loyalists,1,2010-06-29 11:30:00,2011-03-16 12:55:00,19.656451612903226,416,56,260
13300,169,3,1285.51,0,Potential Loyalists,0,2010-05-14 15:56:00,2011-06-23 13:09:00,23.37290909090909,455,44,404
13301,104,4,618.09,0,Potential Loyalists,0,2011-02-20 13:13:00,2011-08-28 11:25:00,7.630740740740741,345,75,188
13302,155,2,159.2,0,Potential Loyalists,0,2010-07-01 12:32:00,2011-07-07 17:56:00,53.06666666666666,12,3,371
13303,400,1,61.72,1,At Risk,1,2010-11-04 14:55:00,2010-11-04 14:55:00,15.43,26,4,0
13304,351,4,1217.99,1,At Risk,1,2010-02-08 12:42:00,2010-12-23 14:35:00,15.61525641025641,716,59,318
13305,4,16,3754.71,3,Loyal Customers,0,2010-03-10 14:49:00,2011-12-05 15:15:00,18.226747572815533,2361,153,635
13306,430,1,53.65,1,At Risk,1,2010-10-05 14:55:00,2010-10-05 14:55:00,13.4125,74,4,0
13307,120,3,273.34,0,Potential Loyalists,0,2010-04-26 13:28:00,2011-08-11 17:14:00,18.222666666666665,140,15,472
13308,23,4,1670.37,0,Potential Loyalists,0,2010-04-22 09:22:00,2011-11-17 09:31:00,23.526338028169015,1073,65,574
13309,7,6,1706.37,0,Potential Loyalists,0,2010-11-12 12:10:00,2011-12-02 16:34:00,13.125923076923078,1914,95,385
13310,28,5,1541.2,0,Potential Loyalists,0,2010-11-02 17:03:00,2011-11-11 17:23:00,16.223157894736843,816,80,374
13311,4,2,598.57,0,Potential Loyalists,0,2011-07-12 14:26:00,2011-12-05 12:55:00,23.02192307692308,305,25,145
13312,451,1,124.75,1,At Risk,1,2010-09-14 14:36:00,2010-09-14 14:36:00,24.95,41,5,0
13313,22,12,3445.32,3,Loyal Customers,0,2009-12-02 16:18:00,2011-11-17 16:48:00,18.424171122994654,2308,105,715
13314,2,3,775.94,0,Potential Loyalists,0,2011-09-27 10:20:00,2011-12-08 12:29:00,12.515161290322581,560,55,72
13315,689,1,310.26,1,At Risk,1,2010-01-19 15:34:00,2010-01-19 15:34:00,14.102727272727275,232,22,0
13316,37,10,13191.57,3,Loyal Customers,0,2010-03-10 10:01:00,2011-11-02 13:40:00,75.3804,21372,115,602
13317,66,19,6486.091,3,Loyal Customers,0,2009-12-13 11:11:00,2011-10-04 13:35:00,18.854915697674418,3149,222,660
13318,1,3,640.76,0,Potential Loyalists,0,2011-11-02 13:26:00,2011-12-08 18:51:00,32.038,304,14,36
13319,5,46,22082.5,2,Champions,0,2009-12-06 14:46:00,2011-12-04 13:34:00,23.123036649214658,9270,345,727
13320,78,6,2228.1,0,Potential Loyalists,0,2010-08-18 10:29:00,2011-09-22 18:07:00,14.854,1519,98,400
13321,72,2,567.36,0,Potential Loyalists,0,2011-09-14 15:18:00,2011-09-28 15:24:00,51.57818181818182,372,10,14
13322,17,1,199.48,0,Potential Loyalists,0,2011-11-22 14:21:00,2011-11-22 14:21:00,7.9792000000000005,117,25,0
13323,3,5,787.85,0,Potential Loyalists,0,2011-09-16 13:23:00,2011-12-06 17:12:00,37.516666666666666,175,6,81
13324,36,18,10513.47,3,Loyal Customers,0,2010-05-25 10:23:00,2011-11-03 16:28:00,79.6475,8448,36,527
13325,82,1,675.3,0,Potential Loyalists,0,2011-09-19 10:36:00,2011-09-19 10:36:00,56.275,240,12,0
13326,432,1,281.76,1,At Risk,1,2010-10-03 16:00:00,2010-10-03 16:00:00,21.673846153846153,140,13,0
13327,39,20,9879.48,3,Loyal Customers,0,2009-12-18 15:35:00,2011-11-01 10:21:00,28.88736842105263,4479,175,682
13328,316,1,1308.48,1,At Risk,1,2011-01-27 15:22:00,2011-01-27 15:22:00,76.96941176470588,680,17,0
13329,32,8,5112.97,3,Loyal Customers,0,2009-12-04 15:41:00,2011-11-08 10:29:00,40.903760000000005,3486,68,703
13330,93,6,2806.18,0,Potential Loyalists,0,2010-02-23 10:12:00,2011-09-08 12:27:00,23.781186440677963,1975,80,562
13331,402,1,262.4,1,At Risk,1,2010-11-03 08:04:00,2010-11-03 08:04:00,21.866666666666664,54,12,0
13332,14,1,350.9,0,Potential Loyalists,0,2011-11-25 13:30:00,2011-11-25 13:30:00,16.709523809523812,179,21,0
13333,411,3,1015.74,1,At Risk,1,2010-02-19 09:26:00,2010-10-24 13:24:00,18.468,685,54,247
13334,82,5,6263.75,0,Potential Loyalists,0,2010-02-25 12:21:00,2011-09-18 15:21:00,13.049479166666666,3227,307,570
13336,77,1,795.12,0,Potential Loyalists,0,2011-09-23 14:05:00,2011-09-23 14:05:00,15.590588235294117,559,51,0
13337,546,1,1575.26,1,At Risk,1,2010-06-11 13:27:00,2010-06-11 13:27:00,18.106436781609194,980,87,0
13338,158,4,2445.62,0,Potential Loyalists,0,2010-01-05 12:25:00,2011-07-05 09:06:00,19.10640625,1151,113,545
13339,201,1,860.12,0,Potential Loyalists,1,2011-05-23 08:31:00,2011-05-23 08:31:00,15.928148148148148,326,54,0
13340,45,12,22100.56,2,Champions,0,2010-02-22 14:54:00,2011-10-25 13:15:00,102.79330232558141,9636,190,609
13341,261,1,775.85,0,Potential Loyalists,1,2011-03-24 09:50:00,2011-03-24 09:50:00,18.472619047619048,301,42,0
13343,178,1,353.43,0,Potential Loyalists,0,2011-06-15 12:24:00,2011-06-15 12:24:00,18.60157894736842,135,19,0
13344,68,3,2543.72,0,Potential Loyalists,0,2011-03-07 10:28:00,2011-10-03 09:45:00,21.375798319327732,971,115,209
13345,288,1,389.5,1,At Risk,1,2011-02-25 09:01:00,2011-02-25 09:01:00,19.475,141,20,0
13346,463,6,299.4,1,At Risk,1,2010-04-22 12:34:00,2010-09-03 11:41:00,49.9,180,4,133
13347,70,1,341.36,0,Potential Loyalists,0,2011-09-30 13:28:00,2011-09-30 13:28:00,42.67,205,8,0
13348,64,1,233.76,0,Potential Loyalists,0,2011-10-06 17:28:00,2011-10-06 17:28:00,16.697142857142858,136,14,0
13349,11,1,247.32,0,Potential Loyalists,0,2011-11-29 08:07:00,2011-11-29 08:07:00,15.4575,225,16,0
13350,16,2,979.12,0,Potential Loyalists,0,2011-09-21 13:33:00,2011-11-23 16:33:00,24.478,287,36,63
13351,66,1,373.94,0,Potential Loyalists,0,2011-10-04 12:55:00,2011-10-04 12:55:00,23.37125,117,16,0
13352,60,1,397.98,0,Potential Loyalists,0,2011-10-10 13:55:00,2011-10-10 13:55:00,16.5825,321,24,0
13354,71,1,743.53,0,Potential Loyalists,0,2011-09-29 13:17:00,2011-09-29 13:17:00,14.579019607843136,604,51,0
13355,122,1,674.7,0,Potential Loyalists,0,2011-08-09 14:48:00,2011-08-09 14:48:00,21.084375,314,32,0
13356,80,1,768.24,0,Potential Loyalists,0,2011-09-20 14:33:00,2011-09-20 14:33:00,18.291428571428572,325,42,0
13357,257,5,3838.36,0,Potential Loyalists,1,2010-03-22 14:30:00,2011-03-27 13:56:00,9.619949874686718,2142,284,369
13358,269,1,439.03,0,Potential Loyalists,1,2011-03-16 11:52:00,2011-03-16 11:52:00,15.138965517241381,285,29,0
13359,64,2,1043.31,0,Potential Loyalists,0,2010-11-01 15:05:00,2011-10-07 09:30:00,18.630535714285713,381,52,339
13360,432,4,1553.65,1,At Risk,1,2010-01-08 11:16:00,2010-10-04 12:37:00,23.540151515151518,942,58,269
13361,472,2,1450.5,1,At Risk,1,2010-04-01 07:49:00,2010-08-24 14:56:00,42.661764705882355,324,29,145
13362,9,7,5394.07,3,Loyal Customers,0,2010-10-10 15:27:00,2011-11-30 14:41:00,18.100906040268455,2481,186,415
13363,18,3,1723.86,0,Potential Loyalists,0,2010-10-26 11:07:00,2011-11-22 12:40:00,16.90058823529412,1146,78,392
13364,71,1,134.95999999999998,0,Potential Loyalists,0,2011-09-29 18:13:00,2011-09-29 18:13:00,13.496,71,10,0
13365,34,2,2225.37,0,Potential Loyalists,0,2011-05-06 12:00:00,2011-11-06 12:36:00,17.385703125,1247,122,184
13366,50,1,56.16,0,Potential Loyalists,0,2011-10-20 13:37:00,2011-10-20 13:37:00,56.16,144,1,0
13367,432,1,510.2000000000001,1,At Risk,1,2010-10-04 10:00:00,2010-10-04 10:00:00,25.509999999999998,253,20,0
13368,257,4,1121.5,0,Potential Loyalists,1,2010-10-12 10:43:00,2011-03-28 09:59:00,21.567307692307693,606,45,166
13369,366,1,616.5600000000001,1,At Risk,1,2010-12-09 11:30:00,2010-12-09 11:30:00,22.020000000000003,298,14,0
13370,372,1,1509.74,1,At Risk,1,2010-12-03 10:26:00,2010-12-03 10:26:00,19.355641025641027,686,39,0
13371,505,2,2297.66,1,At Risk,1,2010-03-17 15:29:00,2010-07-22 17:33:00,24.9745652173913,1019,75,127
13372,90,1,378.64,0,Potential Loyalists,0,2011-09-11 12:46:00,2011-09-11 12:46:00,16.46260869565217,159,23,0
13373,61,6,7587.19,3,Loyal Customers,0,2009-12-06 12:34:00,2011-10-10 10:51:00,21.193268156424583,4263,292,672
13374,415,2,422.8,1,At Risk,1,2010-09-16 10:29:00,2010-10-21 10:04:00,24.870588235294118,135,17,34
13375,89,2,1792.23,0,Potential Loyalists,0,2010-09-21 08:12:00,2011-09-12 10:19:00,25.242676056338027,1124,62,356
13376,99,3,1019.76,0,Potential Loyalists,0,2011-04-19 13:03:00,2011-09-01 16:16:00,19.240754716981133,493,45,135
13377,397,2,1552.88,1,At Risk,1,2010-03-04 10:06:00,2010-11-08 12:20:00,19.90871794871795,748,71,249
13379,26,3,572.56,0,Potential Loyalists,0,2011-07-26 12:26:00,2011-11-13 13:45:00,5.902680412371134,601,85,110
13380,433,1,62.4,1,At Risk,1,2010-10-03 10:18:00,2010-10-03 10:18:00,20.8,48,3,0
13381,32,12,8224.37,3,Loyal Customers,0,2009-12-01 15:19:00,2011-11-08 11:58:00,23.102162921348317,5125,154,706
13382,281,5,1387.58,0,Potential Loyalists,1,2009-12-08 09:56:00,2011-03-04 10:03:00,16.134651162790696,863,74,451
13383,544,1,305.28000000000003,1,At Risk,1,2010-06-14 11:45:00,2010-06-14 11:45:00,305.28000000000003,288,1,0
13384,31,11,6680.83,3,Loyal Customers,0,2010-07-27 12:22:00,2011-11-09 11:04:00,25.30617424242424,4142,192,469
13385,330,1,534.57,1,At Risk,1,2011-01-14 09:52:00,2011-01-14 09:52:00,15.273428571428573,281,35,0
13386,414,2,835.46,1,At Risk,1,2010-09-28 13:09:00,2010-10-21 12:52:00,26.950322580645164,514,24,22
13387,417,1,189.44,1,At Risk,1,2010-10-18 14:07:00,2010-10-18 14:07:00,2.595068493150685,125,71,0
13388,131,3,1185.65,0,Potential Loyalists,0,2010-04-15 10:18:00,2011-07-31 12:52:00,17.183333333333334,701,68,472
13389,11,3,797.96,0,Potential Loyalists,0,2011-04-21 12:12:00,2011-11-28 14:01:00,15.646274509803922,429,50,221
13390,75,1,544.08,0,Potential Loyalists,0,2011-09-26 08:38:00,2011-09-26 08:38:00,41.8523076923077,224,13,0
13391,204,1,59.8,0,Potential Loyalists,1,2011-05-20 10:50:00,2011-05-20 10:50:00,59.8,4,1,0
13392,677,1,91.14,1,At Risk,1,2010-01-31 13:34:00,2010-01-31 13:34:00,11.3925,82,8,0
13393,584,4,1131.45,1,At Risk,1,2009-12-07 18:12:00,2010-05-05 09:34:00,16.397826086956524,662,53,148
13394,2,19,6621.7,3,Loyal Customers,0,2009-12-01 11:58:00,2011-12-08 11:36:00,16.18997555012225,5354,254,736
13395,185,3,1180.23,0,Potential Loyalists,1,2010-10-14 13:00:00,2011-06-07 15:04:00,14.57074074074074,1660,77,236
13396,29,2,1360.99,0,Potential Loyalists,0,2011-01-24 13:37:00,2011-11-10 16:59:00,31.65093023255814,600,42,290
13397,73,10,3191.87,3,Loyal Customers,0,2010-01-20 09:50:00,2011-09-28 10:56:00,35.863707865168536,1336,68,616
13398,192,2,670.34,0,Potential Loyalists,1,2010-09-17 09:34:00,2011-05-31 13:17:00,17.18820512820513,341,37,256
13399,464,3,275.4,1,At Risk,1,2010-07-08 17:47:00,2010-09-01 13:59:00,18.36,120,10,54
13400,583,1,310.83,1,At Risk,1,2010-05-06 09:00:00,2010-05-06 09:00:00,13.514347826086956,284,23,0
13402,127,4,1535.13,0,Potential Loyalists,0,2010-05-24 10:56:00,2011-08-04 15:51:00,15.990937500000001,1107,55,437
13403,18,3,229.5,0,Potential Loyalists,0,2009-12-16 13:23:00,2011-11-22 08:28:00,25.5,114,9,705
13404,1,2,252.49,0,Potential Loyalists,0,2011-05-11 11:57:00,2011-12-08 15:37:00,22.953636363636363,111,11,211
13405,74,6,1213.811,0,Potential Loyalists,0,2009-12-15 14:13:00,2011-09-26 17:01:00,28.228162790697674,855,33,650
13406,427,2,568.92,1,At Risk,1,2010-03-18 07:29:00,2010-10-08 14:44:00,63.21333333333333,292,7,204
13407,579,3,2244.7,1,At Risk,1,2010-02-16 11:13:00,2010-05-10 12:41:00,26.408235294117645,1690,85,83
13408,2,46,29730.420199999626,2,Champions,0,2009-12-04 09:31:00,2011-12-08 09:05:00,61.58745476190476,29499,321,733
13410,24,9,2201.96,0,Potential Loyalists,0,2009-12-08 13:43:00,2011-11-15 15:33:00,44.0392,1244,25,707
13411,107,1,213.55,0,Potential Loyalists,0,2011-08-24 13:57:00,2011-08-24 13:57:00,11.863888888888889,72,17,0
13412,620,1,487.35,1,At Risk,1,2010-03-29 16:28:00,2010-03-29 16:28:00,14.333823529411765,176,33,0
13413,640,6,429.44,1,At Risk,1,2010-01-21 17:43:00,2010-03-10 12:17:00,9.986976744186046,455,38,47
13414,134,6,2494.14,0,Potential Loyalists,0,2010-04-15 17:00:00,2011-07-29 11:45:00,45.348,2702,48,469
13415,473,4,800.67,1,At Risk,1,2009-12-11 14:20:00,2010-08-24 11:38:00,7.6987499999999995,502,85,255
13416,44,3,940.8,0,Potential Loyalists,0,2009-12-03 13:02:00,2011-10-27 08:56:00,36.184615384615384,208,16,692
13417,5,6,1669.49,0,Potential Loyalists,0,2010-02-08 12:39:00,2011-12-05 08:49:00,21.681688311688312,532,57,664
13418,12,31,12233.6,2,Champions,0,2009-12-11 12:51:00,2011-11-28 10:23:00,21.729307282415633,7606,328,716
13419,64,1,221.06,0,Potential Loyalists,0,2011-10-07 12:49:00,2011-10-07 12:49:00,13.81625,275,16,0
13420,150,2,159.85,0,Potential Loyalists,0,2011-06-22 11:35:00,2011-07-13 08:48:00,19.98125,101,8,20
13421,40,8,4103.12,0,Potential Loyalists,0,2010-02-14 14:45:00,2011-10-30 14:21:00,15.084999999999999,2420,174,622
13422,64,1,2626.3,0,Potential Loyalists,0,2011-10-06 13:42:00,2011-10-06 13:42:00,20.67952755905512,1326,127,0
13423,429,1,217.03,1,At Risk,1,2010-10-07 09:02:00,2010-10-07 09:02:00,18.085833333333333,141,12,0
13424,450,1,572.77,1,At Risk,1,2010-09-16 10:49:00,2010-09-16 10:49:00,14.31925,529,40,0
13425,108,5,3403.63,0,Potential Loyalists,0,2010-05-09 14:35:00,2011-08-23 17:13:00,19.121516853932587,2382,124,471
13426,1,22,8167.38,3,Loyal Customers,0,2009-12-09 15:16:00,2011-12-09 08:59:00,23.811603498542276,4868,162,729
13427,19,6,1006.53,0,Potential Loyalists,0,2009-12-17 13:44:00,2011-11-20 13:02:00,19.356346153846154,880,35,702
13428,10,3,499.98,0,Potential Loyalists,0,2010-07-13 13:20:00,2011-11-29 14:20:00,3.4720833333333334,366,122,504
13429,11,4,1006.8,0,Potential Loyalists,0,2011-09-25 15:59:00,2011-11-29 09:10:00,15.02686567164179,1390,55,64
13430,19,2,679.45,0,Potential Loyalists,0,2011-09-14 14:26:00,2011-11-21 08:19:00,13.866326530612247,751,48,67
13431,67,8,3316.24,0,Potential Loyalists,0,2010-02-18 11:53:00,2011-10-03 13:49:00,25.707286821705427,1570,113,592
13432,571,2,439.1,1,At Risk,1,2010-04-06 14:42:00,2010-05-17 13:18:00,3.955855855855856,217,98,40
13433,501,4,658.3199999999999,1,At Risk,1,2010-01-12 08:59:00,2010-07-26 16:55:00,27.430000000000003,190,22,195
13434,74,5,1666.86,0,Potential Loyalists,0,2010-02-22 09:54:00,2011-09-26 14:30:00,47.624571428571436,864,17,581
13435,5,9,4475.2300000000005,3,Loyal Customers,0,2010-07-27 16:56:00,2011-12-04 14:45:00,29.44230263157895,2791,96,494
13436,2,1,196.89,0,Potential Loyalists,0,2011-12-08 10:33:00,2011-12-08 10:33:00,16.4075,76,12,0
13437,14,7,3408.06,0,Potential Loyalists,0,2011-06-02 14:30:00,2011-11-25 14:00:00,20.40754491017964,1283,143,175
13438,547,1,46.5,1,At Risk,1,2010-06-10 18:46:00,2010-06-10 18:46:00,46.5,10,1,0
13439,255,3,986.61,0,Potential Loyalists,1,2010-07-01 14:36:00,2011-03-29 14:20:00,5.907844311377246,952,132,270
13440,423,7,1295.25,1,At Risk,1,2010-09-14 10:34:00,2010-10-12 13:11:00,21.953389830508474,573,49,28
13441,92,2,720.9,0,Potential Loyalists,0,2010-10-04 10:38:00,2011-09-09 09:38:00,18.971052631578946,520,33,339
13442,667,3,419.87,1,At Risk,1,2009-12-01 14:59:00,2010-02-10 14:03:00,11.04921052631579,115,33,70
13443,449,6,1280.16,1,At Risk,1,2010-01-31 13:30:00,2010-09-17 12:31:00,6.275294117647059,809,176,228
13444,374,2,631.6800000000001,1,At Risk,1,2010-07-21 14:34:00,2010-11-30 13:02:00,10.89103448275862,337,51,131
13445,626,1,241.9,1,At Risk,1,2010-03-23 15:34:00,2010-03-23 15:34:00,34.55714285714286,198,7,0
13446,430,11,3881.89,1,At Risk,1,2010-02-14 11:52:00,2010-10-05 18:51:00,20.218177083333334,2403,113,233
13447,23,3,1129.14,0,Potential Loyalists,0,2011-11-04 10:10:00,2011-11-16 13:38:00,19.137966101694918,584,55,12
13448,17,13,9240.87,3,Loyal Customers,0,2009-12-06 12:14:00,2011-11-23 12:33:00,16.560698924731184,4404,321,717
13449,24,1,291.88,0,Potential Loyalists,0,2011-11-16 08:28:00,2011-11-16 08:28:00,15.362105263157895,222,19,0
13450,27,13,4120.04,3,Loyal Customers,0,2010-04-15 19:15:00,2011-11-13 11:54:00,28.027482993197278,4318,57,576
13451,26,11,7190.92,3,Loyal Customers,0,2010-03-21 16:13:00,2011-11-13 15:58:00,6.9010748560460655,5268,561,601
13452,259,3,729.8,0,Potential Loyalists,1,2010-08-24 09:53:00,2011-03-25 14:19:00,243.26666666666665,6,2,213
13453,166,3,781.6899999999999,0,Potential Loyalists,0,2010-11-02 13:23:00,2011-06-27 09:34:00,19.542250000000003,341,33,236
13454,641,1,219.87,1,At Risk,1,2010-03-08 14:40:00,2010-03-08 14:40:00,9.559565217391304,198,23,0
13455,25,6,2905.93,0,Potential Loyalists,0,2009-12-09 08:58:00,2011-11-15 11:21:00,20.18006944444444,985,79,706
13456,18,6,1766.72,0,Potential Loyalists,0,2011-05-16 15:34:00,2011-11-22 09:18:00,28.043174603174602,765,43,189
13457,689,2,148.22,1,At Risk,1,2009-12-02 12:46:00,2010-01-20 08:48:00,16.468888888888888,96,9,48
13458,7,16,11959.27,3,Loyal Customers,0,2010-11-16 14:01:00,2011-12-02 15:29:00,24.658288659793815,6760,290,381
13459,625,2,1160.41,1,At Risk,1,2010-01-26 13:35:00,2010-03-25 10:24:00,15.896027397260275,986,57,57
13460,29,2,183.44,0,Potential Loyalists,0,2011-10-21 09:50:00,2011-11-10 17:17:00,10.790588235294118,286,16,20
13461,39,6,4160.0,0,Potential Loyalists,0,2010-04-21 16:01:00,2011-11-01 09:01:00,67.09677419354838,3132,30,558
13462,253,5,1153.85,0,Potential Loyalists,1,2009-12-14 09:48:00,2011-04-01 11:20:00,16.251408450704226,697,64,473
13464,58,6,3097.64,0,Potential Loyalists,0,2010-03-31 15:22:00,2011-10-12 15:01:00,20.514172185430464,1440,128,559
13465,446,2,931.12,1,At Risk,1,2010-05-02 15:30:00,2010-09-19 15:13:00,27.385882352941177,584,34,139
13466,184,5,1013.35,0,Potential Loyalists,1,2010-03-21 13:50:00,2011-06-08 16:39:00,18.424545454545456,660,49,444
13467,11,2,1083.71,0,Potential Loyalists,0,2011-11-03 16:56:00,2011-11-29 10:01:00,10.946565656565657,584,89,25
13468,2,46,13390.51,2,Champions,0,2009-12-03 13:32:00,2011-12-08 10:39:00,18.39355769230769,5824,290,734
13469,653,1,82.4,1,At Risk,1,2010-02-24 15:03:00,2010-02-24 15:03:00,13.733333333333334,52,6,0
13470,99,2,165.0,0,Potential Loyalists,0,2011-08-16 17:06:00,2011-09-01 14:57:00,16.5,100,7,15
13471,1,4,2531.58,0,Potential Loyalists,0,2011-10-23 13:10:00,2011-12-08 15:44:00,9.736846153846153,1590,214,46
13472,464,2,592.24,1,At Risk,1,2010-06-02 09:48:00,2010-09-02 09:41:00,21.15142857142857,310,24,91
13473,61,8,2657.76,0,Potential Loyalists,0,2009-12-15 19:02:00,2011-10-10 11:20:00,37.968,1000,65,663
13474,236,3,663.79,0,Potential Loyalists,1,2010-08-01 14:40:00,2011-04-17 13:53:00,5.106076923076923,334,116,258
13475,191,4,1431.78,0,Potential Loyalists,1,2011-02-14 12:36:00,2011-06-01 13:52:00,16.648604651162792,1012,64,107
13476,179,5,2061.4700000000003,0,Potential Loyalists,0,2010-03-05 09:39:00,2011-06-14 12:00:00,19.447830188679248,713,86,466
13477,38,11,2834.17,3,Loyal Customers,0,2010-01-25 11:52:00,2011-11-02 12:04:00,17.937784810126583,2095,112,646
13478,469,5,2215.78,1,At Risk,1,2010-01-31 15:51:00,2010-08-27 13:23:00,17.72624,1189,114,207
13479,201,4,851.37,0,Potential Loyalists,1,2010-08-19 16:18:00,2011-05-23 10:45:00,16.063584905660377,716,45,276
13480,417,2,627.82,1,At Risk,1,2010-01-29 12:35:00,2010-10-19 11:53:00,15.31268292682927,362,40,262
13481,46,11,3830.84,3,Loyal Customers,0,2009-12-04 12:37:00,2011-10-25 09:07:00,17.101964285714285,2055,162,689
13482,232,2,336.09,0,Potential Loyalists,1,2010-03-22 10:31:00,2011-04-21 17:03:00,16.804499999999997,187,20,395
13483,66,1,140.34,0,Potential Loyalists,0,2011-10-05 11:53:00,2011-10-05 11:53:00,14.034,160,10,0
13484,241,3,790.72,0,Potential Loyalists,1,2010-03-10 11:46:00,2011-04-12 16:30:00,20.274871794871796,224,38,398
13485,233,11,3019.2200000000003,3,Loyal Customers,1,2009-12-03 13:46:00,2011-04-20 13:58:00,19.108987341772153,1798,131,503
13486,78,3,1122.41,0,Potential Loyalists,0,2011-07-07 17:19:00,2011-09-22 13:13:00,16.2668115942029,669,69,76
13487,58,5,846.87,0,Potential Loyalists,0,2009-12-05 10:25:00,2011-10-13 12:07:00,17.283061224489796,362,31,677
13488,17,23,15587.88,2,Champions,0,2010-01-25 10:13:00,2011-11-22 14:41:00,21.53022099447514,7891,370,666
13489,105,4,449.52,0,Potential Loyalists,0,2011-02-18 10:42:00,2011-08-26 13:16:00,32.10857142857143,560,11,189
13490,654,1,154.25,1,At Risk,1,2010-02-23 14:48:00,2010-02-23 14:48:00,19.28125,25,8,0
13491,52,27,4566.56,3,Loyal Customers,0,2009-12-07 08:24:00,2011-10-19 08:32:00,17.039402985074627,2385,144,681
13492,136,3,1269.84,0,Potential Loyalists,0,2011-05-09 10:06:00,2011-07-26 14:25:00,25.3968,408,38,78
13493,275,2,618.63,0,Potential Loyalists,1,2011-02-25 16:42:00,2011-03-09 15:35:00,77.32875,380,6,11
13494,312,1,316.26000000000005,1,At Risk,1,2011-02-01 11:58:00,2011-02-01 11:58:00,17.570000000000004,162,18,0
13495,8,10,5374.26,3,Loyal Customers,0,2009-12-07 12:12:00,2011-12-02 11:21:00,36.5595918367347,2674,59,724
13496,11,2,653.33,0,Potential Loyalists,0,2010-12-15 10:17:00,2011-11-29 10:58:00,18.66657142857143,341,28,349
13497,283,6,1320.33,0,Potential Loyalists,1,2010-02-08 10:27:00,2011-03-02 09:04:00,19.706417910447765,579,52,386
13498,730,1,327.38,1,At Risk,1,2009-12-09 15:26:00,2009-12-09 15:26:00,19.25764705882353,362,17,0
13499,18,5,1159.11,0,Potential Loyalists,0,2011-03-15 08:52:00,2011-11-22 11:21:00,27.597857142857144,1365,31,252
13500,23,4,1466.3,0,Potential Loyalists,0,2010-11-03 13:16:00,2011-11-16 15:35:00,17.250588235294117,838,77,378
13501,288,3,2885.11,1,At Risk,1,2010-05-18 13:24:00,2011-02-24 18:59:00,25.30798245614035,1253,90,282
13502,17,5,780.5,0,Potential Loyalists,0,2010-06-09 10:52:00,2011-11-23 10:39:00,23.651515151515152,490,28,531
13503,71,6,1905.39,0,Potential Loyalists,0,2010-02-16 13:49:00,2011-09-29 13:23:00,9.623181818181818,1118,158,589
13504,64,1,295.93,0,Potential Loyalists,0,2011-10-06 13:20:00,2011-10-06 13:20:00,13.451363636363636,178,22,0
13505,73,4,4393.63,0,Potential Loyalists,0,2011-04-21 12:07:00,2011-09-28 11:56:00,20.435488372093022,2486,182,159
13506,316,5,1639.2,1,At Risk,1,2010-09-05 12:33:00,2011-01-27 13:53:00,16.726530612244897,1174,55,144
13507,3,4,2479.16,0,Potential Loyalists,0,2011-07-17 11:50:00,2011-12-06 13:13:00,15.303456790123455,1597,146,142
13508,244,2,287.05,0,Potential Loyalists,1,2010-03-07 11:58:00,2011-04-10 11:58:00,10.251785714285715,180,27,399
13509,9,8,1114.72,0,Potential Loyalists,0,2010-07-20 12:10:00,2011-12-01 10:10:00,22.749387755102042,1214,27,498
13510,1,11,4558.29,3,Loyal Customers,0,2009-12-21 11:53:00,2011-12-08 13:46:00,15.772629757785467,3044,176,717
13511,677,1,282.76,1,At Risk,1,2010-02-01 12:10:00,2010-02-01 12:10:00,56.552,60,5,0
13512,261,4,713.39,0,Potential Loyalists,1,2010-05-05 13:22:00,2011-03-24 10:03:00,18.292051282051283,419,31,322
13513,127,3,824.59,0,Potential Loyalists,0,2010-02-22 16:36:00,2011-08-05 11:50:00,20.61475,364,32,528
13514,74,4,815.9000000000001,0,Potential Loyalists,0,2010-01-26 15:11:00,2011-09-27 09:39:00,38.852380952380955,288,15,608
13515,73,6,1265.82,0,Potential Loyalists,0,2010-03-05 11:58:00,2011-09-28 11:26:00,16.655526315789473,819,64,571
13516,21,4,1685.26,0,Potential Loyalists,0,2010-10-18 08:52:00,2011-11-18 13:15:00,27.6272131147541,1114,55,396
13517,60,3,2128.42,0,Potential Loyalists,0,2011-06-13 08:44:00,2011-10-11 11:43:00,15.09517730496454,1369,125,120
13518,86,1,659.4399999999999,0,Potential Loyalists,0,2011-09-15 10:29:00,2011-09-15 10:29:00,17.353684210526318,392,36,0
13519,78,2,343.21,0,Potential Loyalists,0,2010-09-23 11:45:00,2011-09-22 18:24:00,18.063684210526315,133,19,364
13520,59,11,6909.4,3,Loyal Customers,0,2009-12-17 11:11:00,2011-10-12 10:20:00,33.70439024390244,3289,81,663
13521,1,3,1093.65,0,Potential Loyalists,0,2011-11-29 15:09:00,2011-12-08 13:50:00,2.508371559633028,736,313,8
13522,30,1,125.8,0,Potential Loyalists,0,2011-11-09 15:11:00,2011-11-09 15:11:00,25.160000000000004,44,5,0
13523,33,6,5101.52,0,Potential Loyalists,0,2010-11-02 14:55:00,2011-11-06 15:11:00,22.084502164502165,2354,177,369
13524,41,5,680.1800000000001,0,Potential Loyalists,0,2011-05-04 12:26:00,2011-10-30 12:34:00,25.191851851851855,324,17,179
13525,15,2,628.78,0,Potential Loyalists,0,2011-04-05 15:36:00,2011-11-25 12:01:00,104.79666666666667,394,5,233
13526,738,2,1182.0,1,At Risk,1,2009-12-01 12:56:00,2009-12-01 13:13:00,26.863636363636363,1911,29,0
13527,34,12,4683.74,3,Loyal Customers,0,2010-01-21 12:37:00,2011-11-06 12:04:00,10.248884026258205,2762,266,653
13529,79,2,307.76,0,Potential Loyalists,0,2011-05-19 11:50:00,2011-09-22 09:15:00,20.517333333333333,74,15,125
13530,634,1,402.98,1,At Risk,1,2010-03-15 14:10:00,2010-03-15 14:10:00,22.387777777777778,272,18,0
13531,205,6,1738.52,0,Potential Loyalists,1,2009-12-03 15:20:00,2011-05-18 16:56:00,19.31688888888889,600,44,531
13532,34,1,210.31,0,Potential Loyalists,0,2011-11-06 12:25:00,2011-11-06 12:25:00,3.1865151515151515,129,66,0
13533,183,3,270.79,0,Potential Loyalists,1,2011-03-17 12:47:00,2011-06-10 11:54:00,3.563026315789474,204,61,84
13534,2,35,7720.9,3,Loyal Customers,0,2010-07-07 15:00:00,2011-12-07 14:52:00,19.696173469387755,3869,163,517
13535,403,1,89.5,1,At Risk,1,2010-11-02 11:49:00,2010-11-02 11:49:00,89.5,10,1,0
13536,1,7,3448.29,0,Potential Loyalists,0,2011-09-25 13:30:00,2011-12-08 16:38:00,19.264189944134078,2136,91,74
13537,426,2,717.85,1,At Risk,1,2010-09-14 10:41:00,2010-10-10 12:45:00,17.09166666666667,337,38,26
13538,43,12,3112.73,3,Loyal Customers,0,2010-02-02 12:47:00,2011-10-27 16:34:00,21.616180555555555,963,105,632
13539,86,7,1569.36,0,Potential Loyalists,0,2010-04-28 12:04:00,2011-09-15 10:18:00,18.248372093023253,710,69,504
13540,467,3,632.39,1,At Risk,1,2010-02-22 09:22:00,2010-08-29 14:20:00,19.7621875,189,26,188
13541,427,2,785.25,1,At Risk,1,2010-05-18 16:15:00,2010-10-08 16:37:00,78.525,279,10,143
13542,377,17,4006.17,3,Loyal Customers,1,2009-12-10 19:53:00,2010-11-28 11:24:00,11.887744807121662,815,98,352
13543,634,2,1439.61,1,At Risk,1,2010-01-21 14:30:00,2010-03-15 13:34:00,30.63,329,37,52
13544,40,6,829.0,0,Potential Loyalists,0,2010-03-05 11:31:00,2011-10-31 11:57:00,3.2131782945736433,358,219,605
13545,391,2,374.64,1,At Risk,1,2010-06-13 11:49:00,2010-11-14 11:27:00,6.572631578947369,257,54,153
13546,12,5,1092.14,0,Potential Loyalists,0,2010-10-11 17:23:00,2011-11-27 14:50:00,7.138169934640524,589,95,411
13547,408,1,175.53,1,At Risk,1,2010-10-27 14:14:00,2010-10-27 14:14:00,3.7346808510638296,82,44,0
13548,96,3,908.99,0,Potential Loyalists,0,2010-08-25 13:44:00,2011-09-04 14:50:00,4.860909090909091,565,169,375
13549,26,8,1005.8,0,Potential Loyalists,0,2010-11-17 12:17:00,2011-11-14 09:20:00,17.047457627118646,554,44,361
13550,383,1,349.51,1,At Risk,1,2010-11-21 15:24:00,2010-11-21 15:24:00,7.943409090909091,454,40,0
13551,319,2,244.2,1,At Risk,1,2010-02-11 15:01:00,2011-01-24 14:46:00,48.839999999999996,36,5,346
13552,66,22,6978.92,3,Loyal Customers,0,2010-02-19 13:28:00,2011-10-04 15:19:00,33.5525,2654,162,592
13553,675,1,517.8,1,At Risk,1,2010-02-03 12:21:00,2010-02-03 12:21:00,5.508510638297872,206,85,0
13554,380,7,1638.28,1,At Risk,1,2010-09-19 12:39:00,2010-11-24 15:05:00,8.232562814070352,581,156,66
13555,74,13,8999.19,3,Loyal Customers,0,2010-01-19 13:20:00,2011-09-27 12:36:00,22.111031941031943,4827,264,615
13556,429,2,200.82,1,At Risk,1,2010-09-30 09:01:00,2010-10-06 16:44:00,22.313333333333333,134,8,6
13557,28,13,3032.26,3,Loyal Customers,0,2009-12-08 17:41:00,2011-11-11 15:24:00,16.84588888888889,2398,126,702
13558,6,4,605.06,0,Potential Loyalists,0,2011-10-02 13:01:00,2011-12-04 11:24:00,3.457485714285714,344,123,62
13559,513,2,990.0,1,At Risk,1,2010-06-14 11:52:00,2010-07-15 09:52:00,495.0,360,1,30
13560,7,1,174.37,0,Potential Loyalists,0,2011-12-02 13:11:00,2011-12-02 13:11:00,5.283939393939394,64,32,0
13561,216,11,1820.72,0,Potential Loyalists,1,2010-02-28 13:42:00,2011-05-08 12:39:00,7.814248927038626,1136,131,433
13562,82,8,4838.18,3,Loyal Customers,0,2010-01-14 16:33:00,2011-09-19 10:51:00,24.684591836734697,1603,88,612
13563,84,2,777.53,0,Potential Loyalists,0,2011-07-22 17:21:00,2011-09-16 14:45:00,15.867959183673468,209,49,55
13564,144,37,17249.55,2,Champions,0,2009-12-02 11:55:00,2011-07-18 14:33:00,13.571636506687646,9251,484,593
13565,19,3,414.8,0,Potential Loyalists,0,2010-10-24 15:51:00,2011-11-20 14:33:00,6.913333333333333,260,45,391
13566,41,5,1708.12,0,Potential Loyalists,0,2010-03-10 12:22:00,2011-10-30 11:59:00,4.56716577540107,1266,263,598
13567,428,4,1083.69,1,At Risk,1,2010-06-16 12:48:00,2010-10-07 12:51:00,5.338374384236453,645,180,113
13568,173,1,192.85,0,Potential Loyalists,0,2011-06-19 14:42:00,2011-06-19 14:42:00,4.382954545454545,70,41,0
13569,17,4,893.78,0,Potential Loyalists,0,2010-10-07 13:05:00,2011-11-22 13:07:00,4.176542056074767,402,140,411
13570,243,1,239.49,0,Potential Loyalists,1,2011-04-10 13:36:00,2011-04-10 13:36:00,8.870000000000001,161,27,0
13571,13,26,4546.54,3,Loyal Customers,0,2009-12-08 13:02:00,2011-11-27 10:47:00,6.7256508875739645,3197,263,718
13572,206,1,1384.25,0,Potential Loyalists,1,2011-05-18 11:59:00,2011-05-18 11:59:00,41.946969696969695,534,32,0
13573,50,6,916.47,0,Potential Loyalists,0,2010-03-12 16:06:00,2011-10-20 14:33:00,10.297415730337079,660,73,586
13574,411,1,421.25,1,At Risk,1,2010-10-24 13:28:00,2010-10-24 13:28:00,4.089805825242719,316,84,0
13575,23,5,732.0699999999999,0,Potential Loyalists,0,2011-06-16 14:24:00,2011-11-16 13:14:00,15.914565217391305,449,41,152
13576,10,28,11551.74,3,Loyal Customers,0,2009-12-08 15:12:00,2011-11-29 15:34:00,41.40408602150538,4614,145,721
13577,25,11,3489.28,3,Loyal Customers,0,2009-12-14 16:10:00,2011-11-14 15:19:00,20.76952380952381,1661,102,699
13578,409,1,147.66,1,At Risk,1,2010-10-26 13:44:00,2010-10-26 13:44:00,16.406666666666666,127,9,0
13579,15,5,1539.04,0,Potential Loyalists,0,2010-02-18 13:53:00,2011-11-25 08:41:00,17.100444444444445,764,72,644
13580,406,1,107.75,1,At Risk,1,2010-10-29 15:01:00,2010-10-29 15:01:00,21.55,45,5,0
13581,309,2,280.53000000000003,1,At Risk,1,2010-10-21 16:30:00,2011-02-03 14:41:00,8.500909090909092,119,32,104
13582,390,2,241.68,1,At Risk,1,2010-04-01 11:38:00,2010-11-15 11:34:00,21.970909090909092,106,10,227
13583,156,2,1445.031,0,Potential Loyalists,0,2010-01-29 13:53:00,2011-07-07 10:40:00,15.052406249999999,1097,93,523
13584,307,3,392.45,1,At Risk,1,2010-02-02 08:40:00,2011-02-06 12:49:00,4.728313253012048,363,74,369
13585,531,3,684.54,1,At Risk,1,2009-12-01 14:56:00,2010-06-27 12:33:00,17.552307692307693,1386,29,207
13586,541,1,131.53,1,At Risk,1,2010-06-16 13:47:00,2010-06-16 13:47:00,6.263333333333334,39,20,0
13587,64,4,1673.5,0,Potential Loyalists,0,2010-02-14 13:17:00,2011-10-07 12:31:00,55.78333333333333,664,27,599
13588,16,9,2478.95,0,Potential Loyalists,0,2011-03-29 15:53:00,2011-11-24 10:42:00,14.246839080459768,2606,131,239
13589,15,6,1120.74,0,Potential Loyalists,0,2009-12-06 10:26:00,2011-11-25 12:10:00,21.552692307692308,293,48,719
13590,11,18,6349.59,3,Loyal Customers,0,2009-12-01 13:37:00,2011-11-28 12:54:00,15.486804878048781,5276,255,726
13591,65,7,2093.94,0,Potential Loyalists,0,2009-12-14 15:44:00,2011-10-06 12:26:00,20.732079207920794,850,89,660
13592,36,4,247.96,0,Potential Loyalists,0,2011-03-20 14:01:00,2011-11-04 09:49:00,15.497499999999999,84,15,228
13593,108,14,5523.6900000000005,3,Loyal Customers,0,2010-03-02 16:36:00,2011-08-23 13:35:00,13.472414634146343,2190,212,538
13594,53,2,533.32,0,Potential Loyalists,0,2010-08-11 10:23:00,2011-10-18 10:19:00,16.161212121212124,396,31,432
13595,517,3,818.22,1,At Risk,1,2010-03-03 14:42:00,2010-07-11 12:36:00,5.383026315789474,353,114,129
13596,6,2,697.04,0,Potential Loyalists,0,2011-11-27 11:57:00,2011-12-04 12:01:00,4.199036144578313,406,133,7
13597,400,2,396.71,1,At Risk,1,2010-11-02 09:30:00,2010-11-04 14:54:00,23.335882352941177,231,17,2
13598,47,5,789.59,0,Potential Loyalists,0,2010-02-26 11:22:00,2011-10-23 14:28:00,7.975656565656566,401,78,604
13599,1,33,10167.63,2,Champions,0,2009-12-01 12:30:00,2011-12-08 16:10:00,24.79909756097561,6494,235,737
13600,312,2,518.42,1,At Risk,1,2010-03-15 17:16:00,2011-01-31 15:27:00,12.644390243902437,599,35,321
13601,45,4,1185.14,0,Potential Loyalists,0,2010-06-11 15:03:00,2011-10-25 17:31:00,6.077641025641026,972,160,501
13602,65,4,1025.17,0,Potential Loyalists,0,2010-05-28 11:49:00,2011-10-06 11:47:00,17.67534482758621,538,49,495
13603,26,1,164.34,0,Potential Loyalists,0,2011-11-13 15:57:00,2011-11-13 15:57:00,6.086666666666667,164,27,0
13604,659,1,717.62,1,At Risk,1,2010-02-19 12:02:00,2010-02-19 12:02:00,34.172380952380955,242,21,0
13605,387,2,522.67,1,At Risk,1,2010-05-17 15:46:00,2010-11-17 17:16:00,9.861698113207547,425,50,184
13606,29,3,280.54,0,Potential Loyalists,0,2011-02-01 11:42:00,2011-11-10 17:46:00,6.524186046511629,279,40,282
13607,40,2,1078.31,0,Potential Loyalists,0,2010-11-02 11:48:00,2011-10-30 16:17:00,8.838606557377048,468,110,362
13608,541,1,236.2,1,At Risk,1,2010-06-17 12:28:00,2010-06-17 12:28:00,6.561111111111111,113,31,0
13609,593,1,167.35,1,At Risk,1,2010-04-25 13:26:00,2010-04-25 13:26:00,23.907142857142855,19,7,0
13610,12,14,2175.88,3,Loyal Customers,0,2010-01-05 14:12:00,2011-11-27 15:38:00,5.23048076923077,909,309,691
13611,89,10,3319.53,3,Loyal Customers,0,2009-12-03 07:57:00,2011-09-11 14:51:00,14.495764192139738,2002,170,647
13612,633,1,818.29,1,At Risk,1,2010-03-17 12:14:00,2010-03-17 12:14:00,16.3658,444,50,0
13613,453,5,1039.85,1,At Risk,1,2010-02-17 12:40:00,2010-09-13 12:01:00,17.62457627118644,445,50,207
13614,24,6,2359.19,0,Potential Loyalists,0,2010-06-06 13:42:00,2011-11-15 14:47:00,8.70549815498155,828,227,527
13615,319,8,6272.53,3,Loyal Customers,1,2010-01-28 15:43:00,2011-01-25 08:21:00,17.091362397820163,2910,259,361
13616,568,2,288.1,1,At Risk,1,2010-01-17 14:56:00,2010-05-20 12:59:00,7.786486486486487,175,31,122
13617,40,8,1278.75,0,Potential Loyalists,0,2010-08-01 15:23:00,2011-10-30 13:50:00,11.950934579439252,593,48,454
13618,174,1,177.34,0,Potential Loyalists,0,2011-06-19 11:09:00,2011-06-19 11:09:00,13.641538461538461,246,13,0
13619,545,2,231.69,1,At Risk,1,2010-02-03 14:16:00,2010-06-13 11:39:00,4.728367346938775,84,39,129
13620,528,1,112.34,1,At Risk,1,2010-06-29 15:02:00,2010-06-29 15:02:00,22.468,74,5,0
13621,117,1,213.85,0,Potential Loyalists,0,2011-08-15 08:26:00,2011-08-15 08:26:00,11.255263157894737,343,19,0
13622,696,1,658.95,1,At Risk,1,2010-01-12 13:22:00,2010-01-12 13:22:00,20.5921875,379,32,0
13623,31,10,2566.49,0,Potential Loyalists,0,2009-12-02 13:57:00,2011-11-09 12:00:00,8.789349315068492,1023,211,706
13624,388,1,462.08,1,At Risk,1,2010-11-16 13:43:00,2010-11-16 13:43:00,21.003636363636364,820,22,0
13625,597,1,301.26,1,At Risk,1,2010-04-22 10:50:00,2010-04-22 10:50:00,14.345714285714285,144,21,0
13626,253,2,707.04,0,Potential Loyalists,1,2010-11-25 16:12:00,2011-04-01 10:05:00,16.069090909090907,398,44,126
13627,59,7,2245.9,0,Potential Loyalists,0,2010-03-09 14:03:00,2011-10-11 14:20:00,17.410077519379847,1632,118,581
13628,676,1,310.14,1,At Risk,1,2010-02-01 14:44:00,2010-02-01 14:44:00,19.38375,106,16,0
13629,23,19,13370.86,3,Loyal Customers,0,2010-02-11 17:34:00,2011-11-16 13:21:00,153.6880459770115,7722,28,642
13630,5,7,2031.78,0,Potential Loyalists,0,2011-02-27 12:49:00,2011-12-04 15:16:00,28.61661971830986,1391,51,280
13631,100,11,3070.42,3,Loyal Customers,0,2011-03-17 17:13:00,2011-09-01 09:57:00,279.1290909090909,467,6,167
13632,25,8,3648.15,0,Potential Loyalists,0,2010-04-07 10:59:00,2011-11-15 10:51:00,16.507466063348417,1639,166,586
13634,33,16,5073.47,3,Loyal Customers,0,2010-01-10 14:26:00,2011-11-06 13:40:00,11.274377777777778,2096,269,664
13635,68,4,2999.16,0,Potential Loyalists,0,2009-12-01 09:46:00,2011-10-03 10:55:00,18.513333333333332,1884,135,671
13636,37,5,949.12,0,Potential Loyalists,0,2011-02-27 14:29:00,2011-11-03 10:30:00,15.065396825396826,592,57,248
13637,52,3,810.5,0,Potential Loyalists,0,2011-04-27 13:06:00,2011-10-18 13:32:00,8.024752475247524,409,79,174
13638,16,1,122.64,0,Potential Loyalists,0,2011-11-24 10:38:00,2011-11-24 10:38:00,15.33,93,8,0
13639,74,2,1346.27,0,Potential Loyalists,0,2010-09-29 10:05:00,2011-09-26 13:36:00,22.81813559322034,997,49,362
13640,611,1,405.0,1,At Risk,1,2010-04-07 15:33:00,2010-04-07 15:33:00,101.25,108,4,0
13641,641,5,1016.47,1,At Risk,1,2009-12-05 13:17:00,2010-03-09 07:37:00,23.10159090909091,1098,41,93
13642,216,4,514.72,0,Potential Loyalists,1,2010-10-03 12:23:00,2011-05-08 12:34:00,4.515087719298246,253,93,217
13643,31,10,2156.77,0,Potential Loyalists,0,2009-12-08 12:48:00,2011-11-08 15:37:00,21.144803921568627,902,71,700
13644,16,4,2624.26,0,Potential Loyalists,0,2011-08-26 11:53:00,2011-11-23 14:07:00,17.974383561643837,2067,144,89
13645,120,1,252.1,0,Potential Loyalists,0,2011-08-11 16:11:00,2011-08-11 16:11:00,50.42,158,5,0
13646,400,2,326.25,1,At Risk,1,2010-11-05 12:00:00,2010-11-05 12:13:00,5.625,79,58,0
13647,10,8,3071.68,0,Potential Loyalists,0,2010-04-15 12:55:00,2011-11-30 12:00:00,21.940571428571428,1803,98,593
13648,400,8,1764.02,1,At Risk,1,2009-12-01 18:13:00,2010-11-04 14:46:00,16.641698113207546,960,95,337
13649,257,6,1678.88,0,Potential Loyalists,1,2010-06-30 16:35:00,2011-03-28 11:51:00,13.324444444444445,863,97,270
13650,17,10,3288.0,3,Loyal Customers,0,2010-01-26 08:44:00,2011-11-23 12:22:00,19.11627906976744,1746,127,666
13651,35,3,226.85,0,Potential Loyalists,0,2010-11-23 09:44:00,2011-11-04 14:59:00,16.20357142857143,62,14,346
13652,46,5,2570.85,0,Potential Loyalists,0,2010-02-25 17:37:00,2011-10-25 08:51:00,16.1688679245283,1570,116,606
13653,488,1,152.2,1,At Risk,1,2010-08-09 08:19:00,2010-08-09 08:19:00,16.91111111111111,72,9,0
13654,43,11,6308.0,3,Loyal Customers,0,2009-12-02 11:43:00,2011-10-27 16:24:00,19.173252279635257,4762,262,694
13655,114,6,2280.51,0,Potential Loyalists,0,2010-04-27 09:59:00,2011-08-17 14:25:00,19.163949579831936,1225,103,477
13656,165,4,1078.85,0,Potential Loyalists,0,2010-04-23 12:50:00,2011-06-28 10:31:00,12.400574712643676,862,81,430
13657,11,2,382.14,0,Potential Loyalists,0,2011-05-22 12:35:00,2011-11-29 12:32:00,23.88375,209,16,190
13658,10,9,6025.5,3,Loyal Customers,0,2010-02-05 13:17:00,2011-11-30 10:13:00,25.424050632911392,2171,164,662
13659,206,12,4894.88,3,Loyal Customers,1,2010-02-17 09:05:00,2011-05-18 12:37:00,17.799563636363636,2539,224,455
13660,400,1,314.59,1,At Risk,1,2010-11-04 16:10:00,2010-11-04 16:10:00,7.672926829268292,137,39,0
13661,603,1,325.24,1,At Risk,1,2010-04-15 14:58:00,2010-04-15 14:58:00,19.131764705882354,118,17,0
13662,86,11,2250.11,0,Potential Loyalists,0,2010-02-19 13:21:00,2011-09-15 12:04:00,16.424160583941607,1179,126,572
13663,179,5,2047.51,0,Potential Loyalists,0,2010-03-03 10:11:00,2011-06-13 15:44:00,20.681919191919192,893,87,467
13665,386,3,1711.66,1,At Risk,1,2010-07-23 13:29:00,2010-11-18 13:06:00,16.147735849056605,1652,97,117
13666,60,5,127.9,0,Potential Loyalists,0,2009-12-04 10:48:00,2011-10-10 15:39:00,6.731578947368422,54,19,675
13667,149,1,305.02,0,Potential Loyalists,0,2011-07-13 15:42:00,2011-07-13 15:42:00,3.505977011494253,154,82,0
13668,3,35,13089.94,2,Champions,0,2009-12-11 14:28:00,2011-12-07 12:11:00,16.99992207792208,6133,411,725
13669,51,3,413.55,0,Potential Loyalists,0,2010-10-28 15:05:00,2011-10-20 09:32:00,29.539285714285715,393,13,356
13670,75,1,349.7,0,Potential Loyalists,0,2011-09-25 15:25:00,2011-09-25 15:25:00,13.988,282,25,0
13671,395,1,194.95,1,At Risk,1,2010-11-10 10:50:00,2010-11-10 10:50:00,2.5651315789473683,107,61,0
13672,301,3,419.92,1,At Risk,1,2009-12-09 11:40:00,2011-02-11 13:53:00,23.32888888888889,138,13,429
13673,19,2,396.92,0,Potential Loyalists,0,2011-11-07 15:40:00,2011-11-21 12:11:00,6.106461538461539,119,47,13
13674,433,1,240.68,1,At Risk,1,2010-10-03 10:41:00,2010-10-03 10:41:00,17.19142857142857,102,14,0
13675,151,2,486.8200000000001,0,Potential Loyalists,0,2011-02-28 12:14:00,2011-07-11 12:57:00,19.472800000000003,330,25,133
13676,539,2,243.9,1,At Risk,1,2010-03-30 16:53:00,2010-06-18 17:30:00,18.76153846153846,104,13,80
13677,405,2,556.1899999999999,1,At Risk,1,2010-07-07 17:25:00,2010-10-31 11:32:00,5.19803738317757,218,98,115
13678,152,1,232.6,0,Potential Loyalists,0,2011-07-11 10:14:00,2011-07-11 10:14:00,14.5375,924,16,0
13679,494,3,281.26,1,At Risk,1,2009-12-04 16:52:00,2010-08-03 12:13:00,5.6251999999999995,102,44,241
13680,1,12,11435.67,3,Loyal Customers,0,2009-12-04 14:14:00,2011-12-08 13:47:00,17.539371165644173,5252,354,733
13681,18,4,827.83,0,Potential Loyalists,0,2011-07-07 15:21:00,2011-11-22 11:13:00,14.523333333333333,360,37,137
13682,187,1,59.5,0,Potential Loyalists,1,2011-06-05 14:06:00,2011-06-05 14:06:00,19.833333333333332,10,3,0
13683,458,1,258.6,1,At Risk,1,2010-09-08 10:00:00,2010-09-08 10:00:00,25.860000000000003,180,10,0
13684,286,4,596.98,1,At Risk,1,2010-03-28 14:48:00,2011-02-27 10:13:00,5.476880733944954,235,81,335
13685,3,7,3119.44,0,Potential Loyalists,0,2011-10-10 12:59:00,2011-12-07 11:41:00,79.98564102564103,5056,29,57
13686,183,3,409.04,0,Potential Loyalists,1,2010-11-03 13:44:00,2011-06-10 09:10:00,12.030588235294118,378,27,218
13687,438,1,11880.84,1,At Risk,1,2010-09-27 16:30:00,2010-09-27 16:30:00,264.01866666666666,87167,45,0
13688,635,1,375.5,1,At Risk,1,2010-03-14 14:11:00,2010-03-14 14:11:00,75.1,130,5,0
13689,63,2,1259.5,0,Potential Loyalists,0,2010-09-21 10:27:00,2011-10-07 13:21:00,139.94444444444446,722,6,381
13690,59,1,172.25,0,Potential Loyalists,0,2011-10-11 15:03:00,2011-10-11 15:03:00,19.13888888888889,67,9,0
13691,396,1,212.78,1,At Risk,1,2010-11-08 17:34:00,2010-11-08 17:34:00,3.9403703703703705,145,54,0
13692,25,5,3114.4,0,Potential Loyalists,0,2010-10-15 13:28:00,2011-11-15 11:17:00,32.44166666666667,2101,83,395
13693,374,9,2011.82,1,At Risk,1,2009-12-07 11:29:00,2010-11-30 18:21:00,18.979433962264153,880,78,358
13694,4,46,29730.420199999626,2,Champions,0,2009-12-04 15:26:00,2011-12-06 09:32:00,128.8411868852459,189205,896,731
13695,31,16,2770.73,3,Loyal Customers,0,2010-05-11 11:07:00,2011-11-08 14:26:00,28.861770833333335,1791,47,546
13696,422,3,2020.4,1,At Risk,1,2010-02-11 14:17:00,2010-10-14 09:44:00,84.18333333333334,552,24,244
13697,39,1,151.29999999999998,0,Potential Loyalists,0,2011-11-01 09:14:00,2011-11-01 09:14:00,12.608333333333334,177,12,0
13698,597,2,465.53,1,At Risk,1,2010-01-27 09:02:00,2010-04-22 11:52:00,11.638250000000001,231,31,85
13699,155,2,764.15,0,Potential Loyalists,0,2010-06-07 13:03:00,2011-07-07 16:51:00,20.6527027027027,219,33,395
13700,26,13,2613.46,3,Loyal Customers,0,2010-02-07 10:53:00,2011-11-13 13:00:00,10.754979423868313,2809,163,644
13701,447,1,161.0,1,At Risk,1,2010-09-19 12:39:00,2010-09-19 12:39:00,17.88888888888889,80,9,0
13702,446,1,135.18,1,At Risk,1,2010-09-20 11:40:00,2010-09-20 11:40:00,27.036,74,5,0
13703,318,2,425.56,1,At Risk,1,2010-10-20 13:11:00,2011-01-25 13:10:00,11.501621621621622,128,36,96
13704,5,9,2308.06,0,Potential Loyalists,0,2011-09-12 14:40:00,2011-12-04 15:13:00,17.224328358208954,1531,111,83
13705,8,7,2035.33,0,Potential Loyalists,0,2010-03-25 17:19:00,2011-12-02 12:32:00,24.23011904761905,1009,55,616
13706,303,2,631.17,1,At Risk,1,2010-03-23 09:18:00,2011-02-10 09:21:00,16.609736842105264,301,38,324
13707,267,5,3365.86,0,Potential Loyalists,1,2010-06-21 11:57:00,2011-03-17 18:03:00,21.715225806451613,2210,142,269
13708,271,1,296.88,0,Potential Loyalists,1,2011-03-13 13:46:00,2011-03-13 13:46:00,5.821176470588235,306,49,0
13709,4,18,7591.75,3,Loyal Customers,0,2010-01-11 10:40:00,2011-12-06 10:28:00,18.60723039215686,4130,296,693
13710,32,3,509.52,0,Potential Loyalists,0,2010-04-06 12:54:00,2011-11-08 08:16:00,33.967999999999996,336,13,580
13711,219,9,1792.26,0,Potential Loyalists,1,2009-12-15 19:04:00,2011-05-05 10:31:00,19.48108695652174,819,80,505
13712,247,2,766.42,0,Potential Loyalists,1,2010-04-08 11:16:00,2011-04-07 12:33:00,23.224848484848483,1128,32,364
13713,408,3,743.26,1,At Risk,1,2010-05-05 16:48:00,2010-10-27 16:18:00,9.064146341463415,286,70,174
13714,465,1,161.35,1,At Risk,1,2010-08-31 13:57:00,2010-08-31 13:57:00,5.378333333333333,50,30,0
13715,281,17,8483.29,3,Loyal Customers,1,2010-03-11 15:33:00,2011-03-03 19:21:00,15.886310861423222,4934,277,357
13716,269,1,138.28,0,Potential Loyalists,1,2011-03-15 13:49:00,2011-03-15 13:49:00,6.584761904761905,138,21,0
13717,32,8,1763.3,0,Potential Loyalists,0,2010-08-11 09:40:00,2011-11-07 14:13:00,14.220161290322581,2144,110,453
13718,246,2,306.55,0,Potential Loyalists,1,2011-02-17 11:58:00,2011-04-07 13:24:00,25.545833333333334,173,9,49
13719,15,11,2815.25,3,Loyal Customers,0,2010-05-17 14:36:00,2011-11-24 15:26:00,11.216135458167331,1599,194,556
13720,117,4,799.9,0,Potential Loyalists,0,2011-03-30 09:17:00,2011-08-15 12:46:00,18.60232558139535,501,42,138
13721,36,2,741.54,0,Potential Loyalists,0,2010-11-09 17:59:00,2011-11-03 14:05:00,17.655714285714286,512,41,358
13722,132,10,5635.41,3,Loyal Customers,0,2010-03-03 14:13:00,2011-07-31 12:44:00,29.816984126984128,3059,137,514
13723,217,6,1209.2,0,Potential Loyalists,1,2010-04-07 14:32:00,2011-05-06 17:04:00,20.494915254237288,629,51,394
13724,637,1,213.01,1,At Risk,1,2010-03-12 15:28:00,2010-03-12 15:28:00,5.071666666666666,130,39,0
13725,50,8,1980.56,0,Potential Loyalists,0,2011-02-04 12:18:00,2011-10-21 10:03:00,19.043846153846154,806,95,258
13726,39,2,1079.66,0,Potential Loyalists,0,2011-08-31 11:06:00,2011-11-01 10:49:00,25.70619047619048,1054,39,61
13727,29,8,1080.05,0,Potential Loyalists,0,2009-12-09 13:25:00,2011-11-11 09:46:00,12.857738095238094,370,74,701
13728,37,16,2855.17,3,Loyal Customers,0,2009-12-09 17:13:00,2011-11-03 10:49:00,17.409573170731708,1269,75,693
13729,436,3,724.73,1,At Risk,1,2010-01-24 14:57:00,2010-09-30 10:44:00,18.582820512820515,419,36,248
13730,136,2,752.6,0,Potential Loyalists,0,2011-07-01 12:47:00,2011-07-27 08:35:00,17.50232558139535,488,38,25
13731,219,2,610.59,0,Potential Loyalists,1,2011-04-07 10:10:00,2011-05-04 14:33:00,16.068157894736842,278,36,27
13732,28,1,491.86,0,Potential Loyalists,0,2011-11-11 15:49:00,2011-11-11 15:49:00,14.904848484848486,498,33,0
13733,411,2,487.03,1,At Risk,1,2009-12-04 15:28:00,2010-10-25 12:18:00,16.794137931034484,335,28,324
13734,509,4,6701.640000000001,1,At Risk,1,2010-04-16 08:42:00,2010-07-19 12:04:00,239.34428571428575,303,24,94
13735,25,13,9813.22,3,Loyal Customers,0,2009-12-13 13:31:00,2011-11-15 11:14:00,14.959176829268293,4158,362,701
13736,5,7,2766.21,0,Potential Loyalists,0,2009-12-06 12:07:00,2011-12-04 15:19:00,4.966265709156194,1552,325,728
13737,200,1,339.6,0,Potential Loyalists,1,2011-05-23 16:32:00,2011-05-23 16:32:00,11.32,125,29,0
13738,396,1,440.93,1,At Risk,1,2010-11-08 15:23:00,2010-11-08 15:23:00,4.792717391304348,240,88,0
13739,18,2,292.2,0,Potential Loyalists,0,2010-06-30 10:25:00,2011-11-21 13:35:00,48.699999999999996,76,6,509
13740,241,5,1597.77,0,Potential Loyalists,1,2009-12-02 12:22:00,2011-04-13 10:32:00,16.818631578947368,991,83,496
13741,72,3,668.4300000000001,0,Potential Loyalists,0,2011-05-06 13:43:00,2011-09-29 09:19:00,19.65970588235294,218,34,145
13742,17,12,3131.02,3,Loyal Customers,0,2011-01-23 14:59:00,2011-11-23 11:07:00,9.753956386292835,1124,200,303
13743,3,7,1341.6,0,Potential Loyalists,0,2011-03-25 14:46:00,2011-12-07 10:09:00,32.72195121951219,1776,8,256
13744,95,2,1156.36,0,Potential Loyalists,0,2011-02-20 14:08:00,2011-09-05 15:19:00,16.060555555555553,1249,54,197
13745,162,2,777.36,0,Potential Loyalists,0,2010-06-11 17:19:00,2011-06-30 16:43:00,13.881428571428572,1146,46,383
13746,414,1,176.69,1,At Risk,1,2010-10-22 11:55:00,2010-10-22 11:55:00,19.63222222222222,83,9,0
13747,374,2,249.4,1,At Risk,1,2010-10-11 09:15:00,2010-12-01 10:37:00,41.56666666666666,68,4,51
13748,96,9,2268.35,0,Potential Loyalists,0,2009-12-01 16:44:00,2011-09-05 09:45:00,38.44661016949152,1108,40,642
13750,54,11,3602.1800000000003,3,Loyal Customers,0,2010-04-01 14:49:00,2011-10-17 12:16:00,48.029066666666665,1370,51,563
13751,288,1,296.25,1,At Risk,1,2011-02-24 15:56:00,2011-02-24 15:56:00,32.916666666666664,152,9,0
13752,124,7,1590.73,0,Potential Loyalists,0,2010-06-30 10:23:00,2011-08-07 14:16:00,16.744526315789475,1007,75,403
13753,288,4,2094.57,1,At Risk,1,2009-12-03 10:20:00,2011-02-25 12:48:00,26.182125000000003,1450,64,449
13754,152,3,447.05,0,Potential Loyalists,0,2010-09-28 15:29:00,2011-07-11 11:51:00,21.288095238095238,315,16,285
13755,4,9,2161.35,0,Potential Loyalists,0,2011-10-07 15:45:00,2011-12-06 12:26:00,6.319736842105263,1264,232,59
13756,2,23,9207.5,3,Loyal Customers,0,2009-12-15 15:18:00,2011-12-07 16:44:00,26.458333333333332,5441,142,722
13757,675,1,195.55,1,At Risk,1,2010-02-03 12:37:00,2010-02-03 12:37:00,24.44375,54,8,0
13758,12,15,9416.98,3,Loyal Customers,0,2009-12-01 10:06:00,2011-11-28 11:11:00,30.47566343042071,5068,213,727
13759,33,2,659.4100000000001,0,Potential Loyalists,0,2011-09-29 15:40:00,2011-11-06 14:47:00,26.376400000000004,287,24,37
13760,54,5,1363.64,0,Potential Loyalists,0,2010-04-25 13:10:00,2011-10-16 16:13:00,11.459159663865545,623,95,539
13761,50,6,1952.17,0,Potential Loyalists,0,2010-02-21 11:08:00,2011-10-20 14:01:00,16.001393442622952,1079,118,606
13762,219,5,2472.48,0,Potential Loyalists,1,2010-01-10 12:13:00,2011-05-05 09:15:00,70.64228571428572,2608,23,479
13763,63,3,5217.4400000000005,0,Potential Loyalists,0,2010-09-30 17:39:00,2011-10-07 15:13:00,104.3488,3224,50,371
13764,71,6,2953.26,0,Potential Loyalists,0,2010-03-07 12:56:00,2011-09-30 12:03:00,7.8544148936170215,2099,295,571
13765,653,1,352.821,1,At Risk,1,2010-02-24 13:46:00,2010-02-24 13:46:00,20.754176470588238,297,17,0
13766,495,1,190.35,1,At Risk,1,2010-08-01 14:25:00,2010-08-01 14:25:00,11.197058823529412,137,16,0
13767,2,46,29730.420199999626,2,Champions,0,2009-12-01 10:52:00,2011-12-07 15:00:00,44.705069182389934,15235,117,736
13768,727,2,875.97,1,At Risk,1,2009-12-09 10:25:00,2009-12-13 10:41:00,26.544545454545457,373,30,4
13769,2,20,5800.42,3,Loyal Customers,0,2009-12-16 11:59:00,2011-12-07 15:08:00,20.352350877192983,2574,121,721
13770,422,4,785.37,1,At Risk,1,2009-12-09 14:44:00,2010-10-13 15:10:00,16.361875,468,48,308
13771,64,9,5728.82,3,Loyal Customers,0,2010-02-25 12:37:00,2011-10-06 14:18:00,26.522314814814813,3140,182,588
13772,34,8,3114.22,0,Potential Loyalists,0,2010-02-23 13:55:00,2011-11-06 11:43:00,5.416034782608696,1456,394,620
13773,397,2,301.54,1,At Risk,1,2010-02-18 10:27:00,2010-11-08 11:49:00,15.870526315789474,174,19,263
13774,82,1,345.0,0,Potential Loyalists,0,2011-09-19 12:06:00,2011-09-19 12:06:00,15.681818181818182,192,22,0
13775,591,1,1049.66,1,At Risk,1,2010-04-28 12:15:00,2010-04-28 12:15:00,16.661269841269842,455,63,0
13776,428,2,623.98,1,At Risk,1,2010-10-07 16:07:00,2010-10-07 16:11:00,311.99,2,1,0
13777,1,46,29730.420199999626,2,Champions,0,2009-12-02 09:47:00,2011-12-09 12:25:00,144.44608695652173,26742,44,737
13778,103,4,1124.49,0,Potential Loyalists,0,2010-05-23 13:34:00,2011-08-28 15:25:00,25.55659090909091,511,33,462
13779,516,1,161.13,1,At Risk,1,2010-07-12 11:24:00,2010-07-12 11:24:00,5.967777777777777,53,27,0
13780,7,3,735.82,0,Potential Loyalists,0,2010-10-28 19:51:00,2011-12-02 13:49:00,7.3582,481,90,399
13781,251,3,778.83,0,Potential Loyalists,1,2009-12-18 15:46:00,2011-04-03 12:08:00,13.663684210526316,300,56,470
13782,13,13,1793.72,3,Loyal Customers,0,2009-12-06 12:52:00,2011-11-27 11:54:00,7.351311475409836,649,187,720
13783,488,4,1542.09,1,At Risk,1,2010-02-04 13:47:00,2010-08-09 09:23:00,154.209,3437,4,185
13784,10,14,2910.23,3,Loyal Customers,0,2010-09-15 12:27:00,2011-11-30 09:33:00,67.67976744186046,2827,13,440
13785,429,4,542.49,1,At Risk,1,2010-09-05 16:01:00,2010-10-07 09:25:00,18.083000000000002,151,26,31
13786,367,6,3358.94,1,At Risk,1,2009-12-03 15:32:00,2010-12-07 13:53:00,27.088225806451614,1652,80,368
13787,76,6,1222.5,0,Potential Loyalists,0,2010-01-14 10:13:00,2011-09-25 12:06:00,14.215116279069768,998,71,619
13788,505,1,3.75,1,At Risk,1,2010-07-22 15:50:00,2010-07-22 15:50:00,3.75,1,1,0
13789,388,1,239.46,1,At Risk,1,2010-11-16 15:31:00,2010-11-16 15:31:00,13.303333333333335,258,18,0
13790,4,1,348.8,0,Potential Loyalists,0,2011-12-05 15:48:00,2011-12-05 15:48:00,7.75111111111111,748,45,0
13791,128,2,1516.0,0,Potential Loyalists,0,2011-06-24 16:38:00,2011-08-04 11:44:00,137.8181818181818,1200,7,40
13792,66,3,383.95,0,Potential Loyalists,0,2010-10-13 11:05:00,2011-10-04 14:31:00,16.693478260869565,156,23,356
13793,647,1,96.0,1,At Risk,1,2010-03-03 08:25:00,2010-03-03 08:25:00,13.714285714285714,52,7,0
13794,547,1,126.03,1,At Risk,1,2010-06-11 12:30:00,2010-06-11 12:30:00,14.003333333333334,63,9,0
13795,388,4,836.3,1,At Risk,1,2010-03-12 12:44:00,2010-11-16 17:25:00,28.837931034482757,1250,23,249
13796,499,1,289.7,1,At Risk,1,2010-07-28 14:45:00,2010-07-28 14:45:00,13.168181818181818,218,22,0
13797,437,3,1179.45,1,At Risk,1,2010-03-02 12:17:00,2010-09-29 10:34:00,15.121153846153847,573,71,210
13798,1,46,29730.420199999626,2,Champions,0,2009-12-08 16:21:00,2011-12-08 15:51:00,105.03721606648199,48347,168,729
13799,117,9,2803.57,0,Potential Loyalists,0,2010-03-05 16:39:00,2011-08-15 12:07:00,26.448773584905663,1539,64,527
13800,310,3,1679.56,1,At Risk,1,2009-12-03 10:03:00,2011-02-03 12:27:00,23.00767123287671,891,73,427
13801,67,1,324.8,0,Potential Loyalists,0,2011-10-04 10:15:00,2011-10-04 10:15:00,14.121739130434783,168,23,0
13802,139,19,26259.11,2,Champions,0,2010-02-16 10:11:00,2011-07-24 10:54:00,58.61408482142857,14129,212,523
13803,255,3,1338.91,0,Potential Loyalists,1,2010-03-31 10:00:00,2011-03-29 12:57:00,17.16551282051282,831,73,363
13804,31,9,3208.52,0,Potential Loyalists,0,2010-09-29 10:26:00,2011-11-09 12:32:00,18.985325443786984,1833,149,406
13805,52,2,924.6,0,Potential Loyalists,0,2011-08-02 15:29:00,2011-10-18 14:50:00,71.12307692307692,1900,10,76
13806,64,1,256.38,0,Potential Loyalists,0,2011-10-07 11:43:00,2011-10-07 11:43:00,25.637999999999998,56,10,0
13807,367,3,534.8,1,At Risk,1,2009-12-04 12:41:00,2010-12-07 15:48:00,16.7125,152,24,368
13808,6,5,1747.66,0,Potential Loyalists,0,2011-09-04 12:07:00,2011-12-04 12:18:00,22.995526315789476,782,70,91
13809,305,3,679.7,1,At Risk,1,2010-09-05 11:42:00,2011-02-07 13:15:00,27.188,281,23,155
13810,29,3,1499.01,0,Potential Loyalists,0,2011-10-14 12:57:00,2011-11-11 08:33:00,42.828857142857146,312,32,27
13811,184,3,814.5,0,Potential Loyalists,1,2011-04-14 18:40:00,2011-06-09 09:54:00,62.65384615384615,68,7,55
13812,42,3,539.0,0,Potential Loyalists,0,2011-08-26 12:54:00,2011-10-28 14:27:00,14.972222222222221,333,33,63
13813,40,8,2765.47,0,Potential Loyalists,0,2009-12-06 10:16:00,2011-10-31 10:38:00,19.33895104895105,1292,84,694
13814,92,3,2257.32,0,Potential Loyalists,0,2010-06-30 14:12:00,2011-09-08 13:48:00,28.573670886075952,1214,56,434
13815,22,8,7475.74,3,Loyal Customers,0,2010-02-12 10:26:00,2011-11-17 14:19:00,20.999269662921346,5381,203,643
13816,24,2,571.6700000000001,0,Potential Loyalists,0,2011-10-06 14:37:00,2011-11-16 08:38:00,20.416785714285716,269,25,40
13817,29,2,382.98,0,Potential Loyalists,0,2010-12-23 11:46:00,2011-11-10 17:49:00,15.957500000000001,211,20,322
13818,430,1,61.28,1,At Risk,1,2010-10-06 12:35:00,2010-10-06 12:35:00,12.256,60,5,0
13819,302,6,2642.35,1,At Risk,1,2009-12-01 16:18:00,2011-02-11 10:38:00,26.161881188118812,2309,47,436
13820,418,3,660.65,1,At Risk,1,2010-01-28 12:26:00,2010-10-17 13:46:00,7.3405555555555555,287,68,262
13821,145,6,1410.73,0,Potential Loyalists,0,2010-01-04 13:36:00,2011-07-18 09:49:00,6.749904306220095,483,158,559
13822,6,2,632.0,0,Potential Loyalists,0,2011-10-30 15:55:00,2011-12-04 12:13:00,6.583333333333333,611,90,34
13823,19,7,3403.4500000000003,0,Potential Loyalists,0,2009-12-15 14:34:00,2011-11-21 10:22:00,20.880061349693253,1564,108,705
13824,33,12,3314.76,3,Loyal Customers,0,2010-03-12 15:17:00,2011-11-07 12:41:00,33.147600000000004,1442,59,604
13825,622,2,255.59,1,At Risk,1,2009-12-09 14:30:00,2010-03-28 11:02:00,6.38975,182,38,108
13826,176,1,189.5,0,Potential Loyalists,0,2011-06-16 13:48:00,2011-06-16 13:48:00,18.95,82,10,0
13827,58,3,412.05,0,Potential Loyalists,0,2011-07-19 15:38:00,2011-10-13 12:38:00,4.430645161290323,141,83,85
13828,22,1,209.49,0,Potential Loyalists,0,2011-11-17 16:02:00,2011-11-17 16:02:00,13.966000000000001,311,15,0
13829,421,1,102.0,1,At Risk,1,2010-10-14 18:19:00,2010-10-14 18:19:00,102.0,12,1,0
13830,582,1,156.85000000000002,1,At Risk,1,2010-05-07 12:24:00,2010-05-07 12:24:00,14.259090909090911,47,11,0
13831,16,18,7023.58,3,Loyal Customers,0,2009-12-10 14:50:00,2011-11-23 15:41:00,37.5592513368984,2557,121,713
13832,19,2,613.6899999999999,0,Potential Loyalists,0,2010-10-13 14:41:00,2011-11-20 15:36:00,10.766491228070175,422,54,403
13833,159,2,701.36,0,Potential Loyalists,0,2010-10-31 14:11:00,2011-07-03 13:27:00,15.585777777777778,244,43,244
13834,577,2,324.19,1,At Risk,1,2010-02-08 12:52:00,2010-05-12 10:27:00,20.261875,221,15,92
13835,25,7,1095.27,0,Potential Loyalists,0,2010-03-04 08:26:00,2011-11-14 15:37:00,15.426338028169013,520,60,620
13836,399,2,620.37,1,At Risk,1,2010-10-21 13:27:00,2010-11-05 13:31:00,20.011935483870968,273,29,15
13837,212,2,271.24,0,Potential Loyalists,1,2011-01-26 12:15:00,2011-05-12 12:10:00,14.275789473684211,183,17,105
13838,6,10,1966.09,0,Potential Loyalists,0,2010-05-09 11:40:00,2011-12-04 11:00:00,4.165444915254237,794,328,573
13839,486,1,139.95000000000002,1,At Risk,1,2010-08-10 13:52:00,2010-08-10 13:52:00,19.992857142857144,25,7,0
13840,416,1,651.4,1,At Risk,1,2010-10-19 13:34:00,2010-10-19 13:34:00,16.285,358,40,0
13841,253,1,85.0,0,Potential Loyalists,1,2011-04-01 12:10:00,2011-04-01 12:10:00,85.0,100,1,0
13842,59,18,5629.91,3,Loyal Customers,0,2010-02-16 15:54:00,2011-10-12 10:51:00,15.858901408450704,2879,214,602
13843,381,1,319.75,1,At Risk,1,2010-11-23 17:48:00,2010-11-23 17:48:00,17.76388888888889,145,18,0
13844,11,1,361.62,0,Potential Loyalists,0,2011-11-28 13:21:00,2011-11-28 13:21:00,18.081,196,20,0
13845,65,1,312.98,0,Potential Loyalists,0,2011-10-06 08:25:00,2011-10-06 08:25:00,34.775555555555556,182,9,0
13846,25,4,1307.79,0,Potential Loyalists,0,2010-11-05 09:47:00,2011-11-15 12:07:00,16.145555555555553,705,81,375
13847,720,1,310.72,1,At Risk,1,2009-12-20 10:41:00,2009-12-20 10:41:00,16.353684210526318,96,19,0
13848,92,8,3335.0,0,Potential Loyalists,0,2009-12-09 16:17:00,2011-09-08 12:58:00,303.1818181818182,10200,3,637
13849,52,5,3469.3,0,Potential Loyalists,0,2010-03-25 12:03:00,2011-10-19 10:59:00,15.769545454545455,1883,189,572
13850,129,1,1595.48,0,Potential Loyalists,0,2011-08-02 14:04:00,2011-08-02 14:04:00,17.155698924731183,944,93,0
13851,96,8,4606.46,0,Potential Loyalists,0,2010-01-29 11:54:00,2011-09-05 12:36:00,32.903285714285715,2525,111,584
13852,611,1,187.35,1,At Risk,1,2010-04-08 09:06:00,2010-04-08 09:06:00,17.031818181818185,85,11,0
13853,57,1,1090.14,0,Potential Loyalists,0,2011-10-13 14:18:00,2011-10-13 14:18:00,47.39739130434782,312,23,0
13854,9,39,12253.96,2,Champions,0,2010-01-08 11:28:00,2011-12-01 09:06:00,67.70143646408839,3710,61,691
13855,501,4,1310.34,1,At Risk,1,2009-12-08 16:56:00,2010-07-27 09:53:00,17.949863013698632,575,64,230
13856,169,11,1142.03,0,Potential Loyalists,0,2010-03-30 15:40:00,2011-06-24 10:03:00,21.148703703703703,1105,33,450
13857,393,6,1001.01,1,At Risk,1,2010-05-17 14:21:00,2010-11-11 12:54:00,7.820390625,782,99,177
13858,57,1,216.17,0,Potential Loyalists,0,2011-10-13 16:17:00,2011-10-13 16:17:00,19.651818181818182,75,11,0
13859,326,2,515.86,1,At Risk,1,2010-06-28 15:36:00,2011-01-17 16:14:00,14.329444444444444,167,34,203
13860,1,5,1245.9,0,Potential Loyalists,0,2011-09-14 09:27:00,2011-12-08 12:57:00,16.39342105263158,591,58,85
13861,429,2,273.26,1,At Risk,1,2010-06-27 11:37:00,2010-10-06 14:20:00,13.012380952380951,225,21,101
13862,18,9,2556.09,0,Potential Loyalists,0,2010-11-15 13:43:00,2011-11-21 16:24:00,15.9755625,1927,113,371
13863,248,4,1239.55,0,Potential Loyalists,1,2010-04-25 13:09:00,2011-04-06 10:20:00,17.707857142857144,553,59,345
13864,387,1,662.4000000000001,1,At Risk,1,2010-11-18 12:50:00,2010-11-18 12:50:00,662.4000000000001,192,1,0
13865,58,4,501.56,0,Potential Loyalists,0,2011-02-23 12:04:00,2011-10-12 13:31:00,16.718666666666667,204,26,231
13866,74,1,145.67000000000002,0,Potential Loyalists,0,2011-09-26 14:54:00,2011-09-26 14:54:00,20.81,57,7,0
13867,31,3,1015.29,0,Potential Loyalists,0,2011-05-05 17:28:00,2011-11-08 15:48:00,16.644098360655736,513,51,186
13868,7,2,3192.54,0,Potential Loyalists,0,2011-11-01 12:45:00,2011-12-02 16:32:00,96.74363636363637,1964,32,31
13869,123,10,8111.57,3,Loyal Customers,0,2010-01-17 14:53:00,2011-08-08 13:53:00,9.432058139534883,4358,502,567
13870,2,15,5712.08,3,Loyal Customers,0,2010-02-08 12:08:00,2011-12-07 13:23:00,23.701576763485477,3449,159,667
13871,23,17,7885.85,3,Loyal Customers,0,2009-12-20 13:09:00,2011-11-17 10:49:00,19.616542288557216,3502,183,696
13872,527,3,919.57,1,At Risk,1,2009-12-14 09:56:00,2010-06-30 15:35:00,16.13280701754386,339,51,198
13873,120,8,1038.92,0,Potential Loyalists,0,2010-03-03 12:31:00,2011-08-12 10:08:00,17.315333333333335,472,55,526
13874,358,7,2049.15,1,At Risk,1,2010-02-04 18:39:00,2010-12-16 18:20:00,29.697826086956525,864,46,314
13875,54,14,4814.37,3,Loyal Customers,0,2009-12-17 10:30:00,2011-10-17 09:36:00,17.831,3072,159,668
13876,64,1,122.7,0,Potential Loyalists,0,2011-10-07 10:22:00,2011-10-07 10:22:00,17.52857142857143,36,7,0
13877,86,3,449.68,0,Potential Loyalists,0,2010-01-19 10:53:00,2011-09-14 15:49:00,19.551304347826086,478,23,603
13878,55,4,2473.06,0,Potential Loyalists,0,2010-04-14 13:50:00,2011-10-16 12:19:00,23.112710280373832,959,93,549
13879,646,1,395.5,1,At Risk,1,2010-03-04 10:49:00,2010-03-04 10:49:00,15.82,204,25,0
13880,21,17,4391.66,3,Loyal Customers,0,2010-05-26 14:29:00,2011-11-18 13:44:00,19.177554585152837,2589,148,540
13881,4,43,29730.420199999626,2,Champions,0,2010-03-04 14:41:00,2011-12-06 12:50:00,98.8601750547046,29760,182,641
13882,3,5,1191.13,0,Potential Loyalists,0,2011-10-06 15:28:00,2011-12-07 11:16:00,18.325076923076924,953,54,61
13883,11,15,6560.02,3,Loyal Customers,0,2009-12-08 17:26:00,2011-11-29 10:45:00,20.759556962025318,3584,200,720
13884,7,10,1888.48,0,Potential Loyalists,0,2010-08-26 19:57:00,2011-12-02 16:30:00,9.939368421052631,797,108,462
13885,189,2,506.8,0,Potential Loyalists,1,2011-05-23 08:52:00,2011-06-03 15:07:00,18.1,182,28,11
13886,71,1,243.56,0,Potential Loyalists,0,2011-09-29 13:17:00,2011-09-29 13:17:00,15.2225,126,16,0
13887,204,1,349.55,0,Potential Loyalists,1,2011-05-19 17:22:00,2011-05-19 17:22:00,18.397368421052633,147,19,0
13888,120,7,2169.05,0,Potential Loyalists,0,2010-05-13 11:57:00,2011-08-12 10:13:00,11.788315217391306,903,124,455
13889,93,6,1991.23,0,Potential Loyalists,0,2010-01-22 14:32:00,2011-09-08 09:13:00,23.990722891566264,979,57,593
13890,1,14,2927.38,3,Loyal Customers,0,2009-12-06 15:15:00,2011-12-08 15:36:00,16.921271676300577,1392,100,732
13891,378,3,863.5600000000001,1,At Risk,1,2010-05-06 16:02:00,2010-11-26 15:57:00,8.6356,479,97,203
13892,27,6,1267.65,0,Potential Loyalists,0,2010-05-13 10:32:00,2011-11-13 11:50:00,35.212500000000006,3125,33,549
13893,298,1,821.1,1,At Risk,1,2011-02-15 11:30:00,2011-02-15 11:30:00,39.1,190,21,0
13894,24,3,564.62,0,Potential Loyalists,0,2011-02-02 12:54:00,2011-11-16 09:44:00,20.911851851851853,354,25,286
13895,28,6,4008.52,0,Potential Loyalists,0,2009-12-03 13:09:00,2011-11-11 16:57:00,21.551182795698924,2060,154,708
13896,626,1,388.55,1,At Risk,1,2010-03-24 08:55:00,2010-03-24 08:55:00,18.502380952380953,149,21,0
13897,50,3,1160.72,0,Potential Loyalists,0,2010-01-31 13:48:00,2011-10-20 14:30:00,19.67322033898305,820,58,627
13898,326,2,686.4,1,At Risk,1,2010-10-24 15:42:00,2011-01-18 10:28:00,14.921739130434782,544,43,85
13899,16,2,388.52,0,Potential Loyalists,0,2011-03-10 09:30:00,2011-11-23 13:40:00,20.448421052631577,156,19,258
13900,183,6,1610.59,0,Potential Loyalists,1,2010-03-25 13:46:00,2011-06-09 19:26:00,16.953578947368424,938,80,441
13901,72,15,5676.34,3,Loyal Customers,0,2010-01-05 09:29:00,2011-09-28 14:48:00,18.310774193548387,3344,280,631
13902,632,5,29730.420199999626,2,Champions,1,2009-12-15 10:02:00,2010-03-17 13:09:00,541.1946031746032,220600,58,92
13903,400,1,165.45000000000002,1,At Risk,1,2010-11-04 17:44:00,2010-11-04 17:44:00,16.545,103,10,0
13904,37,2,332.64,0,Potential Loyalists,0,2011-02-18 11:18:00,2011-11-02 13:41:00,12.793846153846154,332,24,257
13905,733,1,312.65,1,At Risk,1,2009-12-07 11:41:00,2009-12-07 11:41:00,26.054166666666664,135,12,0
13906,409,1,42.0,1,At Risk,1,2010-10-26 15:00:00,2010-10-26 15:00:00,42.0,100,1,0
13907,692,1,136.8,1,At Risk,1,2010-01-17 12:22:00,2010-01-17 12:22:00,34.2,68,4,0
13908,80,4,2369.55,0,Potential Loyalists,0,2011-03-08 12:04:00,2011-09-21 11:49:00,19.42254098360656,1478,104,196
13909,423,2,286.6,1,At Risk,1,2010-07-06 16:52:00,2010-10-12 17:22:00,7.348717948717949,302,35,98
13911,57,20,4234.99,3,Loyal Customers,0,2010-03-01 16:31:00,2011-10-13 15:43:00,17.7940756302521,4487,178,590
13912,424,1,124.95,1,At Risk,1,2010-10-12 08:43:00,2010-10-12 08:43:00,17.85,29,7,0
13913,507,1,42.22,1,At Risk,1,2010-07-21 10:11:00,2010-07-21 10:11:00,14.073333333333332,10,3,0
13914,12,2,626.45,0,Potential Loyalists,0,2011-11-03 16:28:00,2011-11-28 10:35:00,18.983333333333334,380,28,24
13915,394,1,70.80000000000001,1,At Risk,1,2010-11-10 15:17:00,2010-11-10 15:17:00,35.400000000000006,24,2,0
13916,464,4,1275.81,1,At Risk,1,2010-02-02 10:06:00,2010-09-02 10:04:00,17.240675675675675,673,72,211
13917,50,2,272.04,0,Potential Loyalists,0,2011-06-01 12:46:00,2011-10-21 09:56:00,15.113333333333335,228,16,141
13918,50,2,1212.84,0,Potential Loyalists,0,2011-03-31 18:05:00,2011-10-21 12:25:00,40.428000000000004,1140,30,203
13919,59,4,1360.68,0,Potential Loyalists,0,2010-06-17 09:30:00,2011-10-11 14:24:00,17.67116883116883,1133,65,481
13920,432,4,1774.68,1,At Risk,1,2010-05-26 15:48:00,2010-10-04 12:37:00,20.635813953488373,1772,81,130
13921,402,4,730.7,1,At Risk,1,2009-12-18 12:19:00,2010-11-02 16:32:00,16.606818181818184,210,36,319
13922,352,3,865.2,1,At Risk,1,2010-08-29 14:36:00,2010-12-23 10:38:00,28.84,467,30,115
13923,54,1,351.13,0,Potential Loyalists,0,2011-10-17 12:33:00,2011-10-17 12:33:00,17.5565,185,20,0
13924,2,6,1838.85,0,Potential Loyalists,0,2011-09-28 15:07:00,2011-12-08 09:39:00,15.716666666666669,1575,90,70
13925,93,4,678.25,0,Potential Loyalists,0,2011-07-28 12:09:00,2011-09-08 12:47:00,16.54268292682927,331,28,42
13926,23,1,223.85,0,Potential Loyalists,0,2011-11-16 13:16:00,2011-11-16 13:16:00,20.35,104,11,0
13927,75,2,708.26,0,Potential Loyalists,0,2010-09-28 16:12:00,2011-09-26 12:00:00,17.274634146341462,463,37,362
13928,11,4,464.57,0,Potential Loyalists,0,2011-07-29 15:59:00,2011-11-29 10:33:00,17.206296296296298,129,23,122
13929,169,11,3494.1,3,Loyal Customers,0,2010-01-14 07:25:00,2011-06-23 15:26:00,61.3,1566,38,525
13930,58,2,337.34,0,Potential Loyalists,0,2011-07-26 11:00:00,2011-10-13 09:45:00,19.843529411764706,274,15,78
13931,96,11,5257.38,3,Loyal Customers,0,2009-12-03 10:26:00,2011-09-05 10:12:00,19.399926199261994,3488,205,640
13932,295,1,307.4,1,At Risk,1,2011-02-18 12:02:00,2011-02-18 12:02:00,19.2125,72,16,0
13933,109,2,608.7900000000001,0,Potential Loyalists,0,2011-07-14 13:35:00,2011-08-22 14:03:00,26.469130434782606,205,23,39
13934,264,1,922.1,0,Potential Loyalists,1,2011-03-21 08:39:00,2011-03-21 08:39:00,29.74516129032258,390,31,0
13935,597,3,6116.92,1,At Risk,1,2010-02-25 16:01:00,2010-04-22 11:21:00,76.4615,2252,67,55
13936,180,3,939.66,0,Potential Loyalists,0,2010-10-21 14:21:00,2011-06-13 08:47:00,15.926440677966102,661,56,234
13937,169,2,880.13,0,Potential Loyalists,0,2010-11-02 12:37:00,2011-06-23 16:35:00,16.298703703703705,587,54,233
13938,35,1,71.66,0,Potential Loyalists,0,2011-11-04 14:37:00,2011-11-04 14:37:00,10.237142857142857,70,7,0
13939,23,7,1560.96,0,Potential Loyalists,0,2010-04-06 12:43:00,2011-11-16 13:33:00,14.190545454545456,1608,91,589
13940,17,4,839.14,0,Potential Loyalists,0,2011-07-18 16:05:00,2011-11-22 15:15:00,17.12530612244898,516,39,126
13941,22,15,11122.3,3,Loyal Customers,0,2009-12-16 16:10:00,2011-11-18 09:43:00,105.92666666666668,5426,42,701
13942,535,1,320.0,1,At Risk,1,2010-06-23 12:35:00,2010-06-23 12:35:00,320.0,1000,1,0
13943,578,1,246.54,1,At Risk,1,2010-05-11 11:30:00,2010-05-11 11:30:00,16.436,94,15,0
13944,653,1,200.43,1,At Risk,1,2010-02-24 15:02:00,2010-02-24 15:02:00,5.726571428571429,153,35,0
13945,395,2,854.15,1,At Risk,1,2010-08-17 09:59:00,2010-11-10 10:00:00,16.748039215686276,413,49,85
13946,79,6,1876.23,0,Potential Loyalists,0,2009-12-04 11:07:00,2011-09-21 13:33:00,33.504107142857144,2847,49,656
13947,65,1,90.6,0,Potential Loyalists,0,2011-10-05 14:42:00,2011-10-05 14:42:00,18.12,44,5,0
13948,361,4,548.76,1,At Risk,1,2009-12-04 12:14:00,2010-12-14 10:18:00,22.865,248,23,374
13949,3,6,2427.32,0,Potential Loyalists,0,2011-09-06 11:55:00,2011-12-07 09:35:00,15.170750000000002,2474,124,91
13950,11,4,745.06,0,Potential Loyalists,0,2011-04-07 11:29:00,2011-11-28 14:44:00,21.287428571428574,323,33,235
13951,176,3,674.45,0,Potential Loyalists,0,2011-02-18 15:21:00,2011-06-16 16:43:00,17.293589743589745,459,38,118
13952,218,14,12823.521,3,Loyal Customers,1,2009-12-16 09:41:00,2011-05-06 09:00:00,31.35335207823961,5947,238,505
13953,7,12,6640.68,3,Loyal Customers,0,2009-12-11 12:58:00,2011-12-02 16:04:00,265.6272,5224,8,721
13954,2,2,439.92,0,Potential Loyalists,0,2011-09-30 10:52:00,2011-12-08 12:50:00,17.5968,150,24,69
13955,154,3,545.17,0,Potential Loyalists,0,2010-11-29 17:35:00,2011-07-08 17:19:00,6.266321839080459,274,82,220
13956,5,5,1026.42,0,Potential Loyalists,0,2011-03-13 12:51:00,2011-12-04 13:20:00,6.752763157894737,491,123,266
13957,418,3,458.25,1,At Risk,1,2010-02-19 10:32:00,2010-10-18 10:02:00,16.97222222222222,157,21,240
13958,380,8,4709.2300000000005,1,At Risk,1,2009-12-05 13:12:00,2010-11-25 10:11:00,20.745506607929517,2264,172,354
13959,79,6,1076.18,0,Potential Loyalists,0,2010-07-16 15:11:00,2011-09-21 15:06:00,6.602331288343558,700,120,431
13960,21,2,230.22,0,Potential Loyalists,0,2011-09-29 12:39:00,2011-11-18 15:27:00,19.185,142,11,50
13961,392,1,538.4,1,At Risk,1,2010-11-12 14:40:00,2010-11-12 14:40:00,28.336842105263155,226,19,0
13962,22,3,362.8,0,Potential Loyalists,0,2010-09-30 10:35:00,2011-11-18 08:47:00,15.773913043478261,160,23,413
13963,308,17,3011.87,3,Loyal Customers,1,2010-04-21 16:20:00,2011-02-04 14:43:00,17.510872093023256,2061,129,288
13964,387,2,438.9,1,At Risk,1,2010-10-05 12:38:00,2010-11-17 13:53:00,18.287499999999998,228,22,43
13965,477,3,996.61,1,At Risk,1,2010-01-05 15:21:00,2010-08-20 10:40:00,41.525416666666665,425,23,226
13966,435,1,390.86,1,At Risk,1,2010-09-30 13:08:00,2010-09-30 13:08:00,17.766363636363636,772,21,0
13967,146,2,166.3,0,Potential Loyalists,0,2010-11-08 13:24:00,2011-07-17 12:02:00,27.71666666666667,66,4,250
13968,423,1,123.66,1,At Risk,1,2010-10-12 13:22:00,2010-10-12 13:22:00,15.4575,174,8,0
13969,7,35,13365.87,2,Champions,0,2010-03-25 13:15:00,2011-12-02 15:11:00,12.08487341772152,6817,472,617
13970,386,2,846.55,1,At Risk,1,2010-09-28 11:53:00,2010-11-18 13:21:00,65.11923076923077,469,10,51
13971,19,14,4667.57,3,Loyal Customers,0,2010-01-26 09:51:00,2011-11-21 12:06:00,18.30419607843137,3084,184,664
13972,71,2,190.25,0,Potential Loyalists,0,2011-05-22 11:34:00,2011-09-30 11:54:00,12.683333333333334,187,15,131
13973,287,1,264.7,1,At Risk,1,2011-02-25 15:21:00,2011-02-25 15:21:00,24.063636363636363,109,11,0
13974,49,2,677.72,0,Potential Loyalists,0,2010-05-06 17:55:00,2011-10-21 14:41:00,15.76093023255814,356,43,532
13975,31,12,5358.84,3,Loyal Customers,0,2010-02-02 13:13:00,2011-11-08 13:19:00,7.126117021276596,3934,434,644
13976,207,4,1192.36,0,Potential Loyalists,1,2010-02-09 13:08:00,2011-05-17 09:13:00,21.29214285714286,452,49,461
13977,411,1,519.8100000000001,1,At Risk,1,2010-10-24 14:08:00,2010-10-24 14:08:00,39.98538461538462,303,13,0
13978,15,2,196.79,0,Potential Loyalists,0,2011-10-25 15:04:00,2011-11-25 11:36:00,13.119333333333334,315,14,30
13979,73,7,3416.23,0,Potential Loyalists,0,2009-12-03 10:02:00,2011-09-27 13:32:00,8.41435960591133,2296,356,663
13980,60,5,799.92,0,Potential Loyalists,0,2010-02-21 14:18:00,2011-10-10 13:34:00,12.306461538461537,477,57,595
13981,416,1,331.14,1,At Risk,1,2010-10-20 10:03:00,2010-10-20 10:03:00,15.05181818181818,234,22,0
13982,39,9,4445.59,3,Loyal Customers,0,2010-01-20 14:04:00,2011-10-31 16:24:00,17.571501976284587,2736,123,649
13983,30,21,7108.45,3,Loyal Customers,0,2009-12-09 13:53:00,2011-11-10 11:06:00,20.84589442815249,4157,238,700
13984,27,12,2048.6,3,Loyal Customers,0,2009-12-07 11:51:00,2011-11-13 12:38:00,22.02795698924731,1421,53,706
13985,4,22,10020.86,3,Loyal Customers,0,2010-02-09 13:56:00,2011-12-05 17:06:00,20.87679166666667,4936,149,664
13986,17,1,320.46,0,Potential Loyalists,0,2011-11-22 15:00:00,2011-11-22 15:00:00,24.650769230769228,430,12,0
13987,380,2,682.54,1,At Risk,1,2010-11-04 09:54:00,2010-11-25 10:20:00,14.837826086956522,492,46,21
13988,20,8,4757.8,3,Loyal Customers,0,2010-03-24 11:05:00,2011-11-20 10:15:00,16.12813559322034,3385,218,605
13989,66,5,2026.06,0,Potential Loyalists,0,2010-05-25 12:13:00,2011-10-05 09:47:00,23.558837209302325,2207,61,497
13990,213,1,311.3,0,Potential Loyalists,1,2011-05-10 15:19:00,2011-05-10 15:19:00,19.45625,190,16,0
13991,12,6,855.97,0,Potential Loyalists,0,2011-07-19 12:58:00,2011-11-27 16:18:00,10.190119047619048,998,58,131
13992,30,3,219.5,0,Potential Loyalists,0,2010-09-02 17:04:00,2011-11-09 15:23:00,19.954545454545453,154,10,432
13993,43,19,6775.71,3,Loyal Customers,0,2009-12-03 11:57:00,2011-10-28 09:06:00,25.960574712643677,2135,110,693
13994,4,6,2313.14,0,Potential Loyalists,0,2011-07-14 18:28:00,2011-12-06 11:05:00,14.923483870967742,940,122,144
13995,15,14,3902.01,3,Loyal Customers,0,2009-12-18 12:43:00,2011-11-24 14:22:00,16.965260869565217,2359,146,706
13996,386,2,895.76,1,At Risk,1,2010-11-05 15:07:00,2010-11-18 16:27:00,27.144242424242425,613,29,13
13997,519,3,382.31,1,At Risk,1,2010-06-07 17:33:00,2010-07-08 18:06:00,8.31108695652174,146,36,31
13998,447,3,566.7,1,At Risk,1,2010-05-12 13:18:00,2010-09-19 10:20:00,18.280645161290323,204,30,129
13999,10,29,9502.26,3,Loyal Customers,0,2009-12-05 12:42:00,2011-11-29 13:40:00,20.391115879828327,5043,174,724
14000,211,5,2046.34,0,Potential Loyalists,1,2009-12-02 09:50:00,2011-05-12 16:50:00,41.76204081632653,1838,28,526
14001,46,9,4530.09,3,Loyal Customers,0,2010-08-03 12:49:00,2011-10-25 10:31:00,40.447232142857146,1873,60,447
14002,134,2,529.73,0,Potential Loyalists,0,2011-07-06 14:59:00,2011-07-28 15:55:00,11.270851063829788,877,47,22
14003,733,1,209.41,1,At Risk,1,2009-12-07 08:53:00,2009-12-07 08:53:00,13.088125,149,16,0
14004,43,11,6258.45,3,Loyal Customers,0,2010-09-30 09:39:00,2011-10-27 14:40:00,25.968672199170125,3425,127,392
14005,10,5,2874.72,0,Potential Loyalists,0,2011-05-08 10:33:00,2011-11-30 12:41:00,34.22285714285714,2478,53,206
14006,116,7,2196.67,0,Potential Loyalists,0,2010-02-25 09:45:00,2011-08-16 09:39:00,28.528181818181817,2181,55,536
14007,513,1,79.48,1,At Risk,1,2010-07-15 09:06:00,2010-07-15 09:06:00,15.896,16,5,0
14008,432,1,509.04,1,At Risk,1,2010-10-03 13:09:00,2010-10-03 13:09:00,15.9075,326,32,0
14009,198,3,1099.91,0,Potential Loyalists,1,2010-09-03 12:08:00,2011-05-25 15:47:00,14.863648648648649,951,71,264
14010,565,2,445.15,1,At Risk,1,2010-05-23 12:46:00,2010-05-23 13:00:00,18.547916666666666,177,20,0
14011,480,2,457.82,1,At Risk,1,2010-04-11 13:40:00,2010-08-16 15:31:00,14.306875,644,32,127
14012,278,1,328.8,1,At Risk,1,2011-03-07 12:26:00,2011-03-07 12:26:00,29.89090909090909,160,11,0
14013,110,5,1084.57,0,Potential Loyalists,0,2010-03-26 10:02:00,2011-08-21 15:01:00,15.949558823529411,775,56,513
14014,77,3,1948.21,0,Potential Loyalists,0,2010-05-12 09:04:00,2011-09-23 13:18:00,25.63434210526316,2004,76,499
14015,53,1,917.34,0,Potential Loyalists,0,2011-10-18 10:02:00,2011-10-18 10:02:00,45.867000000000004,378,20,0
14016,162,11,11403.41,3,Loyal Customers,0,2010-01-08 14:12:00,2011-07-01 11:29:00,25.45404017857143,5722,354,538
14017,571,1,229.75,1,At Risk,1,2010-05-17 14:52:00,2010-05-17 14:52:00,16.410714285714285,73,14,0
14018,645,1,367.15,1,At Risk,1,2010-03-04 14:23:00,2010-03-04 14:23:00,28.24230769230769,224,13,0
14019,47,3,1421.61,0,Potential Loyalists,0,2011-07-24 15:39:00,2011-10-24 10:13:00,21.539545454545458,1037,37,91
14020,17,4,1249.01,0,Potential Loyalists,0,2010-06-28 15:29:00,2011-11-23 09:22:00,17.347361111111113,648,63,512
14021,155,7,1716.58,0,Potential Loyalists,0,2010-04-26 11:22:00,2011-07-07 15:46:00,19.07311111111111,878,84,437
14022,225,2,792.15,0,Potential Loyalists,1,2010-08-10 09:38:00,2011-04-28 14:39:00,16.854255319148937,681,45,261
14023,7,2,584.07,0,Potential Loyalists,0,2011-04-03 15:50:00,2011-12-02 13:58:00,18.840967741935486,345,30,242
14024,122,3,645.74,0,Potential Loyalists,0,2010-11-14 10:51:00,2011-08-10 11:30:00,18.99235294117647,238,33,269
14025,465,8,4057.9,1,At Risk,1,2010-05-05 09:56:00,2010-09-01 10:11:00,40.98888888888889,1914,60,119
14026,471,2,713.11,1,At Risk,1,2010-03-24 14:10:00,2010-08-26 10:31:00,14.2622,427,43,154
14027,61,1,104.82,0,Potential Loyalists,0,2011-10-10 09:01:00,2011-10-10 09:01:00,17.47,62,6,0
14028,550,3,10396.5,1,At Risk,1,2010-06-07 12:02:00,2010-06-07 13:33:00,1155.1666666666667,7170,3,0
14029,63,2,467.66,0,Potential Loyalists,0,2011-07-18 16:57:00,2011-10-07 14:46:00,31.177333333333333,198,15,80
14030,18,20,8262.29,3,Loyal Customers,0,2009-12-10 17:27:00,2011-11-21 16:48:00,9.540750577367206,4350,591,710
14031,7,44,29730.420199999626,2,Champions,0,2009-12-03 15:35:00,2011-12-02 17:13:00,52.49573623559539,14507,280,729
14032,2,16,4850.27,3,Loyal Customers,0,2009-12-14 12:02:00,2011-12-07 15:23:00,19.87815573770492,3916,79,723
14033,555,1,109.44,1,At Risk,1,2010-06-02 15:10:00,2010-06-02 15:10:00,109.44,576,1,0
14034,22,3,651.8199999999999,0,Potential Loyalists,0,2011-07-05 13:06:00,2011-11-17 14:02:00,7.323820224719101,423,82,135
14035,29,9,2856.72,0,Potential Loyalists,0,2010-04-06 12:39:00,2011-11-11 10:03:00,18.918675496688742,1419,70,583
14036,285,1,626.65,1,At Risk,1,2011-02-28 09:26:00,2011-02-28 09:26:00,16.49078947368421,268,38,0
14037,176,6,836.95,0,Potential Loyalists,0,2009-12-07 11:39:00,2011-06-16 13:57:00,7.341666666666667,590,96,556
14038,78,5,3069.88,0,Potential Loyalists,0,2010-02-04 08:56:00,2011-09-22 13:37:00,19.067577639751555,1708,99,595
14039,33,2,267.28000000000003,0,Potential Loyalists,0,2010-05-13 10:15:00,2011-11-06 13:48:00,26.728,192,10,542
14040,41,35,12645.57,2,Champions,0,2009-12-01 12:14:00,2011-10-30 12:42:00,15.926410579345088,5044,335,698
14041,266,1,141.41,0,Potential Loyalists,1,2011-03-18 13:25:00,2011-03-18 13:25:00,6.733809523809524,94,21,0
14042,725,1,431.98,1,At Risk,1,2009-12-14 15:07:00,2009-12-14 15:07:00,20.570476190476192,180,21,0
14043,491,2,304.25,1,At Risk,1,2009-12-10 15:56:00,2010-08-05 18:18:00,7.244047619047619,153,37,238
14044,27,10,3123.1,3,Loyal Customers,0,2010-01-24 15:14:00,2011-11-13 12:05:00,3.669917743830787,2126,533,657
14045,109,16,11313.03,3,Loyal Customers,0,2010-01-08 10:08:00,2011-08-22 15:27:00,297.7113157894737,4587,16,591
14046,284,1,154.99,1,At Risk,1,2011-02-28 14:48:00,2011-02-28 14:48:00,11.070714285714287,460,14,0
14047,9,14,4255.03,3,Loyal Customers,0,2010-02-01 10:05:00,2011-12-01 11:43:00,25.94530487804878,1649,91,668
14048,305,3,748.69,1,At Risk,1,2010-11-22 14:08:00,2011-02-07 14:53:00,5.309858156028369,467,126,77
14049,17,13,13239.03,3,Loyal Customers,0,2010-04-01 14:52:00,2011-11-23 12:20:00,12.247021276595746,8609,573,600
14050,32,2,746.36,0,Potential Loyalists,0,2011-08-25 13:46:00,2011-11-08 10:00:00,13.821481481481483,689,49,74
14051,1,37,22434.0,2,Champions,0,2009-12-03 11:53:00,2011-12-09 10:20:00,67.16766467065868,5947,82,735
14052,20,2,480.81,0,Potential Loyalists,0,2010-11-14 11:37:00,2011-11-20 12:30:00,3.84648,187,115,371
14053,124,4,572.3,0,Potential Loyalists,0,2010-08-10 11:02:00,2011-08-07 14:27:00,63.58888888888888,490,3,362
14054,65,1,92.46,0,Potential Loyalists,0,2011-10-05 15:49:00,2011-10-05 15:49:00,15.410000000000002,62,6,0
14055,106,3,1520.96,0,Potential Loyalists,0,2009-12-16 15:11:00,2011-08-25 15:04:00,46.08969696969697,720,33,616
14056,1,23,8214.65,3,Loyal Customers,0,2011-02-28 15:19:00,2011-12-08 13:36:00,7.427350813743218,4273,320,282
14057,24,22,8408.84,3,Loyal Customers,0,2009-12-03 13:17:00,2011-11-16 10:32:00,18.521674008810574,6485,244,712
14058,463,2,469.19,1,At Risk,1,2010-06-27 11:29:00,2010-09-03 09:31:00,19.549583333333334,211,23,67
14059,267,1,183.6,0,Potential Loyalists,1,2011-03-18 10:06:00,2011-03-18 10:06:00,22.95,128,8,0
14060,5,30,9519.08,3,Loyal Customers,0,2010-03-11 09:47:00,2011-12-05 12:29:00,35.25585185185185,8119,100,634
14061,507,3,917.43,1,At Risk,1,2009-12-01 18:03:00,2010-07-20 17:22:00,48.28578947368421,133,17,230
14062,10,24,25604.2,2,Champions,0,2009-12-10 14:28:00,2011-11-30 10:04:00,74.64781341107872,12799,141,719
14063,438,9,22710.2,2,Champions,1,2009-12-08 13:46:00,2010-09-27 16:18:00,567.755,3850,30,293
14064,29,15,3332.42,3,Loyal Customers,0,2010-01-21 13:22:00,2011-11-10 13:14:00,13.657459016393442,3977,131,657
14065,389,3,891.02,1,At Risk,1,2010-10-04 12:03:00,2010-11-15 16:13:00,18.18408163265306,582,42,42
14066,267,1,152.55,0,Potential Loyalists,1,2011-03-18 12:21:00,2011-03-18 12:21:00,21.792857142857144,45,7,0
14067,64,2,374.7,0,Potential Loyalists,0,2011-09-04 12:00:00,2011-10-07 10:21:00,7.2057692307692305,361,51,32
14068,320,4,1528.37,1,At Risk,1,2010-01-31 10:10:00,2011-01-23 16:02:00,13.7690990990991,513,93,357
14069,515,2,230.06,1,At Risk,1,2010-05-27 12:30:00,2010-07-13 12:12:00,5.477619047619048,59,37,46
14070,685,1,326.55,1,At Risk,1,2010-01-24 12:27:00,2010-01-24 12:27:00,7.775,86,40,0
14071,4,8,1438.82,0,Potential Loyalists,0,2011-03-20 11:33:00,2011-12-06 12:27:00,4.440802469135802,995,271,261
14072,667,1,390.85,1,At Risk,1,2010-02-11 12:31:00,2010-02-11 12:31:00,20.571052631578947,65,19,0
14073,32,1,151.04,0,Potential Loyalists,0,2011-11-07 15:49:00,2011-11-07 15:49:00,11.618461538461538,130,13,0
14074,623,1,219.4,1,At Risk,1,2010-03-26 13:55:00,2010-03-26 13:55:00,36.56666666666667,228,6,0
14075,5,6,1734.87,0,Potential Loyalists,0,2010-06-16 14:47:00,2011-12-05 08:38:00,21.41814814814815,1494,59,536
14076,129,1,122.47,0,Potential Loyalists,0,2011-08-02 15:19:00,2011-08-02 15:19:00,2.662391304347826,81,43,0
14077,41,6,615.0799999999999,0,Potential Loyalists,0,2010-11-09 16:01:00,2011-10-30 12:35:00,10.983571428571429,376,43,354
14078,102,9,1692.63,0,Potential Loyalists,0,2010-03-28 15:05:00,2011-08-30 12:16:00,10.384233128834355,618,107,519
14079,125,2,618.73,0,Potential Loyalists,0,2010-01-26 17:19:00,2011-08-07 12:10:00,47.59461538461539,302,13,557
14080,33,5,1115.68,0,Potential Loyalists,0,2009-12-02 15:01:00,2011-11-07 11:09:00,13.441927710843375,268,74,704
14081,302,10,5370.1,3,Loyal Customers,1,2009-12-10 18:27:00,2011-02-10 16:17:00,5.700743099787686,3712,465,426
14082,365,2,413.36,1,At Risk,1,2010-11-12 11:47:00,2010-12-10 11:02:00,6.359384615384616,246,48,27
14083,4,11,1407.26,0,Potential Loyalists,0,2009-12-18 11:34:00,2011-12-05 13:14:00,5.518666666666666,966,169,717
14084,512,1,150.5,1,At Risk,1,2010-07-15 14:36:00,2010-07-15 14:36:00,21.5,306,7,0
14085,2,33,10104.97,2,Champions,0,2009-12-08 13:41:00,2011-12-07 13:46:00,9.461582397003745,6564,479,729
14086,463,1,39.95,1,At Risk,1,2010-09-03 10:52:00,2010-09-03 10:52:00,39.95,1,1,0
14087,3,3,846.22,0,Potential Loyalists,0,2009-12-04 15:27:00,2011-12-07 12:41:00,3.8290497737556564,727,175,732
14088,10,16,29730.420199999626,2,Champions,0,2010-10-14 19:46:00,2011-11-29 16:16:00,93.89560117302054,15276,436,410
14089,57,1,161.0,0,Potential Loyalists,0,2011-10-14 10:38:00,2011-10-14 10:38:00,11.5,134,13,0
14090,325,1,76.32000000000001,1,At Risk,1,2011-01-19 10:51:00,2011-01-19 10:51:00,76.32000000000001,72,1,0
14091,654,2,9530.08,1,At Risk,1,2010-01-10 13:41:00,2010-02-23 15:17:00,733.0830769230769,3316,13,44
14092,8,24,7229.45,3,Loyal Customers,0,2009-12-16 16:24:00,2011-12-02 12:13:00,19.381903485254693,3606,169,715
14093,12,1,442.85,0,Potential Loyalists,0,2011-11-27 16:27:00,2011-11-27 16:27:00,4.217619047619048,406,95,0
14094,440,1,335.22,1,At Risk,1,2010-09-26 11:58:00,2010-09-26 11:58:00,7.132340425531916,177,41,0
14095,723,1,2.95,1,At Risk,1,2009-12-17 12:49:00,2009-12-17 12:49:00,2.95,1,1,0
14096,4,17,29730.420199999626,2,Champions,0,2011-08-30 10:49:00,2011-12-05 17:17:00,12.749909998043435,16352,1119,97
14097,481,2,422.86,1,At Risk,1,2010-03-04 10:46:00,2010-08-15 14:20:00,10.5715,352,39,164
14098,37,1,147.35,0,Potential Loyalists,0,2011-11-03 10:13:00,2011-11-03 10:13:00,7.016666666666667,104,21,0
14099,16,20,5765.71,3,Loyal Customers,0,2009-12-10 11:55:00,2011-11-23 13:53:00,10.982304761904762,3670,273,713
14100,138,1,194.9,0,Potential Loyalists,0,2011-07-25 11:01:00,2011-07-25 11:01:00,7.496153846153846,64,24,0
14101,74,13,9961.93,3,Loyal Customers,0,2010-03-28 13:36:00,2011-09-27 12:28:00,110.68811111111111,10542,19,547
14102,5,5,1360.28,0,Potential Loyalists,0,2011-10-26 12:46:00,2011-12-04 15:38:00,17.21873417721519,961,35,39
14104,155,5,771.5799999999999,0,Potential Loyalists,0,2010-05-28 16:11:00,2011-07-08 12:50:00,5.395664335664336,509,117,405
14105,239,5,5988.83,0,Potential Loyalists,1,2009-12-18 16:57:00,2011-04-14 17:58:00,21.465340501792113,3534,200,482
14106,737,1,214.8,1,At Risk,1,2009-12-02 14:09:00,2009-12-02 14:09:00,214.8,24,1,0
14107,52,11,4877.3,3,Loyal Customers,0,2009-12-09 14:20:00,2011-10-19 12:12:00,20.666525423728814,3489,102,678
14108,31,4,1044.96,0,Potential Loyalists,0,2009-12-01 18:07:00,2011-11-09 10:41:00,20.095384615384617,660,49,707
14109,73,1,144.2,0,Potential Loyalists,0,2011-09-28 10:18:00,2011-09-28 10:18:00,16.022222222222222,88,9,0
14110,4,33,12987.95,2,Champions,0,2009-12-01 09:50:00,2011-12-06 12:26:00,32.55125313283208,5825,177,735
14111,14,4,692.85,0,Potential Loyalists,0,2011-04-12 11:36:00,2011-11-25 13:44:00,69.285,458,10,227
14112,23,13,5834.59,3,Loyal Customers,0,2010-02-23 14:16:00,2011-11-17 12:30:00,17.897515337423314,3539,199,631
14113,4,16,7092.610000000001,3,Loyal Customers,0,2009-12-08 07:42:00,2011-12-06 12:18:00,58.136147540983615,3439,76,728
14114,274,7,1364.09,0,Potential Loyalists,1,2010-04-12 11:07:00,2011-03-11 09:42:00,18.43364864864865,650,72,332
14115,502,2,622.6700000000001,1,At Risk,1,2010-02-11 11:44:00,2010-07-26 12:36:00,28.303181818181816,509,22,165
14116,20,5,1382.74,0,Potential Loyalists,0,2011-08-10 12:44:00,2011-11-20 10:29:00,19.204722222222223,707,61,101
14117,144,1,90.0,0,Potential Loyalists,0,2011-07-19 09:49:00,2011-07-19 09:49:00,30.0,72,3,0
14118,429,1,458.45,1,At Risk,1,2010-10-07 11:59:00,2010-10-07 11:59:00,30.563333333333333,97,15,0
14119,376,2,183.37,1,At Risk,1,2009-12-21 14:52:00,2010-11-29 10:33:00,16.67,177,11,342
14121,4,4,2780.15,0,Potential Loyalists,0,2011-10-11 10:39:00,2011-12-06 12:19:00,17.485220125786164,2082,148,56
14122,406,3,362.42,1,At Risk,1,2009-12-02 14:22:00,2010-10-29 15:11:00,27.87846153846154,114,12,331
14123,733,1,436.18,1,At Risk,1,2009-12-06 15:35:00,2009-12-06 15:35:00,18.174166666666668,234,24,0
14124,84,1,419.58,0,Potential Loyalists,0,2011-09-16 13:32:00,2011-09-16 13:32:00,83.916,1618,4,0
14125,11,3,2740.43,0,Potential Loyalists,0,2011-09-22 15:40:00,2011-11-29 12:47:00,16.409760479041914,1640,159,67
14126,8,4,1172.46,0,Potential Loyalists,0,2010-09-21 14:51:00,2011-12-02 11:45:00,27.26651162790698,887,37,436
14127,123,6,1900.08,0,Potential Loyalists,0,2010-10-10 11:53:00,2011-08-09 10:49:00,16.240000000000002,828,96,302
14128,61,3,924.21,0,Potential Loyalists,0,2010-06-06 14:05:00,2011-10-10 12:00:00,14.218615384615385,814,50,490
14129,2,9,2591.34,0,Potential Loyalists,0,2010-05-09 14:54:00,2011-12-08 11:02:00,23.77376146788991,1414,40,577
14130,319,4,1882.67,1,At Risk,1,2009-12-11 16:33:00,2011-01-24 16:05:00,8.404776785714287,1239,189,408
14131,649,1,187.87,1,At Risk,1,2010-03-01 11:59:00,2010-03-01 11:59:00,3.6128846153846155,118,45,0
14132,2,11,3586.03,3,Loyal Customers,0,2011-06-09 12:04:00,2011-12-07 13:35:00,17.93015,3368,100,181
14133,130,4,911.14,0,Potential Loyalists,0,2009-12-06 12:10:00,2011-08-02 11:34:00,25.309444444444445,398,33,603
14134,383,15,11123.35,3,Loyal Customers,1,2009-12-10 09:25:00,2010-11-22 12:26:00,61.79638888888889,5814,130,347
14135,2,24,9643.92,3,Loyal Customers,0,2009-12-02 08:58:00,2011-12-08 11:38:00,37.6715625,9355,138,736
14136,401,5,1570.81,1,At Risk,1,2009-12-08 09:19:00,2010-11-04 11:53:00,14.818962264150944,1148,86,331
14137,696,1,332.7,1,At Risk,1,2010-01-13 12:30:00,2010-01-13 12:30:00,30.245454545454546,462,11,0
14138,2,2,982.38,0,Potential Loyalists,0,2011-10-07 09:38:00,2011-12-08 12:44:00,20.901702127659576,610,40,62
14139,46,4,1086.8,0,Potential Loyalists,0,2010-06-15 09:17:00,2011-10-24 13:34:00,15.75072463768116,1049,48,496
14140,4,2,935.05,0,Potential Loyalists,0,2011-11-08 11:20:00,2011-12-06 09:05:00,14.167424242424241,811,60,27
14141,3,4,915.13,0,Potential Loyalists,0,2011-08-26 14:40:00,2011-12-07 09:53:00,22.87825,355,27,102
14142,373,2,983.15,1,At Risk,1,2010-03-03 15:13:00,2010-12-01 16:33:00,14.896212121212121,831,42,273
14143,134,1,115.8,0,Potential Loyalists,0,2011-07-29 09:48:00,2011-07-29 09:48:00,16.54285714285714,30,7,0
14144,486,1,30.6,1,At Risk,1,2010-08-10 15:17:00,2010-08-10 15:17:00,30.6,12,1,0
14145,47,7,7600.05,3,Loyal Customers,0,2010-04-08 09:47:00,2011-10-24 12:10:00,304.002,1655,11,564
14146,9,12,9450.3,3,Loyal Customers,0,2010-01-13 16:04:00,2011-12-01 10:18:00,20.724342105263155,5780,337,686
14147,78,9,2590.2,0,Potential Loyalists,0,2010-03-09 13:43:00,2011-09-22 18:10:00,86.33999999999999,995,24,562
14148,234,2,466.29,0,Potential Loyalists,1,2010-10-21 14:08:00,2011-04-20 12:02:00,27.428823529411765,223,15,180
14149,221,1,446.62,0,Potential Loyalists,1,2011-05-03 09:44:00,2011-05-03 09:44:00,15.950714285714286,218,28,0
14150,36,2,658.64,0,Potential Loyalists,0,2010-12-15 10:04:00,2011-11-04 10:05:00,25.33230769230769,496,23,324
14151,673,2,679.45,1,At Risk,1,2009-12-23 10:54:00,2010-02-04 15:35:00,15.442045454545456,405,44,43
14152,75,7,1997.34,0,Potential Loyalists,0,2010-02-18 13:57:00,2011-09-25 12:54:00,15.017593984962406,1844,104,583
14153,483,1,233.4,1,At Risk,1,2010-08-13 14:35:00,2010-08-13 14:35:00,13.729411764705882,312,17,0
14154,239,8,6460.7,3,Loyal Customers,1,2010-01-13 12:47:00,2011-04-14 16:26:00,22.12568493150685,3222,236,456
14155,266,1,118.75,0,Potential Loyalists,1,2011-03-18 14:13:00,2011-03-18 14:13:00,19.791666666666668,25,6,0
14156,10,46,29730.420199999626,2,Champions,0,2009-12-01 12:30:00,2011-11-30 10:54:00,77.55592144268775,165992,1446,728
14157,20,5,1002.78,0,Potential Loyalists,0,2010-03-03 16:49:00,2011-11-20 11:32:00,11.267191011235957,540,75,626
14158,40,1,507.66,0,Potential Loyalists,0,2011-10-30 15:08:00,2011-10-30 15:08:00,12.381951219512194,781,41,0
14159,20,20,7938.01,3,Loyal Customers,0,2009-12-03 12:31:00,2011-11-20 12:36:00,4.2358644610458915,6593,706,717
14160,610,7,8421.47,1,At Risk,1,2010-01-10 12:06:00,2010-04-08 14:30:00,78.70532710280374,4661,80,88
14161,216,7,3318.88,0,Potential Loyalists,1,2009-12-13 11:46:00,2011-05-08 11:41:00,10.706064516129032,1623,202,510
14162,174,2,289.36,0,Potential Loyalists,0,2011-02-20 12:32:00,2011-06-19 11:36:00,11.5744,142,25,118
14163,87,5,2594.62,0,Potential Loyalists,0,2010-09-03 17:15:00,2011-09-13 15:18:00,44.7348275862069,950,42,374
14164,71,2,1631.77,0,Potential Loyalists,0,2011-09-20 12:18:00,2011-09-30 12:24:00,56.26793103448276,1033,28,10
14165,276,1,122.54,1,At Risk,1,2011-03-09 12:39:00,2011-03-09 12:39:00,4.901599999999999,54,23,0
14166,505,2,256.85,1,At Risk,1,2010-03-23 15:10:00,2010-07-22 19:42:00,4.84622641509434,84,39,121
14167,39,8,1296.49,0,Potential Loyalists,0,2010-01-27 16:07:00,2011-10-31 14:29:00,10.714793388429753,350,48,641
14168,421,2,370.45,1,At Risk,1,2010-05-24 12:28:00,2010-10-15 10:49:00,24.696666666666665,147,11,143
14169,431,2,624.4300000000001,1,At Risk,1,2010-09-21 13:39:00,2010-10-05 08:45:00,9.319850746268658,208,50,13
14170,375,3,597.33,1,At Risk,1,2010-11-09 14:06:00,2010-11-29 13:10:00,3.6201818181818184,290,123,19
14171,98,2,498.79,0,Potential Loyalists,0,2009-12-09 13:50:00,2011-09-02 16:43:00,7.79359375,211,61,632
14172,605,3,402.72,1,At Risk,1,2010-03-07 10:58:00,2010-04-13 13:26:00,7.457777777777778,88,38,37
14173,11,6,586.0,0,Potential Loyalists,0,2009-12-09 12:46:00,2011-11-29 11:54:00,17.757575757575758,194,30,719
14174,33,1,134.46,0,Potential Loyalists,0,2011-11-06 13:17:00,2011-11-06 13:17:00,5.171538461538462,94,26,0
14175,60,8,7678.88,3,Loyal Customers,0,2010-03-22 10:43:00,2011-10-11 11:55:00,23.1990332326284,3009,237,568
14176,297,5,916.01,1,At Risk,1,2010-11-23 13:21:00,2011-02-15 13:12:00,19.913260869565217,326,33,83
14177,86,13,2229.34,3,Loyal Customers,0,2010-02-26 11:59:00,2011-09-14 15:11:00,10.615904761904762,1048,141,565
14178,9,7,1620.93,0,Potential Loyalists,0,2011-06-10 12:51:00,2011-12-01 12:01:00,4.9569724770642205,1505,191,173
14179,41,2,719.78,0,Potential Loyalists,0,2011-10-18 14:00:00,2011-10-30 12:07:00,4.36230303030303,330,135,11
14180,11,33,6319.25,3,Loyal Customers,0,2010-06-09 14:56:00,2011-11-29 10:56:00,20.99418604651163,878,125,537
14181,411,2,310.55,1,At Risk,1,2010-05-26 12:32:00,2010-10-25 08:27:00,5.750925925925926,122,48,151
14182,444,4,678.77,1,At Risk,1,2010-04-22 15:36:00,2010-09-22 11:45:00,13.5754,174,42,152
14183,411,2,286.29,1,At Risk,1,2010-08-15 15:36:00,2010-10-24 14:45:00,8.179714285714287,61,27,69
14184,67,1,452.89,0,Potential Loyalists,0,2011-10-04 12:43:00,2011-10-04 12:43:00,18.870416666666667,127,24,0
14185,331,1,197.65,1,At Risk,1,2011-01-12 13:52:00,2011-01-12 13:52:00,65.88333333333334,6,3,0
14186,427,5,1550.63,1,At Risk,1,2010-03-05 11:17:00,2010-10-08 13:30:00,14.909903846153847,1550,75,217
14187,474,1,123.5,1,At Risk,1,2010-08-23 12:06:00,2010-08-23 12:06:00,15.4375,50,8,0
14188,31,6,2054.36,0,Potential Loyalists,0,2011-02-02 13:46:00,2011-11-09 12:45:00,31.605538461538462,1162,34,279
14189,2,16,5814.39,3,Loyal Customers,0,2010-11-16 09:28:00,2011-12-07 15:55:00,18.39996835443038,4646,199,386
14190,666,1,79.9,1,At Risk,1,2010-02-11 14:27:00,2010-02-11 14:27:00,79.9,2,1,0
14191,2,15,4817.66,3,Loyal Customers,0,2009-12-11 10:48:00,2011-12-08 09:23:00,18.17984905660377,3724,147,726
14192,388,1,293.74,1,At Risk,1,2010-11-16 17:44:00,2010-11-16 17:44:00,20.981428571428573,218,14,0
14193,68,3,1210.19,0,Potential Loyalists,0,2010-11-08 12:31:00,2011-10-03 09:34:00,18.90921875,653,49,328
14194,5,36,18670.59,2,Champions,0,2010-01-06 12:16:00,2011-12-05 10:38:00,19.611964285714286,10037,432,697
14195,202,6,2615.6,0,Potential Loyalists,1,2010-03-15 17:12:00,2011-05-22 10:29:00,163.475,2144,10,432
14196,107,1,335.52,0,Potential Loyalists,0,2011-08-25 10:25:00,2011-08-25 10:25:00,55.919999999999995,142,6,0
14197,411,1,390.05,1,At Risk,1,2010-10-25 10:01:00,2010-10-25 10:01:00,19.5025,143,20,0
14198,18,9,1569.73,0,Potential Loyalists,0,2010-01-05 10:07:00,2011-11-21 16:35:00,17.24978021978022,623,58,685
14199,218,4,1091.7,0,Potential Loyalists,1,2010-06-27 12:13:00,2011-05-05 13:44:00,60.650000000000006,254,15,312
14200,617,1,379.2,1,At Risk,1,2010-04-01 13:01:00,2010-04-01 13:01:00,18.057142857142857,140,21,0
14201,60,10,1193.54,0,Potential Loyalists,0,2010-04-30 13:00:00,2011-10-10 13:27:00,21.70072727272727,806,47,528
14202,381,3,847.76,1,At Risk,1,2010-03-25 10:36:00,2010-11-23 17:13:00,29.233103448275862,166,27,243
14203,397,1,339.34,1,At Risk,1,2010-11-07 13:35:00,2010-11-07 13:35:00,21.20875,80,16,0
14204,2,4,1062.96,0,Potential Loyalists,0,2009-12-02 13:26:00,2011-12-07 13:38:00,4.581724137931035,492,186,735
14205,17,9,2414.2,0,Potential Loyalists,0,2010-03-07 12:20:00,2011-11-23 10:55:00,19.627642276422762,1342,79,625
14206,239,3,1185.01,0,Potential Loyalists,1,2010-11-02 11:37:00,2011-04-14 16:38:00,16.690281690140846,930,62,163
14207,688,1,157.8,1,At Risk,1,2010-01-21 09:33:00,2010-01-21 09:33:00,78.9,36,2,0
14208,95,2,567.05,0,Potential Loyalists,0,2010-06-06 13:11:00,2011-09-06 12:48:00,16.20142857142857,529,34,456
14209,11,15,4993.27,3,Loyal Customers,0,2010-01-22 10:28:00,2011-11-29 10:18:00,21.61588744588745,1739,133,675
14210,106,16,5861.52,3,Loyal Customers,0,2010-01-06 10:17:00,2011-08-26 12:36:00,17.816170212765957,2604,143,597
14211,53,18,4402.29,3,Loyal Customers,0,2009-12-09 12:48:00,2011-10-17 13:23:00,18.342875,2575,155,677
14212,90,2,2190.14,0,Potential Loyalists,0,2010-09-20 11:48:00,2011-09-11 12:45:00,104.29238095238095,2046,18,356
14213,405,1,1192.2,1,At Risk,1,2010-10-31 10:37:00,2010-10-31 10:37:00,238.44,244,5,0
14214,31,5,1004.38,0,Potential Loyalists,0,2011-03-07 12:26:00,2011-11-09 10:31:00,14.990746268656716,751,64,246
14215,12,9,3416.33,0,Potential Loyalists,0,2009-12-08 09:35:00,2011-11-28 12:19:00,17.793385416666666,2285,167,720
14216,3,5,2150.04,0,Potential Loyalists,0,2010-10-21 15:07:00,2011-12-06 14:56:00,27.9225974025974,712,65,410
14217,2,23,3416.89,3,Loyal Customers,0,2010-06-30 12:54:00,2011-12-08 11:53:00,18.877845303867403,1256,122,525
14218,43,1,169.48000000000002,0,Potential Loyalists,0,2011-10-28 10:00:00,2011-10-28 10:00:00,14.123333333333335,160,12,0
14219,4,3,633.83,0,Potential Loyalists,0,2010-08-03 14:42:00,2011-12-05 16:23:00,14.740232558139535,363,39,489
14220,247,4,1515.0,0,Potential Loyalists,1,2010-05-19 13:26:00,2011-04-06 13:23:00,39.86842105263158,468,26,321
14221,42,17,6517.49,3,Loyal Customers,0,2010-04-06 14:10:00,2011-10-28 13:42:00,18.782391930835733,3808,166,569
14222,177,1,683.17,0,Potential Loyalists,0,2011-06-15 16:42:00,2011-06-15 16:42:00,16.662682926829266,607,41,0
14223,92,3,991.13,0,Potential Loyalists,0,2011-03-20 16:02:00,2011-09-08 13:38:00,16.518833333333333,585,50,171
14224,110,9,1897.9,0,Potential Loyalists,0,2010-06-13 13:46:00,2011-08-21 13:24:00,7.97436974789916,863,189,433
14225,435,4,2037.02,1,At Risk,1,2010-01-12 15:02:00,2010-10-01 10:32:00,23.414022988505746,1168,70,261
14226,29,6,3002.53,0,Potential Loyalists,0,2010-09-24 14:32:00,2011-11-11 11:34:00,30.6380612244898,1726,89,412
14227,26,15,6368.71,3,Loyal Customers,0,2010-02-08 09:38:00,2011-11-13 15:48:00,16.8931299734748,4048,246,643
14228,438,3,745.5,1,At Risk,1,2010-06-11 12:29:00,2010-09-28 09:45:00,19.61842105263158,260,38,108
14229,52,7,2594.04,0,Potential Loyalists,0,2010-08-25 11:47:00,2011-10-19 10:04:00,36.028333333333336,934,41,419
14230,436,3,979.8,1,At Risk,1,2010-06-09 13:56:00,2010-09-30 09:07:00,29.69090909090909,246,27,112
14231,184,4,1235.62,0,Potential Loyalists,1,2010-09-15 09:52:00,2011-06-09 11:05:00,17.90753623188406,610,66,267
14232,43,5,2048.07,0,Potential Loyalists,0,2011-03-20 12:44:00,2011-10-28 11:09:00,17.80930434782609,1941,81,221
14233,49,7,2904.27,0,Potential Loyalists,0,2010-03-05 16:35:00,2011-10-21 15:54:00,39.784520547945206,1261,42,594
14234,22,4,775.46,0,Potential Loyalists,0,2011-10-13 13:58:00,2011-11-17 17:53:00,4.877106918238994,963,122,35
14235,75,9,4717.99,3,Loyal Customers,0,2010-03-30 13:36:00,2011-09-25 14:37:00,31.87831081081081,3014,107,544
14236,81,5,1744.64,0,Potential Loyalists,0,2010-07-22 14:27:00,2011-09-20 09:13:00,34.8928,812,39,424
14237,373,2,632.14,1,At Risk,1,2010-04-28 10:04:00,2010-12-01 13:20:00,18.06114285714286,276,26,217
14238,326,3,434.23,1,At Risk,1,2009-12-05 10:58:00,2011-01-17 14:40:00,33.402307692307694,189,13,408
14239,43,21,4263.17,3,Loyal Customers,0,2009-12-05 12:36:00,2011-10-27 14:40:00,20.300809523809523,1729,97,691
14240,30,3,1247.49,0,Potential Loyalists,0,2010-10-12 12:48:00,2011-11-09 13:45:00,20.450655737704917,655,46,393
14241,184,2,333.70000000000005,0,Potential Loyalists,1,2010-01-12 15:11:00,2011-06-09 11:46:00,27.808333333333334,242,12,512
14242,235,2,280.55,0,Potential Loyalists,1,2011-01-18 08:53:00,2011-04-19 11:46:00,17.534375,123,13,91
14243,9,17,7431.05,3,Loyal Customers,0,2010-08-20 13:41:00,2011-12-01 11:12:00,20.02978436657682,3687,235,467
14244,661,1,366.42,1,At Risk,1,2010-02-17 11:40:00,2010-02-17 11:40:00,22.901249999999997,814,16,0
14245,220,2,1693.45,0,Potential Loyalists,1,2011-03-21 10:41:00,2011-05-04 08:40:00,15.680092592592594,976,107,43
14246,111,3,1474.06,0,Potential Loyalists,0,2011-04-08 08:25:00,2011-08-21 11:50:00,19.654133333333334,804,57,135
14247,278,5,772.66,0,Potential Loyalists,1,2010-06-06 15:07:00,2011-03-06 15:21:00,6.603931623931624,382,82,273
14248,318,3,1032.95,1,At Risk,1,2010-07-12 14:27:00,2011-01-25 14:45:00,21.977659574468085,692,41,197
14249,411,12,5625.461,1,At Risk,1,2010-01-29 14:21:00,2010-10-25 12:34:00,19.331481099656358,2487,178,268
14250,7,3,1904.05,0,Potential Loyalists,0,2011-09-11 13:44:00,2011-12-02 14:30:00,17.153603603603603,1200,94,82
14251,2,5,2879.7000000000003,0,Potential Loyalists,0,2011-10-13 12:46:00,2011-12-08 08:32:00,36.91923076923077,1674,37,55
14252,381,1,350.99,1,At Risk,1,2010-11-23 13:36:00,2010-11-23 13:36:00,35.099000000000004,111,10,0
14253,493,2,363.4,1,At Risk,1,2010-03-26 15:08:00,2010-08-03 14:55:00,30.283333333333335,88,11,129
14254,433,1,601.03,1,At Risk,1,2010-10-03 11:52:00,2010-10-03 11:52:00,26.13173913043478,263,23,0
14255,546,1,1000.63,1,At Risk,1,2010-06-11 15:54:00,2010-06-11 15:54:00,1000.63,1,1,0
14256,260,5,2473.99,0,Potential Loyalists,1,2010-01-14 10:35:00,2011-03-24 13:17:00,18.46261194029851,1171,100,434
14257,64,9,5954.45,3,Loyal Customers,0,2010-03-01 15:36:00,2011-10-06 16:54:00,24.810208333333332,3332,167,584
14258,9,25,29730.420199999626,2,Champions,0,2009-12-04 08:36:00,2011-11-30 15:27:00,106.8378,17488,97,726
14259,142,1,120.0,0,Potential Loyalists,0,2011-07-21 10:44:00,2011-07-21 10:44:00,24.0,68,5,0
14260,471,3,824.28,1,At Risk,1,2010-06-09 11:23:00,2010-08-25 14:55:00,16.16235294117647,544,50,77
14261,51,2,1163.45,0,Potential Loyalists,0,2011-09-22 10:47:00,2011-10-20 10:04:00,22.37403846153846,406,52,27
14262,8,8,2618.23,0,Potential Loyalists,0,2011-04-13 12:23:00,2011-12-01 14:17:00,18.3093006993007,1645,87,232
14263,423,1,322.93,1,At Risk,1,2010-10-12 14:09:00,2010-10-12 14:09:00,20.183125,171,16,0
14264,155,6,1517.36,0,Potential Loyalists,0,2010-04-07 13:21:00,2011-07-08 10:20:00,19.207088607594937,553,59,456
14265,109,4,1373.35,0,Potential Loyalists,0,2010-04-06 14:39:00,2011-08-22 13:32:00,17.384177215189872,715,74,502
14266,428,1,40.56,1,At Risk,1,2010-10-07 13:32:00,2010-10-07 13:32:00,40.56,24,1,0
14267,163,3,1516.24,0,Potential Loyalists,0,2011-03-24 11:38:00,2011-06-30 10:09:00,27.568,530,25,97
14268,471,1,354.85,1,At Risk,1,2010-08-26 10:45:00,2010-08-26 10:45:00,18.676315789473687,147,19,0
14269,439,1,295.73,1,At Risk,1,2010-09-26 12:53:00,2010-09-26 12:53:00,18.483125,123,16,0
14270,332,1,492.65,1,At Risk,1,2011-01-12 09:33:00,2011-01-12 09:33:00,16.98793103448276,197,29,0
14271,226,2,219.13,0,Potential Loyalists,1,2010-10-26 17:01:00,2011-04-28 12:47:00,5.618717948717949,149,38,183
14272,74,4,920.81,0,Potential Loyalists,0,2010-05-06 14:01:00,2011-09-27 10:08:00,14.38765625,1097,62,508
14273,51,4,559.97,0,Potential Loyalists,0,2011-04-11 13:24:00,2011-10-19 13:20:00,19.309310344827587,264,22,190
14274,686,1,256.6,1,At Risk,1,2010-01-22 12:51:00,2010-01-22 12:51:00,17.10666666666667,178,15,0
14275,396,6,1189.38,1,At Risk,1,2010-04-11 12:32:00,2010-11-09 09:06:00,51.71217391304347,538,14,211
14276,99,7,2102.68,0,Potential Loyalists,0,2010-02-17 13:10:00,2011-09-02 09:45:00,17.377520661157025,1406,75,561
14277,15,9,17225.81,3,Loyal Customers,0,2009-12-13 15:43:00,2011-11-24 15:01:00,45.09374345549739,89814,334,710
14278,410,1,205.83,1,At Risk,1,2010-10-26 12:07:00,2010-10-26 12:07:00,15.833076923076923,131,13,0
14279,521,2,191.86,1,At Risk,1,2010-01-27 16:34:00,2010-07-07 08:42:00,63.95333333333334,46,3,160
14280,197,1,134.04,0,Potential Loyalists,1,2011-05-27 10:37:00,2011-05-27 10:37:00,16.755,52,8,0
14281,408,1,245.15,1,At Risk,1,2010-10-27 14:45:00,2010-10-27 14:45:00,35.02142857142857,45,7,0
14282,3,25,7849.66,3,Loyal Customers,0,2010-02-15 11:22:00,2011-12-06 17:04:00,30.904173228346455,5478,100,659
14283,463,4,628.4399999999999,1,At Risk,1,2010-05-19 12:22:00,2010-09-02 14:46:00,15.327804878048783,550,36,106
14284,31,3,1299.65,0,Potential Loyalists,0,2010-02-24 12:06:00,2011-11-09 08:11:00,19.39776119402985,510,59,622
14285,21,8,3284.42,0,Potential Loyalists,0,2009-12-08 14:13:00,2011-11-18 14:50:00,53.84295081967213,954,48,710
14286,24,7,8479.76,3,Loyal Customers,0,2009-12-04 08:40:00,2011-11-16 10:34:00,16.993507014028058,8795,270,712
14287,8,3,176.63,0,Potential Loyalists,0,2011-05-25 11:41:00,2011-12-01 13:25:00,19.625555555555554,261,9,190
14288,213,1,426.6,0,Potential Loyalists,1,2011-05-10 13:22:00,2011-05-10 13:22:00,26.6625,188,16,0
14289,9,6,911.26,0,Potential Loyalists,0,2011-02-23 12:33:00,2011-12-01 11:44:00,19.388510638297873,292,33,280
14290,11,8,4516.56,3,Loyal Customers,0,2009-12-08 11:44:00,2011-11-28 14:02:00,29.910993377483447,1600,120,720
14291,2,23,7904.1,3,Loyal Customers,0,2009-12-09 10:46:00,2011-12-08 10:26:00,16.000202429149798,6146,241,728
14292,8,16,9226.25,3,Loyal Customers,0,2010-03-19 11:10:00,2011-12-02 11:50:00,47.80440414507772,3429,120,623
14293,3,9,3267.9300000000003,0,Potential Loyalists,0,2009-12-10 10:57:00,2011-12-06 15:17:00,24.387537313432837,1730,88,726
14294,407,1,375.34,1,At Risk,1,2010-10-28 16:25:00,2010-10-28 16:25:00,16.31913043478261,190,23,0
14295,40,5,2362.91,0,Potential Loyalists,0,2009-12-08 09:49:00,2011-10-30 15:50:00,32.818194444444444,1029,66,691
14296,421,2,456.4,1,At Risk,1,2010-05-14 14:34:00,2010-10-14 14:14:00,16.9037037037037,314,27,152
14297,18,4,1305.33,0,Potential Loyalists,0,2011-03-10 08:31:00,2011-11-22 09:06:00,21.053709677419352,865,48,257
14298,8,46,29730.420199999626,2,Champions,0,2009-12-11 13:49:00,2011-12-01 13:12:00,31.841651536312852,100272,1370,719
14299,8,27,14499.49,2,Champions,0,2009-12-02 10:58:00,2011-12-01 16:05:00,42.64555882352941,8228,164,729
14300,19,1,43.2,0,Potential Loyalists,0,2011-11-21 08:57:00,2011-11-21 08:57:00,14.4,32,3,0
14301,117,4,1992.18,0,Potential Loyalists,0,2010-02-11 13:07:00,2011-08-14 15:33:00,37.58830188679245,1686,37,549
14302,431,3,742.9000000000001,1,At Risk,1,2009-12-02 08:16:00,2010-10-05 08:10:00,26.532142857142862,298,25,306
14303,407,2,277.94,1,At Risk,1,2010-10-01 10:31:00,2010-10-28 15:37:00,12.633636363636363,218,21,27
14304,223,3,1725.01,0,Potential Loyalists,1,2010-05-18 10:50:00,2011-05-01 11:50:00,19.602386363636363,775,69,348
14305,71,3,1858.96,0,Potential Loyalists,0,2011-07-27 14:14:00,2011-09-29 15:29:00,17.70438095238095,1089,96,64
14306,51,6,3151.4,0,Potential Loyalists,0,2010-01-31 13:42:00,2011-10-19 13:23:00,68.50869565217391,2065,43,625
14307,89,10,5071.03,3,Loyal Customers,0,2009-12-07 13:06:00,2011-09-12 09:38:00,16.35816129032258,3374,205,643
14308,549,2,1147.02,1,At Risk,1,2010-06-08 16:39:00,2010-06-08 16:48:00,573.51,2,1,0
14309,8,11,3780.81,3,Loyal Customers,0,2010-06-07 10:24:00,2011-12-01 13:33:00,20.004285714285714,2583,125,542
14310,433,1,492.1,1,At Risk,1,2010-10-03 12:34:00,2010-10-03 12:34:00,22.36818181818182,230,22,0
14311,243,2,516.45,0,Potential Loyalists,1,2010-05-21 10:28:00,2011-04-11 10:14:00,16.65967741935484,235,31,324
14312,47,11,3090.29,3,Loyal Customers,0,2010-07-23 15:05:00,2011-10-24 09:46:00,17.168277777777778,1904,148,457
14314,107,2,229.8,0,Potential Loyalists,0,2010-10-05 08:00:00,2011-08-25 10:39:00,22.979999999999997,332,10,324
14315,45,8,3197.82,0,Potential Loyalists,0,2010-03-15 12:49:00,2011-10-26 12:06:00,24.043759398496242,1344,83,589
14316,422,5,1370.34,1,At Risk,1,2010-03-19 15:18:00,2010-10-13 16:31:00,44.20451612903226,4494,21,208
14317,65,1,508.58,0,Potential Loyalists,0,2011-10-06 10:44:00,2011-10-06 10:44:00,21.190833333333334,255,24,0
14318,460,1,158.02,1,At Risk,1,2010-09-05 15:32:00,2010-09-05 15:32:00,17.55777777777778,152,9,0
14319,424,1,494.85,1,At Risk,1,2010-10-11 13:38:00,2010-10-11 13:38:00,19.032692307692308,329,26,0
14320,207,5,1346.75,0,Potential Loyalists,1,2010-01-21 11:44:00,2011-05-17 09:24:00,16.626543209876544,713,68,480
14321,11,7,2218.06,0,Potential Loyalists,0,2010-08-23 12:56:00,2011-11-29 09:47:00,12.391396648044692,3275,162,462
14322,429,4,474.1,1,At Risk,1,2010-02-18 08:49:00,2010-10-06 15:17:00,36.46923076923077,158,10,230
14323,115,2,605.0600000000001,0,Potential Loyalists,0,2011-04-15 11:44:00,2011-08-17 11:37:00,16.807222222222222,350,32,123
14324,410,2,701.61,1,At Risk,1,2010-01-15 13:31:00,2010-10-26 11:44:00,17.112439024390245,402,41,283
14325,570,1,245.48,1,At Risk,1,2010-05-19 09:20:00,2010-05-19 09:20:00,13.637777777777778,320,18,0
14326,242,3,940.98,0,Potential Loyalists,1,2010-06-25 12:10:00,2011-04-11 15:04:00,16.50842105263158,572,54,290
14327,163,6,1894.93,0,Potential Loyalists,0,2010-01-08 14:04:00,2011-06-29 13:58:00,17.87669811320755,1296,99,536
14328,438,1,445.05,1,At Risk,1,2010-09-27 16:01:00,2010-09-27 16:01:00,445.05,1,1,0
14329,17,15,9927.22,3,Loyal Customers,0,2009-12-16 15:31:00,2011-11-22 15:50:00,17.95157323688969,5921,349,706
14330,624,1,200.63,1,At Risk,1,2010-03-26 09:10:00,2010-03-26 09:10:00,15.433076923076923,103,13,0
14331,124,2,462.66,0,Potential Loyalists,0,2011-07-27 15:14:00,2011-08-07 13:17:00,16.52357142857143,252,27,10
14332,23,5,1943.51,0,Potential Loyalists,0,2010-10-19 13:01:00,2011-11-17 11:54:00,30.84936507936508,893,47,393
14333,68,1,415.2,0,Potential Loyalists,0,2011-10-03 10:38:00,2011-10-03 10:38:00,27.68,58,15,0
14334,17,12,4318.48,3,Loyal Customers,0,2010-05-20 10:04:00,2011-11-23 10:01:00,16.73829457364341,2986,148,551
14335,16,2,468.26,0,Potential Loyalists,0,2011-09-04 13:07:00,2011-11-23 13:41:00,7.432698412698413,379,55,80
14336,17,4,1614.91,0,Potential Loyalists,0,2011-03-08 16:48:00,2011-11-23 11:40:00,17.943444444444445,1759,77,259
14338,161,3,928.1,0,Potential Loyalists,0,2010-06-21 10:32:00,2011-07-01 14:08:00,18.562,622,43,375
14339,243,2,620.27,0,Potential Loyalists,1,2010-10-07 08:50:00,2011-04-11 11:06:00,26.968260869565217,456,21,186
14340,219,1,134.7,0,Potential Loyalists,1,2011-05-05 09:44:00,2011-05-05 09:44:00,22.45,58,6,0
14341,45,18,4467.32,3,Loyal Customers,0,2009-12-01 12:20:00,2011-10-25 15:48:00,16.794436090225563,2819,185,693
14342,21,6,918.44,0,Potential Loyalists,0,2010-08-24 13:03:00,2011-11-18 13:21:00,27.831515151515152,521,27,451
14343,421,4,1088.91,1,At Risk,1,2010-01-18 16:47:00,2010-10-14 13:05:00,4.575252100840337,631,193,268
14344,127,20,3333.7000000000003,3,Loyal Customers,0,2010-03-23 15:47:00,2011-08-04 13:51:00,13.718930041152264,1669,140,498
14345,39,1,108.98,0,Potential Loyalists,0,2011-11-01 09:51:00,2011-11-01 09:51:00,18.163333333333334,50,6,0
14346,121,5,2315.75,0,Potential Loyalists,0,2010-07-30 10:44:00,2011-08-11 09:47:00,15.861301369863014,1878,123,376
14347,737,1,82.6,1,At Risk,1,2009-12-03 10:49:00,2009-12-03 10:49:00,13.766666666666667,48,6,0
14348,260,1,409.57,0,Potential Loyalists,1,2011-03-24 16:23:00,2011-03-24 16:23:00,22.753888888888888,183,18,0
14349,10,1,133.5,0,Potential Loyalists,0,2011-11-29 15:39:00,2011-11-29 15:39:00,4.306451612903226,86,31,0
14350,274,3,972.03,0,Potential Loyalists,1,2010-10-05 15:52:00,2011-03-10 14:14:00,16.47508474576271,543,55,155
14351,165,1,51.0,0,Potential Loyalists,0,2011-06-28 11:56:00,2011-06-28 11:56:00,51.0,12,1,0
14352,157,4,1078.96,0,Potential Loyalists,0,2011-03-11 14:58:00,2011-07-05 15:41:00,22.95659574468085,538,44,116
14353,215,3,376.5,0,Potential Loyalists,1,2010-10-04 12:38:00,2011-05-08 16:06:00,15.06,344,18,216
14354,6,2,163.62,0,Potential Loyalists,0,2011-11-09 15:36:00,2011-12-04 11:32:00,18.18,210,9,24
14355,366,3,1014.45,1,At Risk,1,2010-03-22 15:08:00,2010-12-09 12:16:00,14.288028169014085,709,57,261
14356,80,2,701.23,0,Potential Loyalists,0,2011-09-19 14:43:00,2011-09-21 09:18:00,21.24939393939394,277,33,1
14357,43,1,225.77,0,Potential Loyalists,0,2011-10-27 16:23:00,2011-10-27 16:23:00,5.506585365853659,148,39,0
14358,389,2,400.06,1,At Risk,1,2010-10-07 17:26:00,2010-11-15 15:51:00,16.0024,338,21,38
14359,19,3,912.18,0,Potential Loyalists,0,2011-09-13 09:03:00,2011-11-20 13:17:00,16.585090909090912,371,44,68
14360,32,4,2128.23,0,Potential Loyalists,0,2011-09-06 11:58:00,2011-11-08 09:12:00,18.035847457627117,1151,104,62
14361,579,1,214.71,1,At Risk,1,2010-05-10 12:29:00,2010-05-10 12:29:00,15.336428571428572,251,14,0
14362,22,1,161.2,0,Potential Loyalists,0,2011-11-17 15:08:00,2011-11-17 15:08:00,3.9317073170731707,100,37,0
14363,402,2,227.47000000000003,1,At Risk,1,2010-09-14 14:39:00,2010-11-02 17:01:00,28.433750000000003,105,8,49
14364,109,8,3717.35,0,Potential Loyalists,0,2011-05-12 12:56:00,2011-08-23 11:01:00,53.87463768115942,1967,61,102
14365,395,2,634.68,1,At Risk,1,2010-01-27 09:44:00,2010-11-10 09:52:00,12.44470588235294,557,50,287
14366,525,1,136.0,1,At Risk,1,2010-07-02 17:23:00,2010-07-02 17:23:00,136.0,16,1,0
14367,8,16,9261.52,3,Loyal Customers,0,2011-03-08 14:12:00,2011-12-01 13:19:00,17.67465648854962,4438,270,267
14368,320,1,155.0,1,At Risk,1,2011-01-24 09:52:00,2011-01-24 09:52:00,19.375,36,8,0
14369,642,2,469.13,1,At Risk,1,2010-02-16 10:28:00,2010-03-07 15:47:00,18.04346153846154,255,24,19
14370,451,6,1175.78,1,At Risk,1,2010-02-01 08:35:00,2010-09-15 10:53:00,26.722272727272728,266,37,226
14371,295,1,100.5,1,At Risk,1,2011-02-17 16:35:00,2011-02-17 16:35:00,25.125,34,4,0
14372,443,2,860.08,1,At Risk,1,2010-04-19 15:57:00,2010-09-22 16:17:00,22.633684210526315,378,36,156
14373,358,1,76.55,1,At Risk,1,2010-12-16 15:40:00,2010-12-16 15:40:00,19.1375,17,4,0
14374,541,1,108.0,1,At Risk,1,2010-06-16 14:25:00,2010-06-16 14:25:00,15.428571428571429,20,7,0
14375,185,3,1132.99,0,Potential Loyalists,1,2010-06-16 14:34:00,2011-06-07 13:44:00,5.245324074074074,659,176,355
14376,683,1,215.46,1,At Risk,1,2010-01-25 15:36:00,2010-01-25 15:36:00,11.97,50,17,0
14377,191,2,617.05,0,Potential Loyalists,1,2011-03-22 13:38:00,2011-06-01 13:32:00,56.095454545454544,219,11,70
14378,622,1,131.25,1,At Risk,1,2010-03-28 12:22:00,2010-03-28 12:22:00,14.583333333333334,57,9,0
14379,44,4,1268.91,0,Potential Loyalists,0,2010-08-16 15:31:00,2011-10-26 16:43:00,9.836511627906978,713,93,436
14380,682,1,48.96,1,At Risk,1,2010-01-26 17:11:00,2010-01-26 17:11:00,48.96,1,1,0
14381,52,2,631.34,0,Potential Loyalists,0,2010-09-14 16:15:00,2011-10-18 17:10:00,5.538070175438596,453,104,399
14382,26,2,1246.8,0,Potential Loyalists,0,2010-11-14 16:32:00,2011-11-13 16:18:00,4.128476821192053,1701,227,363
14383,38,3,1247.69,0,Potential Loyalists,0,2011-06-29 10:18:00,2011-11-01 15:53:00,21.14728813559322,817,49,125
14384,501,1,58.5,1,At Risk,1,2010-07-27 09:53:00,2010-07-27 09:53:00,19.5,30,3,0
14385,9,3,202.11,0,Potential Loyalists,0,2011-11-16 11:55:00,2011-11-30 15:36:00,14.43642857142857,159,13,14
14386,297,1,142.4,1,At Risk,1,2011-02-16 09:45:00,2011-02-16 09:45:00,20.342857142857145,54,7,0
14387,33,3,1770.56,0,Potential Loyalists,0,2011-08-22 14:13:00,2011-11-07 12:29:00,12.646857142857142,819,125,76
14388,10,16,6701.0,3,Loyal Customers,0,2010-01-20 11:54:00,2011-11-29 13:32:00,16.185990338164252,4360,184,678
14389,65,5,1898.01,0,Potential Loyalists,0,2010-04-28 14:57:00,2011-10-05 15:17:00,21.816206896551723,1388,48,525
14390,10,13,6399.83,3,Loyal Customers,0,2010-10-10 14:30:00,2011-11-29 13:49:00,13.03427698574338,2910,197,414
14391,577,1,135.6,1,At Risk,1,2010-05-12 09:42:00,2010-05-12 09:42:00,9.685714285714285,168,14,0
14392,432,1,266.4,1,At Risk,1,2010-10-03 12:56:00,2010-10-03 12:56:00,19.02857142857143,114,14,0
14393,218,1,67.95,0,Potential Loyalists,1,2011-05-05 18:16:00,2011-05-05 18:16:00,13.59,13,5,0
14394,565,1,93.8,1,At Risk,1,2010-05-24 10:43:00,2010-05-24 10:43:00,15.633333333333333,58,6,0
14395,2,20,8208.01,3,Loyal Customers,0,2010-04-18 13:12:00,2011-12-07 14:34:00,10.046523867809057,4072,320,598
14396,65,7,2121.93,0,Potential Loyalists,0,2009-12-02 14:21:00,2011-10-05 16:09:00,7.291855670103092,1022,202,672
14397,3,19,2612.96,3,Loyal Customers,0,2011-05-10 12:25:00,2011-12-07 09:22:00,30.034022988505747,1890,18,210
14398,401,2,707.79,1,At Risk,1,2010-06-30 11:57:00,2010-11-03 13:46:00,13.354528301886791,267,50,126
14399,394,8,2113.16,1,At Risk,1,2010-02-03 13:09:00,2010-11-10 13:23:00,10.94901554404145,968,119,280
14400,149,3,1732.47,0,Potential Loyalists,0,2010-03-18 12:11:00,2011-07-13 15:50:00,23.73246575342466,1706,71,482
14401,4,22,6795.9,3,Loyal Customers,0,2009-12-14 13:22:00,2011-12-05 13:30:00,25.5484962406015,6401,171,721
14402,652,1,285.6,1,At Risk,1,2010-02-25 13:20:00,2010-02-25 13:20:00,35.7,240,8,0
14403,130,6,1880.51,0,Potential Loyalists,0,2010-03-10 14:00:00,2011-08-01 12:57:00,75.2204,737,20,508
14404,34,13,2899.11,3,Loyal Customers,0,2009-12-20 14:40:00,2011-11-06 12:30:00,13.739857819905215,1656,123,685
14405,387,1,195.0,1,At Risk,1,2010-11-18 11:40:00,2010-11-18 11:40:00,97.5,100,2,0
14406,119,1,156.75,0,Potential Loyalists,0,2011-08-12 16:54:00,2011-08-12 16:54:00,19.59375,77,8,0
14407,107,6,2157.73,0,Potential Loyalists,0,2011-03-08 11:59:00,2011-08-24 14:02:00,29.557945205479452,1415,67,169
14408,11,11,4109.77,3,Loyal Customers,0,2009-12-07 12:18:00,2011-11-29 11:41:00,31.85868217054264,2444,63,721
14409,71,9,3756.09,0,Potential Loyalists,0,2010-05-21 16:45:00,2011-09-29 18:18:00,35.43481132075472,2401,76,496
14410,92,11,2651.14,3,Loyal Customers,0,2010-09-28 15:46:00,2011-09-08 15:08:00,6.745903307888041,1377,307,344
14411,311,1,1063.0,1,At Risk,1,2011-02-02 10:56:00,2011-02-02 10:56:00,75.92857142857143,196,14,0
14412,43,3,1426.19,0,Potential Loyalists,0,2010-10-11 12:33:00,2011-10-28 10:45:00,16.978452380952383,1428,75,381
14413,362,4,770.37,1,At Risk,1,2010-01-19 14:27:00,2010-12-12 13:37:00,7.781515151515151,280,93,326
14414,92,8,2399.33,0,Potential Loyalists,0,2010-11-30 10:12:00,2011-09-09 12:09:00,20.333305084745763,2877,99,283
14415,1,23,12091.6,3,Loyal Customers,0,2009-12-16 14:08:00,2011-12-08 14:38:00,9.588897700237906,6304,445,722
14416,22,2,490.22,0,Potential Loyalists,0,2011-10-28 15:10:00,2011-11-17 15:22:00,35.01571428571429,326,13,20
14417,388,1,604.2,1,At Risk,1,2010-11-17 10:55:00,2010-11-17 10:55:00,4.41021897810219,567,106,0
14418,4,3,1937.25,0,Potential Loyalists,0,2011-08-23 17:18:00,2011-12-06 11:39:00,15.622983870967742,1711,114,104
14419,11,7,1260.91,0,Potential Loyalists,0,2010-11-22 11:09:00,2011-11-29 11:22:00,5.506157205240175,556,118,372
14420,99,4,1639.17,0,Potential Loyalists,0,2010-01-17 12:41:00,2011-09-01 18:07:00,17.62548387096774,1120,85,592
14421,57,6,2469.37,0,Potential Loyalists,0,2010-01-17 11:30:00,2011-10-13 13:24:00,25.722604166666667,1342,72,634
14422,1,19,10271.52,3,Loyal Customers,0,2009-12-17 12:12:00,2011-12-09 11:26:00,18.60782608695652,6067,317,721
14423,218,3,916.61,0,Potential Loyalists,1,2010-01-14 11:49:00,2011-05-05 15:12:00,61.10733333333334,419,12,476
14424,18,1,322.08,0,Potential Loyalists,0,2011-11-22 11:48:00,2011-11-22 11:48:00,322.08,48,1,0
14425,435,3,661.39,1,At Risk,1,2009-12-02 11:31:00,2010-10-01 10:24:00,16.958717948717947,325,35,302
14426,24,17,11727.94,3,Loyal Customers,0,2010-03-04 14:36:00,2011-11-16 12:25:00,19.417119205298015,7023,452,621
14427,50,4,1263.52,0,Potential Loyalists,0,2010-03-18 09:49:00,2011-10-20 14:23:00,28.716363636363635,538,43,581
14428,7,5,1244.83,0,Potential Loyalists,0,2011-01-18 16:39:00,2011-12-02 13:17:00,8.644652777777777,436,108,317
14429,404,1,516.28,1,At Risk,1,2010-11-01 10:08:00,2010-11-01 10:08:00,23.467272727272725,286,22,0
14430,512,3,1220.9,1,At Risk,1,2010-04-11 15:59:00,2010-07-16 11:35:00,34.88285714285715,446,29,95
14431,303,4,2614.2,1,At Risk,1,2010-01-21 10:49:00,2011-02-10 10:40:00,32.27407407407407,1202,72,384
14432,10,6,2255.51,0,Potential Loyalists,0,2011-09-11 14:09:00,2011-11-30 08:04:00,5.904476439790576,2070,256,79
14433,466,1,289.6,1,At Risk,1,2010-08-31 12:35:00,2010-08-31 12:35:00,3.7610389610389614,134,72,0
14434,22,6,1372.8,0,Potential Loyalists,0,2011-09-28 15:31:00,2011-11-18 08:56:00,114.39999999999999,368,3,50
14435,502,1,90.42,1,At Risk,1,2010-07-26 12:33:00,2010-07-26 12:33:00,30.14,282,3,0
14436,99,2,271.70000000000005,0,Potential Loyalists,0,2010-06-04 11:32:00,2011-09-02 10:13:00,24.7,297,11,454
14437,366,5,958.84,1,At Risk,1,2010-05-05 12:20:00,2010-12-09 09:27:00,19.975833333333334,486,34,217
14438,306,1,131.9,1,At Risk,1,2011-02-06 14:56:00,2011-02-06 14:56:00,14.655555555555557,82,9,0
14439,320,5,9443.04,3,Loyal Customers,1,2010-01-21 14:01:00,2011-01-24 11:39:00,73.20186046511628,2244,105,367
14440,8,13,6638.7300000000005,3,Loyal Customers,0,2009-12-02 12:13:00,2011-12-01 15:42:00,47.0831914893617,1755,63,729
14441,1,11,4611.6900000000005,3,Loyal Customers,0,2010-01-18 10:40:00,2011-12-09 09:07:00,29.946038961038965,1260,103,689
14442,205,7,5367.02,0,Potential Loyalists,1,2010-01-18 12:59:00,2011-05-19 11:36:00,29.327978142076507,1431,128,485
14443,54,5,2386.47,0,Potential Loyalists,0,2010-11-25 14:18:00,2011-10-17 10:10:00,15.597843137254904,1520,119,325
14444,456,1,132.04,1,At Risk,1,2010-09-09 18:56:00,2010-09-09 18:56:00,10.156923076923077,180,11,0
14445,456,1,221.65,1,At Risk,1,2010-09-10 11:09:00,2010-09-10 11:09:00,6.9265625,83,32,0
14446,1,5,1241.31,0,Potential Loyalists,0,2010-11-18 12:08:00,2011-12-09 11:34:00,3.6616814159292033,1116,259,385
14447,19,6,1711.73,0,Potential Loyalists,0,2010-11-04 13:32:00,2011-11-21 08:28:00,16.148396226415095,913,81,381
14448,9,2,375.35,0,Potential Loyalists,0,2010-12-10 17:26:00,2011-11-30 13:50:00,18.767500000000002,104,20,354
14449,19,8,2482.8,0,Potential Loyalists,0,2010-09-29 13:15:00,2011-11-21 12:06:00,4.547252747252748,1778,301,417
14450,181,7,1128.44,0,Potential Loyalists,1,2010-04-08 12:09:00,2011-06-12 10:46:00,14.847894736842106,522,47,429
14451,60,12,3308.77,3,Loyal Customers,0,2010-01-17 10:35:00,2011-10-10 13:38:00,6.338639846743295,1757,245,631
14452,11,4,665.59,0,Potential Loyalists,0,2010-07-06 13:13:00,2011-11-29 12:06:00,5.042348484848485,289,108,510
14453,190,1,119.93,0,Potential Loyalists,1,2011-06-02 14:15:00,2011-06-02 14:15:00,5.451363636363637,49,22,0
14454,376,5,977.3,1,At Risk,1,2009-12-06 12:56:00,2010-11-28 13:26:00,8.884545454545455,400,93,357
14455,432,4,628.21,1,At Risk,1,2010-08-01 13:26:00,2010-10-03 15:48:00,7.952025316455697,719,65,63
14456,5,9,3062.4,0,Potential Loyalists,0,2011-07-20 13:06:00,2011-12-04 13:59:00,3.1571134020618556,2908,580,137
14457,311,1,113.64,1,At Risk,1,2011-02-02 09:39:00,2011-02-02 09:39:00,28.41,88,4,0
14458,381,1,237.42,1,At Risk,1,2010-11-24 12:43:00,2010-11-24 12:43:00,4.84530612244898,328,46,0
14459,155,2,5375.741,0,Potential Loyalists,0,2010-02-26 13:26:00,2011-07-07 13:35:00,47.57292920353982,2303,113,496
14460,110,9,1093.5,0,Potential Loyalists,0,2009-12-15 19:06:00,2011-08-21 14:19:00,26.035714285714285,1879,33,613
14461,148,13,6713.5,3,Loyal Customers,0,2010-01-18 12:48:00,2011-07-14 17:11:00,10.36033950617284,3027,515,542
14462,66,12,2270.01,3,Loyal Customers,0,2010-10-03 14:13:00,2011-10-04 15:55:00,7.854705882352942,1072,182,366
14463,98,4,786.5699999999999,0,Potential Loyalists,0,2010-07-28 11:35:00,2011-09-02 15:20:00,98.32124999999999,210,7,401
14464,568,2,111.0,1,At Risk,1,2010-03-22 15:20:00,2010-05-20 18:00:00,27.75,62,4,59
14465,247,11,3946.03,3,Loyal Customers,1,2010-01-07 15:03:00,2011-04-07 12:38:00,19.730150000000002,2546,128,454
14466,29,13,4646.9,3,Loyal Customers,0,2009-12-13 15:44:00,2011-11-10 14:07:00,21.513425925925926,2644,77,696
14467,18,12,2220.99,3,Loyal Customers,0,2009-12-02 12:44:00,2011-11-22 12:48:00,7.211006493506495,1196,144,720
14468,734,1,204.24,1,At Risk,1,2009-12-06 12:21:00,2009-12-06 12:21:00,17.02,164,12,0
14469,416,4,2112.21,1,At Risk,1,2010-01-29 11:12:00,2010-10-19 14:30:00,14.368775510204081,980,120,263
14470,12,3,712.04,0,Potential Loyalists,0,2010-10-05 12:39:00,2011-11-28 10:31:00,11.867333333333333,282,56,418
14471,591,2,400.95,1,At Risk,1,2009-12-07 12:26:00,2010-04-27 17:12:00,9.779268292682927,187,38,141
14472,104,9,2228.22,0,Potential Loyalists,0,2010-01-19 13:09:00,2011-08-28 11:01:00,6.691351351351351,1305,173,585
14473,74,2,234.34000000000003,0,Potential Loyalists,0,2011-03-02 13:56:00,2011-09-26 15:10:00,33.47714285714286,88,7,208
14474,46,2,1278.08,0,Potential Loyalists,0,2010-05-09 12:12:00,2011-10-24 13:26:00,9.682424242424242,453,122,533
14475,72,4,1151.15,0,Potential Loyalists,0,2010-10-27 09:20:00,2011-09-29 10:46:00,23.98229166666667,541,40,337
14476,257,1,215.7,0,Potential Loyalists,1,2011-03-27 15:39:00,2011-03-27 15:39:00,11.352631578947367,132,17,0
14477,20,7,1969.6,0,Potential Loyalists,0,2010-01-04 15:41:00,2011-11-20 11:11:00,140.68571428571428,1120,7,684
14478,382,4,1276.66,1,At Risk,1,2009-12-01 13:20:00,2010-11-22 15:29:00,18.774411764705885,1226,59,356
14479,254,4,1299.11,0,Potential Loyalists,1,2009-12-06 13:48:00,2011-03-31 09:07:00,8.718859060402684,620,127,479
14480,11,4,1299.52,0,Potential Loyalists,0,2009-12-21 16:32:00,2011-11-28 16:35:00,19.992615384615384,670,52,707
14481,165,5,2311.49,0,Potential Loyalists,0,2010-01-31 12:43:00,2011-06-28 10:38:00,15.20717105263158,1584,114,512
14482,18,12,4357.91,3,Loyal Customers,0,2010-08-26 14:13:00,2011-11-21 13:14:00,17.22494071146245,2891,185,451
14483,282,2,257.1,1,At Risk,1,2009-12-03 10:16:00,2011-03-03 10:26:00,19.77692307692308,193,13,455
14484,50,4,1070.98,0,Potential Loyalists,0,2009-12-17 10:57:00,2011-10-20 14:11:00,20.207169811320757,744,47,672
14485,39,1,165.75,0,Potential Loyalists,0,2011-11-01 12:25:00,2011-11-01 12:25:00,3.526595744680851,71,44,0
14486,512,2,175.5,1,At Risk,1,2010-06-04 10:30:00,2010-07-16 09:42:00,29.25,90,4,41
14487,27,7,1453.61,0,Potential Loyalists,0,2010-11-25 13:36:00,2011-11-13 12:17:00,7.6505789473684205,837,129,352
14488,68,1,1064.28,0,Potential Loyalists,0,2011-10-03 09:30:00,2011-10-03 09:30:00,23.136521739130433,799,46,0
14489,207,4,1574.93,0,Potential Loyalists,1,2010-04-06 09:52:00,2011-05-16 14:51:00,15.7493,1011,65,405
14490,406,2,1273.47,1,At Risk,1,2010-10-07 11:36:00,2010-10-29 15:04:00,15.918375000000001,933,72,22
14491,175,2,468.13,0,Potential Loyalists,0,2010-12-02 12:10:00,2011-06-17 15:22:00,22.29190476190476,179,17,197
14492,430,7,1921.91,1,At Risk,1,2010-03-30 14:23:00,2010-10-05 13:21:00,20.890326086956524,751,70,188
14493,7,10,5130.15,3,Loyal Customers,0,2010-03-08 08:33:00,2011-12-02 16:14:00,14.09381868131868,3183,292,634
14494,26,3,401.46,0,Potential Loyalists,0,2009-12-08 13:25:00,2011-11-14 09:21:00,23.615294117647057,210,17,705
14495,51,3,174.8,0,Potential Loyalists,0,2010-02-18 08:49:00,2011-10-20 12:28:00,24.97142857142857,68,7,609
14496,312,7,2668.23,1,At Risk,1,2010-03-16 13:15:00,2011-02-01 09:01:00,24.03810810810811,991,64,321
14497,309,2,697.0600000000001,1,At Risk,1,2010-02-04 09:59:00,2011-02-03 17:01:00,17.4265,332,40,364
14498,43,10,3911.27,3,Loyal Customers,0,2010-06-07 16:05:00,2011-10-28 12:09:00,10.542506738544475,2122,276,507
14499,26,7,2138.9700000000003,0,Potential Loyalists,0,2010-08-27 11:57:00,2011-11-13 13:01:00,6.7052351097178695,1250,199,443
14500,88,3,356.85,0,Potential Loyalists,0,2011-06-03 10:08:00,2011-09-12 16:45:00,50.978571428571435,117,6,101
14501,184,2,251.21,0,Potential Loyalists,1,2011-01-24 10:43:00,2011-06-09 12:02:00,25.121000000000002,161,9,136
14502,20,11,2470.67,3,Loyal Customers,0,2011-01-30 15:52:00,2011-11-20 11:50:00,3.9594070512820516,1498,368,293
14503,3,6,3543.26,0,Potential Loyalists,0,2011-06-14 10:00:00,2011-12-06 13:30:00,21.605243902439025,2004,113,175
14504,47,4,673.26,0,Potential Loyalists,0,2011-03-06 14:38:00,2011-10-23 16:00:00,6.2921495327102805,308,85,231
14505,17,19,12001.84,3,Loyal Customers,0,2009-12-09 14:48:00,2011-11-22 15:45:00,7.463830845771144,5383,898,713
14506,17,7,3290.67,0,Potential Loyalists,0,2010-04-19 08:27:00,2011-11-22 13:02:00,6.971758474576271,1078,251,582
14507,24,11,3284.43,3,Loyal Customers,0,2009-12-10 17:04:00,2011-11-16 12:21:00,12.30123595505618,1536,182,705
14508,22,5,874.94,0,Potential Loyalists,0,2010-06-17 13:02:00,2011-11-17 19:48:00,4.6539361702127655,359,142,518
14509,534,1,110.95,1,At Risk,1,2010-06-23 13:21:00,2010-06-23 13:21:00,4.438,38,25,0
14510,376,3,1007.28,1,At Risk,1,2010-09-29 13:35:00,2010-11-29 12:46:00,12.913846153846153,821,67,60
14511,11,5,1314.81,0,Potential Loyalists,0,2011-07-29 12:13:00,2011-11-28 17:05:00,19.33544117647059,784,53,122
14512,188,7,1223.47,0,Potential Loyalists,1,2009-12-07 13:49:00,2011-06-05 12:39:00,15.293375000000001,742,55,544
14513,101,6,788.01,0,Potential Loyalists,0,2010-05-20 17:57:00,2011-08-31 11:25:00,41.47421052631579,593,15,467
14514,61,9,4598.9800000000005,3,Loyal Customers,0,2009-12-13 13:21:00,2011-10-09 16:05:00,13.526411764705884,2496,212,665
14515,18,12,3749.26,3,Loyal Customers,0,2010-06-07 12:37:00,2011-11-22 11:37:00,21.30261363636364,1917,109,532
14516,516,1,163.92,1,At Risk,1,2010-07-11 14:07:00,2010-07-11 14:07:00,4.43027027027027,68,35,0
14517,33,2,330.45,0,Potential Loyalists,0,2011-07-21 11:42:00,2011-11-06 14:20:00,18.358333333333334,91,17,108
14518,64,1,174.37,0,Potential Loyalists,0,2011-10-06 14:43:00,2011-10-06 14:43:00,10.898125,278,16,0
14519,684,2,206.09,1,At Risk,1,2009-12-11 10:40:00,2010-01-25 11:18:00,5.284358974358974,82,38,45
14520,2,2,270.6,0,Potential Loyalists,0,2011-02-22 09:15:00,2011-12-08 09:46:00,67.65,146,3,289
14521,491,1,199.45,1,At Risk,1,2010-08-05 16:35:00,2010-08-05 16:35:00,11.732352941176472,211,17,0
14522,24,8,1758.62,0,Potential Loyalists,0,2010-01-24 13:55:00,2011-11-15 13:24:00,38.23086956521739,968,34,659
14523,108,1,241.09,0,Potential Loyalists,0,2011-08-23 13:13:00,2011-08-23 13:13:00,20.090833333333332,251,12,0
14524,32,13,2933.71,3,Loyal Customers,0,2010-10-19 11:44:00,2011-11-08 12:29:00,8.94423780487805,1176,250,385
14525,20,17,8240.64,3,Loyal Customers,0,2009-12-13 14:01:00,2011-11-20 11:37:00,15.176132596685083,5235,340,706
14526,389,1,262.4,1,At Risk,1,2010-11-15 13:32:00,2010-11-15 13:32:00,6.247619047619047,179,41,0
14527,3,46,27792.3,2,Champions,0,2009-12-02 12:06:00,2011-12-07 12:19:00,10.289633469085524,6762,607,735
14528,37,1,364.22,0,Potential Loyalists,0,2011-11-02 17:09:00,2011-11-02 17:09:00,20.234444444444442,278,18,0
14529,60,3,620.04,0,Potential Loyalists,0,2011-08-21 14:10:00,2011-10-10 15:27:00,2.707598253275109,348,177,50
14530,26,16,6197.4,3,Loyal Customers,0,2010-01-21 11:25:00,2011-11-14 10:38:00,12.778144329896907,3014,269,661
14531,480,1,376.34,1,At Risk,1,2010-08-17 10:16:00,2010-08-17 10:16:00,12.977241379310344,260,29,0
14532,236,11,3859.18,3,Loyal Customers,1,2010-01-10 11:47:00,2011-04-17 13:05:00,12.135786163522013,1115,209,462
14533,25,11,3466.37,3,Loyal Customers,0,2010-04-08 12:13:00,2011-11-15 12:05:00,38.947977528089886,6038,74,585
14534,3,26,6271.11,3,Loyal Customers,0,2010-03-15 14:16:00,2011-12-07 12:19:00,8.578809849521203,2856,437,631
14535,60,9,6030.7300000000005,3,Loyal Customers,0,2010-02-24 15:03:00,2011-10-10 15:39:00,7.136958579881657,3240,589,593
14536,260,1,171.8,0,Potential Loyalists,1,2011-03-25 12:21:00,2011-03-25 12:21:00,9.042105263157895,40,18,0
14537,58,2,641.4,0,Potential Loyalists,0,2010-03-26 13:44:00,2011-10-13 10:54:00,27.88695652173913,228,23,565
14538,65,5,1370.84,0,Potential Loyalists,0,2010-01-25 15:42:00,2011-10-06 10:31:00,26.362307692307695,284,45,618
14539,16,2,537.48,0,Potential Loyalists,0,2011-10-26 12:03:00,2011-11-24 09:50:00,16.79625,428,31,28
14540,10,11,3795.34,3,Loyal Customers,0,2009-12-07 13:00:00,2011-11-30 10:15:00,13.902344322344323,1619,197,722
14541,59,14,2499.68,3,Loyal Customers,0,2010-01-07 11:59:00,2011-10-12 10:08:00,13.810386740331491,1129,99,642
14542,186,1,103.25,0,Potential Loyalists,1,2011-06-07 08:19:00,2011-06-07 08:19:00,20.65,19,5,0
14543,29,39,14906.77,2,Champions,0,2009-12-01 13:47:00,2011-11-11 12:45:00,68.69479262672812,2697,106,709
14544,24,3,2982.43,0,Potential Loyalists,0,2010-08-26 16:00:00,2011-11-15 15:06:00,15.533489583333333,2438,148,445
14545,674,1,349.25,1,At Risk,1,2010-02-03 15:23:00,2010-02-03 15:23:00,15.184782608695652,236,23,0
14546,5,11,5197.9,3,Loyal Customers,0,2009-12-06 13:10:00,2011-12-04 13:00:00,6.538238993710691,2696,410,727
14547,4,8,4007.54,0,Potential Loyalists,0,2011-10-16 14:35:00,2011-12-06 11:06:00,10.949562841530055,2668,198,50
14548,151,9,2627.49,0,Potential Loyalists,0,2009-12-06 14:00:00,2011-07-12 12:19:00,23.252123893805308,1021,66,582
14549,311,4,916.55,1,At Risk,1,2009-12-02 14:06:00,2011-02-01 13:47:00,6.364930555555556,395,117,425
14550,11,4,1353.31,0,Potential Loyalists,0,2010-08-13 12:05:00,2011-11-29 12:12:00,13.809285714285714,776,77,473
14551,18,7,880.04,0,Potential Loyalists,0,2010-01-27 12:06:00,2011-11-21 13:36:00,11.000499999999999,487,69,663
14552,152,3,511.28,0,Potential Loyalists,0,2010-04-26 13:44:00,2011-07-11 12:49:00,3.25656050955414,261,124,440
14553,19,9,1841.54,0,Potential Loyalists,0,2010-07-18 12:07:00,2011-11-20 13:20:00,6.138466666666667,1140,233,490
14554,10,4,2381.04,0,Potential Loyalists,0,2011-10-18 13:04:00,2011-11-29 16:44:00,11.023333333333333,1478,147,42
14555,57,6,2315.63,0,Potential Loyalists,0,2009-12-18 11:39:00,2011-10-13 16:24:00,19.4590756302521,850,94,664
14556,596,3,835.34,1,At Risk,1,2010-01-20 11:49:00,2010-04-22 14:57:00,4.114975369458128,331,158,92
14557,85,1,788.38,0,Potential Loyalists,0,2011-09-15 15:48:00,2011-09-15 15:48:00,49.27375,510,16,0
14558,654,3,655.5,1,At Risk,1,2009-12-08 10:41:00,2010-02-23 12:51:00,43.7,162,13,77
14559,390,1,75.6,1,At Risk,1,2010-11-14 16:05:00,2010-11-14 16:05:00,37.8,72,2,0
14560,7,44,6114.03,2,Champions,0,2009-12-02 10:15:00,2011-12-02 15:22:00,30.570149999999998,4580,60,730
14561,76,3,1080.76,0,Potential Loyalists,0,2011-06-08 13:26:00,2011-09-25 12:39:00,15.6631884057971,1014,67,108
14562,4,26,6729.400000000001,3,Loyal Customers,0,2010-02-07 14:10:00,2011-12-06 11:05:00,11.013747954173487,2604,245,666
14563,510,2,679.44,1,At Risk,1,2010-04-26 12:51:00,2010-07-18 12:01:00,5.908173913043479,335,95,82
14564,435,2,2605.62,1,At Risk,1,2009-12-04 09:27:00,2010-10-01 09:02:00,24.35158878504673,1295,107,300
14565,96,5,3859.22,0,Potential Loyalists,0,2010-08-23 09:48:00,2011-09-05 09:07:00,24.120125,1940,139,377
14566,111,4,4092.0,0,Potential Loyalists,0,2010-06-24 10:34:00,2011-08-21 11:05:00,255.75,2400,9,423
14567,57,2,1530.36,0,Potential Loyalists,0,2011-08-01 13:48:00,2011-10-14 10:21:00,46.374545454545455,412,33,73
14568,435,1,919.7,1,At Risk,1,2010-09-30 17:15:00,2010-09-30 17:15:00,19.56808510638298,645,47,0
14569,1,4,598.98,0,Potential Loyalists,0,2010-04-15 11:49:00,2011-12-08 14:58:00,17.113714285714288,258,31,602
14570,281,3,613.75,1,At Risk,1,2010-09-22 13:07:00,2011-03-04 10:58:00,9.025735294117647,431,64,162
14571,425,1,161.65,1,At Risk,1,2010-10-10 15:06:00,2010-10-10 15:06:00,5.214516129032258,57,30,0
14572,3,11,5615.18,3,Loyal Customers,0,2010-03-28 13:47:00,2011-12-06 14:40:00,10.675247148288975,2933,336,618
14573,180,13,2621.42,3,Loyal Customers,0,2010-01-08 16:34:00,2011-06-13 11:15:00,6.586482412060302,835,183,520
14574,733,1,143.70000000000002,1,At Risk,1,2009-12-07 12:42:00,2009-12-07 12:42:00,13.063636363636364,63,11,0
14575,488,1,460.71,1,At Risk,1,2010-08-08 14:51:00,2010-08-08 14:51:00,6.225810810810811,176,71,0
14576,372,1,70.80000000000001,1,At Risk,1,2010-12-02 17:51:00,2010-12-02 17:51:00,35.400000000000006,24,1,0
14577,13,7,1374.25,0,Potential Loyalists,0,2009-12-11 12:09:00,2011-11-27 12:47:00,7.428378378378379,573,104,716
14578,3,1,168.63,0,Potential Loyalists,0,2011-12-06 17:18:00,2011-12-06 17:18:00,7.02625,240,24,0
14579,432,1,105.56,1,At Risk,1,2010-10-03 14:36:00,2010-10-03 14:36:00,4.2224,56,24,0
14580,518,1,14.85,1,At Risk,1,2010-07-09 15:20:00,2010-07-09 15:20:00,14.85,3,1,0
14581,17,2,433.8,0,Potential Loyalists,0,2010-06-13 15:48:00,2011-11-23 12:39:00,6.673846153846154,309,59,527
14582,41,1,114.11,0,Potential Loyalists,0,2011-10-30 11:56:00,2011-10-30 11:56:00,19.018333333333334,73,6,0
14583,6,8,1781.03,0,Potential Loyalists,0,2010-03-28 15:16:00,2011-12-04 12:32:00,3.519822134387352,1155,353,615
14584,169,8,1747.91,0,Potential Loyalists,0,2010-02-17 14:01:00,2011-06-23 18:33:00,7.9090950226244345,963,127,491
14585,50,5,1143.27,0,Potential Loyalists,0,2010-10-19 12:17:00,2011-10-20 14:33:00,10.29972972972973,630,88,366
14586,277,1,237.36,1,At Risk,1,2011-03-08 10:04:00,2011-03-08 10:04:00,12.492631578947368,444,19,0
14587,19,9,1601.14,0,Potential Loyalists,0,2011-01-12 13:16:00,2011-11-21 11:34:00,4.180522193211488,761,170,312
14588,578,1,135.39,1,At Risk,1,2010-05-10 15:08:00,2010-05-10 15:08:00,8.461875,62,16,0
14589,372,1,79.5,1,At Risk,1,2010-12-03 11:42:00,2010-12-03 11:42:00,13.25,10,3,0
14590,425,20,3006.62,3,Loyal Customers,1,2009-12-07 14:10:00,2010-10-11 12:06:00,14.738333333333333,904,124,307
14591,15,4,1447.14,0,Potential Loyalists,0,2011-05-10 14:09:00,2011-11-24 13:57:00,7.345888324873097,1297,138,197
14592,35,3,570.46,0,Potential Loyalists,0,2011-10-06 18:08:00,2011-11-04 16:35:00,3.4784146341463416,415,132,28
14593,22,12,3712.01,3,Loyal Customers,0,2009-12-09 12:57:00,2011-11-18 12:48:00,5.977471819645732,1875,436,708
14594,7,2,634.83,0,Potential Loyalists,0,2010-12-01 13:54:00,2011-12-02 13:28:00,7.5575,331,48,365
14595,20,8,2164.45,0,Potential Loyalists,0,2010-01-20 13:59:00,2011-11-20 12:12:00,15.915073529411764,1228,119,668
14596,627,1,229.47,1,At Risk,1,2010-03-23 12:13:00,2010-03-23 12:13:00,4.025789473684211,79,50,0
14597,11,6,2201.54,0,Potential Loyalists,0,2010-09-28 13:17:00,2011-11-28 13:13:00,21.374174757281555,1447,79,425
14598,44,2,384.04,0,Potential Loyalists,0,2010-05-19 13:07:00,2011-10-26 13:19:00,4.26711111111111,354,83,525
14599,390,2,474.54,1,At Risk,1,2010-07-18 15:54:00,2010-11-14 14:49:00,5.787073170731707,295,77,118
14600,306,2,865.1700000000001,1,At Risk,1,2010-11-11 15:56:00,2011-02-07 09:48:00,16.021666666666665,487,53,87
14601,11,1,213.96,0,Potential Loyalists,0,2011-11-29 09:48:00,2011-11-29 09:48:00,30.565714285714286,168,7,0
14602,656,1,205.36,1,At Risk,1,2010-02-21 15:47:00,2010-02-21 15:47:00,6.624516129032258,80,31,0
14603,275,1,660.0,1,At Risk,1,2011-03-10 10:27:00,2011-03-10 10:27:00,330.0,400,2,0
14604,633,1,143.86,1,At Risk,1,2010-03-16 13:00:00,2010-03-16 13:00:00,6.254782608695652,88,20,0
14605,374,4,937.16,1,At Risk,1,2009-12-08 13:59:00,2010-11-30 14:07:00,8.442882882882882,424,88,357
14606,1,46,29730.420199999626,2,Champions,0,2009-12-03 12:40:00,2011-12-08 19:28:00,4.70013097776424,15635,1262,735
14607,16,22,24137.63,2,Champions,0,2009-12-15 11:25:00,2011-11-24 10:35:00,115.49105263157895,15585,106,708
14608,4,11,3352.94,3,Loyal Customers,0,2009-12-06 12:34:00,2011-12-05 16:52:00,77.97534883720931,927,15,729
14609,72,10,1486.2,0,Potential Loyalists,0,2010-02-09 09:48:00,2011-09-28 12:54:00,114.32307692307693,12720,6,596
14610,396,2,24.35,1,At Risk,1,2010-07-13 16:06:00,2010-11-09 10:58:00,2.435,15,10,118
14611,444,2,604.3299999999999,1,At Risk,1,2010-04-20 10:19:00,2010-09-22 09:19:00,15.90342105263158,582,37,154
14612,415,1,877.7,1,At Risk,1,2010-10-20 16:01:00,2010-10-20 16:01:00,62.69285714285714,134,14,0
14613,680,1,76.32000000000001,1,At Risk,1,2010-01-28 13:02:00,2010-01-28 13:02:00,76.32000000000001,72,1,0
14614,386,1,295.13,1,At Risk,1,2010-11-18 13:04:00,2010-11-18 13:04:00,15.533157894736842,189,19,0
14615,394,5,951.76,1,At Risk,1,2010-06-09 13:59:00,2010-11-10 13:36:00,19.828333333333333,495,40,153
14616,243,5,527.78,0,Potential Loyalists,1,2010-06-09 09:42:00,2011-04-11 09:54:00,105.556,170,3,306
14617,403,2,190.47000000000003,1,At Risk,1,2010-10-20 10:40:00,2010-11-02 11:41:00,21.163333333333334,81,7,13
14618,9,7,1342.32,0,Potential Loyalists,0,2010-06-11 10:11:00,2011-11-30 13:45:00,26.32,704,40,537
14619,246,2,1291.24,0,Potential Loyalists,1,2010-06-16 14:41:00,2011-04-08 07:37:00,21.520666666666667,594,58,295
14620,206,2,412.78,0,Potential Loyalists,1,2011-03-01 08:30:00,2011-05-18 11:58:00,15.876153846153848,214,26,78
14621,1,9,3000.57,0,Potential Loyalists,0,2010-01-25 09:08:00,2011-12-08 16:22:00,18.871509433962267,1706,134,682
14622,185,1,320.58000000000004,0,Potential Loyalists,1,2011-06-08 12:42:00,2011-06-08 12:42:00,15.265714285714287,146,21,0
14623,32,10,2059.58,0,Potential Loyalists,0,2010-04-16 17:12:00,2011-11-07 13:56:00,7.053356164383562,1059,193,569
14624,57,6,814.07,0,Potential Loyalists,0,2010-04-14 10:44:00,2011-10-13 13:44:00,15.962156862745099,645,39,547
14625,196,11,4497.88,3,Loyal Customers,1,2009-12-16 13:23:00,2011-05-27 15:32:00,16.90932330827068,2155,167,527
14626,24,11,5410.92,3,Loyal Customers,0,2009-12-10 14:57:00,2011-11-16 10:37:00,23.32293103448276,3135,181,705
14627,379,1,462.75,1,At Risk,1,2010-11-25 16:32:00,2010-11-25 16:32:00,15.956896551724139,284,29,0
14628,91,5,1998.0,0,Potential Loyalists,0,2010-01-25 14:40:00,2011-09-09 14:58:00,23.232558139534884,1147,65,592
14629,4,2,959.01,0,Potential Loyalists,0,2011-10-23 16:13:00,2011-12-05 16:55:00,6.309276315789473,380,133,43
14630,484,1,338.65,1,At Risk,1,2010-08-12 16:38:00,2010-08-12 16:38:00,16.126190476190477,111,21,0
14631,51,6,2025.69,0,Potential Loyalists,0,2010-08-09 14:45:00,2011-10-20 11:17:00,22.26032967032967,1407,65,436
14632,263,1,114.56,0,Potential Loyalists,1,2011-03-22 08:49:00,2011-03-22 08:49:00,14.32,96,8,0
14633,266,1,344.90000000000003,0,Potential Loyalists,1,2011-03-18 17:07:00,2011-03-18 17:07:00,17.245,96,20,0
14634,438,4,2124.46,1,At Risk,1,2010-06-16 09:48:00,2010-09-28 10:40:00,19.49045871559633,1906,105,104
14635,454,1,215.22,1,At Risk,1,2010-09-12 10:47:00,2010-09-12 10:47:00,14.348,118,15,0
14636,36,2,609.85,0,Potential Loyalists,0,2011-03-16 09:52:00,2011-11-03 16:12:00,21.780357142857145,241,27,232
14637,677,1,106.68,1,At Risk,1,2010-01-31 15:52:00,2010-01-31 15:52:00,15.24,100,7,0
14638,51,1,443.6,0,Potential Loyalists,0,2011-10-20 10:10:00,2011-10-20 10:10:00,27.725,166,16,0
14639,52,9,4978.96,3,Loyal Customers,0,2010-02-16 12:35:00,2011-10-18 15:06:00,17.05123287671233,2410,203,609
14640,24,10,3667.06,3,Loyal Customers,0,2010-01-22 15:44:00,2011-11-15 13:07:00,17.97578431372549,1651,165,661
14641,22,1,110.46,0,Potential Loyalists,0,2011-11-18 10:42:00,2011-11-18 10:42:00,15.780000000000001,90,7,0
14642,59,1,96.12,0,Potential Loyalists,0,2011-10-12 11:08:00,2011-10-12 11:08:00,48.06,76,2,0
14643,170,5,1679.89,0,Potential Loyalists,0,2009-12-11 11:52:00,2011-06-22 14:41:00,27.095000000000002,1377,57,558
14644,68,7,2247.72,0,Potential Loyalists,0,2009-12-03 16:24:00,2011-10-03 08:30:00,36.25354838709677,770,50,668
14645,157,3,876.89,0,Potential Loyalists,0,2010-03-15 11:33:00,2011-07-06 09:15:00,18.268541666666668,587,45,477
14646,2,46,29730.420199999626,2,Champions,0,2009-12-02 16:52:00,2011-12-08 12:12:00,137.33502727981295,367193,961,735
14647,201,2,519.97,0,Potential Loyalists,1,2010-07-04 13:27:00,2011-05-22 13:40:00,10.195490196078431,180,42,322
14648,416,15,4546.86,3,Loyal Customers,1,2009-12-10 13:59:00,2010-10-19 13:12:00,9.9930989010989,3326,286,312
14649,5,9,3775.31,3,Loyal Customers,0,2010-01-20 13:10:00,2011-12-05 12:30:00,6.600192307692308,2464,374,683
14650,589,1,62.5,1,At Risk,1,2010-04-29 20:27:00,2010-04-29 20:27:00,15.625,22,4,0
14651,67,9,2034.12,0,Potential Loyalists,0,2010-03-18 11:39:00,2011-10-03 15:52:00,7.062916666666667,886,216,564
14652,77,1,114.18,0,Potential Loyalists,0,2011-09-23 14:21:00,2011-09-23 14:21:00,3.937241379310345,53,29,0
14653,1,12,3614.54,3,Loyal Customers,0,2009-12-02 11:51:00,2011-12-08 13:45:00,9.364093264248705,1976,271,736
14654,738,1,246.86,1,At Risk,1,2009-12-01 12:57:00,2009-12-01 12:57:00,9.142962962962963,273,27,0
14655,8,7,3878.51,0,Potential Loyalists,0,2010-04-22 14:29:00,2011-12-01 16:28:00,37.655436893203884,2341,72,588
14656,169,5,814.65,0,Potential Loyalists,0,2010-04-15 12:10:00,2011-06-23 13:51:00,3.7890697674418603,318,148,434
14657,18,6,1460.87,0,Potential Loyalists,0,2010-09-30 19:57:00,2011-11-22 12:47:00,6.794744186046511,885,143,417
14658,5,2,247.15,0,Potential Loyalists,0,2011-08-14 15:42:00,2011-12-04 15:35:00,8.522413793103448,47,27,111
14659,9,9,2529.93,0,Potential Loyalists,0,2011-01-28 12:43:00,2011-12-01 12:17:00,9.999723320158102,1195,147,306
14660,87,2,285.74,0,Potential Loyalists,0,2011-08-31 10:40:00,2011-09-14 11:34:00,9.524666666666667,228,24,14
14661,27,1,107.95,0,Potential Loyalists,0,2011-11-13 11:51:00,2011-11-13 11:51:00,26.9875,35,4,0
14662,29,7,1416.33,0,Potential Loyalists,0,2009-12-03 16:47:00,2011-11-11 12:13:00,5.5981422924901185,935,199,707
14663,430,2,490.6,1,At Risk,1,2010-10-05 13:12:00,2010-10-05 13:21:00,7.214705882352941,397,60,0
14664,20,2,637.89,0,Potential Loyalists,0,2011-11-06 14:56:00,2011-11-20 10:59:00,6.443333333333333,466,78,13
14665,61,7,2749.65,0,Potential Loyalists,0,2010-04-26 11:17:00,2011-10-10 09:14:00,20.83068181818182,1144,94,531
14666,24,1,195.25,0,Potential Loyalists,0,2011-11-15 12:57:00,2011-11-15 12:57:00,13.946428571428571,161,14,0
14667,11,46,21927.14,2,Champions,0,2009-12-02 12:38:00,2011-11-29 11:30:00,16.09922173274596,13010,578,726
14668,445,1,111.63,1,At Risk,1,2010-09-20 15:03:00,2010-09-20 15:03:00,9.3025,49,10,0
14669,242,7,3243.93,0,Potential Loyalists,1,2009-12-02 13:06:00,2011-04-12 11:43:00,8.212481012658227,2054,334,495
14670,280,3,602.0,1,At Risk,1,2009-12-07 13:59:00,2011-03-04 14:13:00,3.202127659574468,434,159,452
14671,549,2,1127.45,1,At Risk,1,2010-05-20 18:21:00,2010-06-08 13:39:00,20.49909090909091,571,48,18
14672,235,4,1113.14,0,Potential Loyalists,1,2010-01-28 11:33:00,2011-04-19 10:19:00,10.501320754716982,646,93,445
14673,3,7,3410.81,0,Potential Loyalists,0,2010-10-26 10:14:00,2011-12-06 14:31:00,20.92521472392638,2035,86,406
14674,509,1,173.66,1,At Risk,1,2010-07-18 14:25:00,2010-07-18 14:25:00,12.404285714285715,103,14,0
14675,16,2,1066.9,0,Potential Loyalists,0,2010-11-16 12:22:00,2011-11-23 12:58:00,4.4454166666666675,726,196,372
14676,31,12,8356.79,3,Loyal Customers,0,2010-03-10 09:30:00,2011-11-08 13:29:00,62.833007518797,8792,77,608
14677,593,1,184.91,1,At Risk,1,2010-04-26 09:48:00,2010-04-26 09:48:00,13.207857142857142,139,14,0
14678,579,1,403.39,1,At Risk,1,2010-05-09 14:32:00,2010-05-09 14:32:00,16.807916666666667,179,24,0
14679,382,3,1289.44,1,At Risk,1,2009-12-08 17:13:00,2010-11-23 11:51:00,20.467301587301588,794,49,349
14680,25,46,29730.420199999626,2,Champions,0,2009-12-04 12:36:00,2011-11-14 16:59:00,44.437128482972135,27364,222,710
14681,71,6,875.1500000000001,0,Potential Loyalists,0,2010-02-24 08:54:00,2011-09-29 15:52:00,43.75750000000001,172,19,582
14682,188,6,1514.81,0,Potential Loyalists,1,2010-02-05 14:47:00,2011-06-05 12:12:00,17.61406976744186,949,79,484
14683,588,1,146.56,1,At Risk,1,2010-04-30 17:18:00,2010-04-30 17:18:00,6.979047619047619,386,21,0
14684,26,6,1468.55,0,Potential Loyalists,0,2010-11-14 14:07:00,2011-11-14 11:33:00,2.829576107899807,1039,272,364
14685,576,8,4619.79,1,At Risk,1,2009-12-13 11:32:00,2010-05-12 13:08:00,23.69123076923077,2012,109,150
14686,414,5,885.83,1,At Risk,1,2010-02-18 18:29:00,2010-10-21 18:31:00,3.769489361702128,475,185,245
14687,107,3,1402.06,0,Potential Loyalists,0,2010-06-06 10:36:00,2011-08-25 11:59:00,35.0515,850,34,445
14688,8,28,7713.57,3,Loyal Customers,0,2010-09-09 12:35:00,2011-12-02 12:26:00,15.036198830409356,5580,197,448
14689,209,1,112.8,0,Potential Loyalists,1,2011-05-15 11:22:00,2011-05-15 11:22:00,8.676923076923078,76,13,0
14690,44,4,794.33,0,Potential Loyalists,0,2010-10-25 12:20:00,2011-10-26 15:39:00,7.565047619047619,344,69,366
14691,31,5,2114.33,0,Potential Loyalists,0,2011-05-11 09:55:00,2011-11-09 12:30:00,29.779295774647885,707,50,182
14692,137,12,1745.09,3,Loyal Customers,0,2010-04-01 14:04:00,2011-07-25 15:08:00,10.706073619631901,905,101,480
14693,265,7,1165.36,0,Potential Loyalists,1,2010-07-02 08:28:00,2011-03-20 12:50:00,15.538133333333334,388,43,261
14694,617,1,244.31,1,At Risk,1,2010-04-01 19:46:00,2010-04-01 19:46:00,16.287333333333333,193,15,0
14695,519,3,1620.07,1,At Risk,1,2009-12-07 11:05:00,2010-07-08 14:18:00,18.83802325581395,678,76,213
14696,4,8,2767.9,0,Potential Loyalists,0,2010-10-14 11:43:00,2011-12-05 13:43:00,16.092441860465115,2151,137,417
14697,218,2,188.61,0,Potential Loyalists,1,2011-05-05 15:29:00,2011-05-05 15:39:00,8.57318181818182,181,22,0
14698,2,5,1250.76,0,Potential Loyalists,0,2011-10-19 12:54:00,2011-12-08 12:26:00,5.9559999999999995,615,148,49
14699,214,4,702.6,0,Potential Loyalists,1,2010-07-02 12:04:00,2011-05-09 14:54:00,14.052,484,45,311
14700,32,5,3116.26,0,Potential Loyalists,0,2010-08-11 12:19:00,2011-11-07 14:40:00,18.33094117647059,1634,111,453
14701,11,15,4562.09,3,Loyal Customers,0,2010-01-24 12:15:00,2011-11-29 12:38:00,7.40599025974026,1782,455,674
14702,1,29,6754.22,3,Loyal Customers,0,2009-12-10 20:22:00,2011-12-08 19:29:00,9.367850208044382,3073,338,727
14703,15,1,318.17,0,Potential Loyalists,0,2011-11-25 09:23:00,2011-11-25 09:23:00,14.462272727272728,183,22,0
14704,11,11,1813.57,0,Potential Loyalists,0,2010-03-25 17:21:00,2011-11-28 12:51:00,3.7548033126293996,1209,319,612
14705,199,1,179.0,0,Potential Loyalists,1,2011-05-25 12:39:00,2011-05-25 12:39:00,179.0,100,1,0
14706,619,1,390.69,1,At Risk,1,2010-03-31 11:09:00,2010-03-31 11:09:00,13.953214285714285,263,25,0
14707,436,2,139.2,1,At Risk,1,2010-05-12 11:07:00,2010-09-30 11:37:00,69.6,96,1,141
14708,3,5,2212.28,0,Potential Loyalists,0,2010-09-10 10:26:00,2011-12-07 08:21:00,41.741132075471704,1509,27,452
14709,15,25,8886.33,3,Loyal Customers,0,2009-12-05 15:26:00,2011-11-24 15:41:00,24.891680672268908,4141,105,719
14710,14,13,1922.59,3,Loyal Customers,0,2009-12-03 17:12:00,2011-11-25 14:53:00,4.349751131221719,1151,310,721
14711,10,11,2868.8,3,Loyal Customers,0,2011-03-22 13:32:00,2011-11-29 14:58:00,8.035854341736695,978,221,252
14712,29,4,1328.0700000000002,0,Potential Loyalists,0,2010-10-17 14:49:00,2011-11-10 12:59:00,41.502187500000005,411,24,388
14713,9,21,5418.87,3,Loyal Customers,0,2009-12-03 19:22:00,2011-11-30 16:26:00,7.719188034188034,3456,222,726
14714,24,4,906.24,0,Potential Loyalists,0,2010-01-21 11:51:00,2011-11-15 13:07:00,9.744516129032258,642,64,663
14715,25,8,1840.45,0,Potential Loyalists,0,2010-01-19 12:18:00,2011-11-15 12:10:00,13.336594202898551,1034,102,664
14716,43,3,565.45,0,Potential Loyalists,0,2010-09-21 12:07:00,2011-10-27 17:29:00,5.6545000000000005,752,85,401
14717,733,1,81.3,1,At Risk,1,2009-12-06 13:05:00,2009-12-06 13:05:00,7.390909090909091,32,11,0
14718,410,1,226.42,1,At Risk,1,2010-10-25 13:07:00,2010-10-25 13:07:00,20.583636363636362,202,11,0
14719,2,5,1602.13,0,Potential Loyalists,0,2011-04-04 14:17:00,2011-12-08 12:43:00,6.7600421940928275,1032,177,247
14720,6,3,663.81,0,Potential Loyalists,0,2011-08-05 12:06:00,2011-12-04 12:02:00,17.94081081081081,219,34,120
14721,379,1,115.77,1,At Risk,1,2010-11-25 13:08:00,2010-11-25 13:08:00,4.2877777777777775,59,24,0
14722,147,3,513.37,0,Potential Loyalists,0,2010-08-10 13:28:00,2011-07-15 14:58:00,5.461382978723404,222,72,339
14723,10,11,2093.06,3,Loyal Customers,0,2009-12-04 11:22:00,2011-11-29 15:23:00,4.3514760914760915,1308,287,725
14724,590,1,345.25,1,At Risk,1,2010-04-28 13:26:00,2010-04-28 13:26:00,8.029069767441861,187,40,0
14725,25,4,1315.24,0,Potential Loyalists,0,2010-06-23 11:34:00,2011-11-15 12:42:00,12.526095238095238,1340,85,510
14726,655,1,124.75,1,At Risk,1,2010-02-23 12:35:00,2010-02-23 12:35:00,6.565789473684211,91,15,0
14727,274,3,467.93,0,Potential Loyalists,1,2010-06-11 13:23:00,2011-03-10 14:45:00,9.95595744680851,468,43,272
14728,413,1,190.58,1,At Risk,1,2010-10-22 15:57:00,2010-10-22 15:57:00,13.612857142857143,68,14,0
14729,374,3,907.38,1,At Risk,1,2010-03-24 13:30:00,2010-12-01 12:43:00,4.362403846153846,574,126,251
14730,1,8,2005.06,0,Potential Loyalists,0,2011-03-08 12:49:00,2011-12-08 14:39:00,4.0021157684630735,1132,317,275
14731,47,3,380.02,0,Potential Loyalists,0,2011-05-11 13:06:00,2011-10-23 15:54:00,8.444888888888888,256,38,165
14732,8,19,5517.07,3,Loyal Customers,0,2009-12-09 10:48:00,2011-12-01 14:34:00,19.9172202166065,2273,162,722
14733,16,15,16184.97,3,Loyal Customers,0,2010-11-02 15:42:00,2011-11-23 15:39:00,46.50853448275862,6491,140,385
14734,426,4,1056.42,1,At Risk,1,2010-06-06 15:15:00,2010-10-10 12:04:00,16.76857142857143,378,48,125
14735,4,46,12240.16,2,Champions,0,2009-12-04 11:32:00,2011-12-06 12:09:00,33.44306010928962,4513,198,732
14736,485,2,401.08,1,At Risk,1,2010-08-11 15:13:00,2010-08-11 15:21:00,4.0108,164,70,0
14737,4,4,3554.17,0,Potential Loyalists,0,2010-11-04 11:29:00,2011-12-06 10:16:00,78.98155555555556,1071,28,396
14738,43,9,1821.9,0,Potential Loyalists,0,2009-12-07 10:21:00,2011-10-28 08:56:00,22.77375,757,58,689
14739,4,25,12287.5,3,Loyal Customers,0,2009-12-02 13:23:00,2011-12-05 16:54:00,47.998046875,10172,129,733
14740,197,11,4161.06,3,Loyal Customers,1,2010-02-25 11:40:00,2011-05-26 18:17:00,18.013246753246754,2081,173,455
14741,12,7,1897.59,0,Potential Loyalists,0,2010-10-18 09:33:00,2011-11-28 08:48:00,22.32458823529412,1120,48,405
14742,435,1,579.85,1,At Risk,1,2010-09-30 14:07:00,2010-09-30 14:07:00,17.054411764705883,374,34,0
14743,593,1,50.48,1,At Risk,1,2010-04-26 10:26:00,2010-04-26 10:26:00,16.826666666666668,40,3,0
14744,16,14,3885.08,3,Loyal Customers,0,2010-05-18 14:06:00,2011-11-23 12:51:00,32.10809917355372,2547,57,553
14745,113,12,2571.81,3,Loyal Customers,0,2010-03-12 10:33:00,2011-08-19 10:05:00,18.239787234042552,1977,74,524
14746,406,4,593.5,1,At Risk,1,2010-10-12 11:06:00,2010-10-29 14:44:00,65.94444444444444,398,7,17
14747,249,1,328.2,0,Potential Loyalists,1,2011-04-04 14:09:00,2011-04-04 14:09:00,18.233333333333334,84,18,0
14748,29,10,3152.32,3,Loyal Customers,0,2010-03-04 17:08:00,2011-11-10 18:33:00,16.504293193717277,2752,129,616
14749,480,1,310.15,1,At Risk,1,2010-08-17 12:36:00,2010-08-17 12:36:00,17.230555555555554,403,18,0
14750,736,1,112.03,1,At Risk,1,2009-12-03 17:57:00,2009-12-03 17:57:00,3.5009375,65,32,0
14751,684,2,126.45,1,At Risk,1,2009-12-13 14:08:00,2010-01-24 13:37:00,18.064285714285713,65,7,41
14752,44,1,389.64,0,Potential Loyalists,0,2011-10-27 11:55:00,2011-10-27 11:55:00,77.92800000000001,260,5,0
14753,87,2,869.51,0,Potential Loyalists,0,2010-09-05 11:04:00,2011-09-13 14:50:00,18.114791666666665,412,45,373
14754,45,6,1550.48,0,Potential Loyalists,0,2010-01-18 11:04:00,2011-10-26 12:01:00,11.317372262773723,1011,110,646
14755,10,25,9972.55,3,Loyal Customers,0,2009-12-03 16:51:00,2011-11-30 11:24:00,20.99484210526316,4401,219,726
14756,15,3,2653.76,0,Potential Loyalists,0,2010-10-11 11:50:00,2011-11-24 18:13:00,22.300504201680674,1423,102,409
14757,75,1,420.5,0,Potential Loyalists,0,2011-09-25 14:36:00,2011-09-25 14:36:00,22.13157894736842,160,19,0
14758,145,7,2864.97,0,Potential Loyalists,0,2010-04-08 08:27:00,2011-07-18 08:21:00,21.06595588235294,840,91,465
14759,5,3,1625.97,0,Potential Loyalists,0,2011-04-21 10:55:00,2011-12-05 12:03:00,15.940882352941177,569,92,228
14760,297,1,89.2,1,At Risk,1,2011-02-15 16:27:00,2011-02-15 16:27:00,17.84,40,5,0
14761,59,3,447.92,0,Potential Loyalists,0,2010-09-21 14:22:00,2011-10-12 12:10:00,18.663333333333334,206,21,385
14762,264,2,417.57,0,Potential Loyalists,1,2010-03-23 15:36:00,2011-03-21 08:20:00,13.919,428,28,362
14764,47,1,278.3,0,Potential Loyalists,0,2011-10-24 11:54:00,2011-10-24 11:54:00,46.38333333333333,190,6,0
14765,29,3,254.11,0,Potential Loyalists,0,2011-06-16 19:49:00,2011-11-10 19:53:00,6.515641025641026,135,38,147
14766,8,11,6556.13,3,Loyal Customers,0,2010-06-06 11:11:00,2011-12-01 16:05:00,19.282735294117646,4063,251,543
14767,474,1,382.81,1,At Risk,1,2010-08-22 14:54:00,2010-08-22 14:54:00,21.267222222222223,117,18,0
14768,17,2,192.6,0,Potential Loyalists,0,2011-08-04 13:25:00,2011-11-22 12:54:00,38.52,52,4,109
14769,3,17,15771.88,3,Loyal Customers,0,2009-12-16 09:17:00,2011-12-07 10:24:00,11.06022440392707,11255,834,721
14770,232,8,3637.64,0,Potential Loyalists,1,2010-02-25 18:58:00,2011-04-21 14:21:00,18.46517766497462,1598,152,419
14771,621,2,594.62,1,At Risk,1,2009-12-03 09:44:00,2010-03-28 12:52:00,12.651489361702128,622,46,115
14772,112,1,139.26,0,Potential Loyalists,0,2011-08-19 15:04:00,2011-08-19 15:04:00,15.473333333333333,82,9,0
14773,593,1,140.55,1,At Risk,1,2010-04-26 10:29:00,2010-04-26 10:29:00,14.055000000000001,53,10,0
14774,529,1,241.45,1,At Risk,1,2010-06-29 12:26:00,2010-06-29 12:26:00,18.573076923076925,99,13,0
14775,58,3,1418.46,0,Potential Loyalists,0,2010-12-02 16:38:00,2011-10-12 15:27:00,17.73075,1558,57,313
14776,51,15,3708.3,3,Loyal Customers,0,2010-09-19 14:12:00,2011-10-19 15:34:00,19.51736842105263,4658,68,395
14777,404,1,307.56,1,At Risk,1,2010-11-01 12:50:00,2010-11-01 12:50:00,19.2225,212,16,0
14778,127,2,730.86,0,Potential Loyalists,0,2011-02-04 11:43:00,2011-08-04 15:23:00,20.881714285714285,306,34,181
14779,281,3,386.15,1,At Risk,1,2011-01-20 12:04:00,2011-03-04 12:42:00,9.418292682926829,84,40,43
14780,55,2,447.68,0,Potential Loyalists,0,2011-09-21 15:15:00,2011-10-16 12:46:00,16.58074074074074,310,26,24
14782,320,1,200.1,1,At Risk,1,2011-01-24 11:12:00,2011-01-24 11:12:00,33.35,114,6,0
14783,659,1,307.3,1,At Risk,1,2010-02-18 16:16:00,2010-02-18 16:16:00,18.076470588235296,262,17,0
14784,26,3,449.93,0,Potential Loyalists,0,2010-11-15 09:49:00,2011-11-13 13:30:00,16.664074074074076,363,25,363
14785,10,2,77.4,0,Potential Loyalists,0,2011-11-24 13:40:00,2011-11-29 13:21:00,25.8,84,2,4
14786,550,1,90.96,1,At Risk,1,2010-06-07 13:42:00,2010-06-07 13:42:00,12.994285714285713,112,7,0
14787,471,1,110.65,1,At Risk,1,2010-08-25 14:38:00,2010-08-25 14:38:00,7.376666666666667,59,14,0
14788,7,3,1156.32,0,Potential Loyalists,0,2010-04-22 18:16:00,2011-12-02 17:06:00,19.93655172413793,719,53,588
14789,29,1,197.64,0,Potential Loyalists,0,2011-11-11 08:59:00,2011-11-11 08:59:00,32.94,116,6,0
14790,17,10,2526.62,0,Potential Loyalists,0,2009-12-11 14:37:00,2011-11-23 09:28:00,17.42496551724138,2642,65,711
14791,607,1,303.63,1,At Risk,1,2010-04-12 10:24:00,2010-04-12 10:24:00,15.980526315789474,127,19,0
14792,64,1,6.2,0,Potential Loyalists,0,2011-10-07 09:19:00,2011-10-07 09:19:00,3.1,2,2,0
14793,21,2,625.9,0,Potential Loyalists,0,2010-06-22 16:54:00,2011-11-18 14:50:00,16.048717948717947,361,39,513
14794,3,10,1953.9,0,Potential Loyalists,0,2010-08-09 15:44:00,2011-12-07 10:11:00,18.7875,783,85,484
14795,166,1,131.45000000000002,0,Potential Loyalists,0,2011-06-26 13:04:00,2011-06-26 13:04:00,21.908333333333335,17,6,0
14796,1,27,10889.64,3,Loyal Customers,0,2009-12-14 15:06:00,2011-12-08 15:31:00,7.012002575660013,7653,487,724
14797,507,1,300.31,1,At Risk,1,2010-07-20 14:07:00,2010-07-20 14:07:00,18.769375,99,16,0
14798,53,8,724.31,0,Potential Loyalists,0,2010-03-01 08:38:00,2011-10-18 10:58:00,14.781836734693876,601,30,596
14799,51,2,338.15,0,Potential Loyalists,0,2009-12-02 11:18:00,2011-10-19 16:16:00,14.70217391304348,495,20,686
14800,48,17,7774.32,3,Loyal Customers,0,2010-09-30 14:38:00,2011-10-23 12:46:00,11.85109756097561,6967,337,387
14801,61,1,193.14,0,Potential Loyalists,0,2011-10-09 15:24:00,2011-10-09 15:24:00,3.273559322033898,175,56,0
14802,438,2,1502.98,1,At Risk,1,2010-09-27 16:32:00,2010-09-27 16:34:00,751.49,2,1,0
14803,162,3,845.55,0,Potential Loyalists,0,2011-02-20 13:21:00,2011-06-30 13:58:00,19.217045454545456,370,35,130
14804,9,1,353.27,0,Potential Loyalists,0,2011-12-01 11:20:00,2011-12-01 11:20:00,29.439166666666665,121,12,0
14805,15,7,1104.64,0,Potential Loyalists,0,2010-03-28 12:34:00,2011-11-24 16:20:00,8.368484848484849,421,88,606
14806,75,2,303.43,0,Potential Loyalists,0,2010-09-26 15:50:00,2011-09-25 15:32:00,15.1715,423,17,363
14807,391,2,519.29,1,At Risk,1,2010-02-28 11:33:00,2010-11-14 12:47:00,12.982249999999999,247,37,259
14808,40,8,2741.17,0,Potential Loyalists,0,2011-06-20 12:53:00,2011-10-31 12:21:00,11.664553191489363,2147,176,132
14809,621,2,686.76,1,At Risk,1,2010-03-28 15:42:00,2010-03-28 15:44:00,38.153333333333336,232,18,0
14810,41,13,2537.02,3,Loyal Customers,0,2010-10-06 13:12:00,2011-10-30 11:19:00,7.806215384615385,1247,125,388
14811,387,1,170.5,1,At Risk,1,2010-11-17 13:09:00,2010-11-17 13:09:00,6.089285714285714,74,28,0
14812,599,1,185.8,1,At Risk,1,2010-04-20 12:13:00,2010-04-20 12:13:00,5.021621621621622,136,36,0
14813,370,4,1090.87,1,At Risk,1,2010-04-08 11:49:00,2010-12-05 11:57:00,6.163107344632768,474,110,241
14814,581,1,160.46,1,At Risk,1,2010-05-07 14:10:00,2010-05-07 14:10:00,5.014375,96,28,0
14815,37,2,778.5,0,Potential Loyalists,0,2011-10-03 11:36:00,2011-11-03 11:36:00,14.68867924528302,744,53,31
14816,197,1,271.85,0,Potential Loyalists,1,2011-05-26 13:16:00,2011-05-26 13:16:00,67.9625,5,4,0
14817,200,7,3959.86,0,Potential Loyalists,1,2010-03-22 12:10:00,2011-05-23 13:35:00,17.216782608695652,2462,142,427
14818,74,6,1170.41,0,Potential Loyalists,0,2010-03-02 12:48:00,2011-09-27 11:01:00,10.938411214953272,546,87,573
14819,64,4,470.16,0,Potential Loyalists,0,2009-12-21 15:54:00,2011-10-06 13:41:00,8.24842105263158,173,52,653
14820,21,9,1274.76,0,Potential Loyalists,0,2010-01-31 12:49:00,2011-11-18 15:41:00,19.918125,724,51,656
14821,367,7,1286.45,1,At Risk,1,2010-02-01 13:33:00,2010-12-08 08:43:00,17.867361111111112,485,65,309
14822,485,1,157.70000000000002,1,At Risk,1,2010-08-11 12:52:00,2010-08-11 12:52:00,17.522222222222222,94,9,0
14823,180,3,321.43,0,Potential Loyalists,0,2011-05-29 12:48:00,2011-06-12 13:12:00,4.591857142857143,88,56,14
14824,10,10,4022.91,3,Loyal Customers,0,2010-03-12 13:07:00,2011-11-29 14:20:00,25.461455696202535,1954,84,627
14825,4,24,4925.08,3,Loyal Customers,0,2010-04-06 14:14:00,2011-12-06 11:38:00,15.887354838709678,2848,187,608
14826,582,2,385.2,1,At Risk,1,2010-01-13 13:08:00,2010-05-07 09:00:00,38.519999999999996,152,10,113
14828,197,13,9839.46,3,Loyal Customers,1,2009-12-07 11:19:00,2011-05-27 10:16:00,97.42039603960397,9718,72,535
14829,29,7,1692.84,0,Potential Loyalists,0,2010-09-29 13:14:00,2011-11-10 16:16:00,15.389454545454544,1147,77,407
14830,53,1,197.13,0,Potential Loyalists,0,2011-10-17 14:29:00,2011-10-17 14:29:00,4.92825,169,39,0
14831,680,3,1676.57,1,At Risk,1,2009-12-02 09:21:00,2010-01-28 14:31:00,20.445975609756097,885,67,57
14832,630,1,322.69,1,At Risk,1,2010-03-19 15:14:00,2010-03-19 15:14:00,322.69,1,1,0
14833,499,1,94.8,1,At Risk,1,2010-07-29 10:06:00,2010-07-29 10:06:00,13.542857142857143,58,7,0
14834,18,7,2206.16,0,Potential Loyalists,0,2010-10-28 17:37:00,2011-11-22 10:30:00,25.35816091954023,872,55,389
14835,529,2,297.0,1,At Risk,1,2010-04-01 19:34:00,2010-06-29 10:08:00,148.5,180,1,88
14836,10,3,102.45,0,Potential Loyalists,0,2011-11-09 13:26:00,2011-11-29 16:45:00,17.075,45,5,20
14837,90,9,3460.32,0,Potential Loyalists,0,2010-01-24 10:20:00,2011-09-11 10:58:00,16.556555023923444,3030,171,595
14838,423,2,773.6700000000001,1,At Risk,1,2009-12-03 09:52:00,2010-10-12 15:46:00,10.896760563380283,362,69,313
14839,418,3,915.28,1,At Risk,1,2010-01-04 16:29:00,2010-10-17 13:01:00,12.368648648648648,927,61,285
14840,268,2,362.71,0,Potential Loyalists,1,2010-06-18 15:42:00,2011-03-17 12:00:00,16.486818181818183,179,20,271
14841,53,14,7163.0,3,Loyal Customers,0,2009-12-02 16:49:00,2011-10-17 15:03:00,23.876666666666665,4164,196,683
14842,44,4,2824.69,0,Potential Loyalists,0,2011-02-04 15:32:00,2011-10-27 12:37:00,19.480620689655172,1166,128,264
14843,437,1,211.8,1,At Risk,1,2010-09-29 12:39:00,2010-09-29 12:39:00,23.533333333333335,132,9,0
14844,64,10,6702.43,3,Loyal Customers,0,2010-04-12 12:50:00,2011-10-07 10:41:00,24.19649819494585,4369,158,542
14845,600,1,150.0,1,At Risk,1,2010-04-19 10:19:00,2010-04-19 10:19:00,150.0,600,1,0
14846,427,1,437.4,1,At Risk,1,2010-10-08 17:07:00,2010-10-08 17:07:00,36.449999999999996,193,12,0
14847,149,3,1348.95,0,Potential Loyalists,0,2010-05-24 12:29:00,2011-07-14 10:52:00,21.75725806451613,533,56,415
14848,405,1,310.56,1,At Risk,1,2010-10-31 12:22:00,2010-10-31 12:22:00,28.232727272727274,260,11,0
14849,22,43,15763.45,2,Champions,0,2010-01-10 11:40:00,2011-11-18 10:58:00,20.878741721854304,12026,279,676
14850,312,7,1794.01,1,At Risk,1,2010-05-20 13:28:00,2011-02-01 11:21:00,8.92542288557214,1408,129,256
14851,23,3,829.4100000000001,0,Potential Loyalists,0,2010-03-19 11:52:00,2011-11-16 14:20:00,19.747857142857143,631,38,607
14852,58,18,6147.18,3,Loyal Customers,0,2010-03-05 14:51:00,2011-10-12 13:20:00,19.829612903225808,4371,152,585
14853,24,5,1376.87,0,Potential Loyalists,0,2010-04-13 09:26:00,2011-11-15 16:56:00,44.41516129032258,345,26,581
14854,78,11,4322.86,3,Loyal Customers,0,2010-01-22 09:48:00,2011-09-22 17:00:00,20.106325581395346,2999,170,608
14855,119,7,6520.3,3,Loyal Customers,0,2010-04-08 10:30:00,2011-08-12 14:02:00,31.499033816425122,3510,168,491
14856,36,3,1311.38,0,Potential Loyalists,0,2011-10-14 09:35:00,2011-11-03 14:53:00,19.86939393939394,714,65,20
14857,60,7,3651.851,0,Potential Loyalists,0,2010-03-15 11:00:00,2011-10-11 09:23:00,17.144840375586856,2081,170,574
14858,506,1,180.75,1,At Risk,1,2010-07-22 10:51:00,2010-07-22 10:51:00,16.431818181818183,105,11,0
14859,13,5,1705.64,0,Potential Loyalists,0,2010-06-03 10:26:00,2011-11-27 11:18:00,25.843030303030304,888,51,542
14860,19,1,170.32,0,Potential Loyalists,0,2011-11-20 14:17:00,2011-11-20 14:17:00,15.483636363636363,232,11,0
14861,52,10,1380.73,0,Potential Loyalists,0,2009-12-08 12:12:00,2011-10-18 12:54:00,16.055,1076,62,679
14862,26,2,841.1999999999999,0,Potential Loyalists,0,2011-07-14 11:20:00,2011-11-14 10:01:00,17.525000000000002,772,47,122
14863,29,1,266.76,0,Potential Loyalists,0,2011-11-10 15:04:00,2011-11-10 15:04:00,24.25090909090909,132,11,0
14865,7,4,129.72,0,Potential Loyalists,0,2009-12-01 16:05:00,2011-12-02 16:25:00,14.413333333333334,300,4,731
14866,11,19,20850.22,2,Champions,0,2010-08-26 11:54:00,2011-11-29 11:45:00,152.19138686131387,9233,40,459
14867,186,16,2952.06,3,Loyal Customers,1,2009-12-05 15:47:00,2011-06-07 11:39:00,21.547883211678833,996,67,548
14868,3,12,4184.01,3,Loyal Customers,0,2010-10-15 14:52:00,2011-12-06 14:49:00,19.829431279620856,2230,132,416
14869,9,6,2804.24,0,Potential Loyalists,0,2009-12-16 11:43:00,2011-12-01 12:36:00,11.21696,2138,187,715
14870,262,6,1838.95,0,Potential Loyalists,1,2010-01-25 09:05:00,2011-03-23 10:51:00,28.29153846153846,483,43,422
14871,3,9,1258.97,0,Potential Loyalists,0,2009-12-01 11:57:00,2011-12-06 13:42:00,6.263532338308458,454,123,735
14872,484,3,816.6,1,At Risk,1,2010-03-16 14:41:00,2010-08-13 12:34:00,18.990697674418605,662,34,149
14873,210,2,854.13,0,Potential Loyalists,1,2010-03-16 10:51:00,2011-05-13 13:52:00,17.43122448979592,311,48,423
14874,535,1,116.18,1,At Risk,1,2010-06-22 14:58:00,2010-06-22 14:58:00,19.363333333333333,148,6,0
14875,108,3,2862.4,0,Potential Loyalists,0,2010-09-24 10:28:00,2011-08-24 12:20:00,32.16179775280899,1332,88,334
14876,521,2,256.7,1,At Risk,1,2010-05-27 13:49:00,2010-07-06 14:57:00,19.746153846153845,162,12,40
14877,418,2,437.0,1,At Risk,1,2010-03-07 12:25:00,2010-10-17 13:09:00,6.621212121212121,171,57,224
14878,13,25,4105.24,3,Loyal Customers,0,2010-02-21 11:14:00,2011-11-27 11:15:00,10.88923076923077,2432,159,644
14879,685,1,185.06,1,At Risk,1,2010-01-24 11:35:00,2010-01-24 11:35:00,6.854074074074074,104,27,0
14880,77,3,706.19,0,Potential Loyalists,0,2011-02-24 12:27:00,2011-09-23 13:42:00,15.025319148936171,373,45,211
14881,20,1,255.4,0,Potential Loyalists,0,2011-11-20 11:06:00,2011-11-20 11:06:00,15.023529411764706,316,17,0
14882,27,14,3628.15,3,Loyal Customers,0,2010-03-30 15:02:00,2011-11-13 12:47:00,53.35514705882353,1640,32,592
14883,19,6,761.59,0,Potential Loyalists,0,2011-05-12 09:49:00,2011-11-21 10:23:00,14.369622641509434,790,39,193
14884,669,1,120.6,1,At Risk,1,2010-02-08 12:56:00,2010-02-08 12:56:00,15.075,72,8,0
14885,132,3,1598.12,0,Potential Loyalists,0,2010-08-31 10:11:00,2011-07-31 12:05:00,51.552258064516124,1308,24,334
14886,253,1,364.8,0,Potential Loyalists,1,2011-04-01 08:56:00,2011-04-01 08:56:00,20.266666666666666,160,18,0
14887,79,1,1862.0,0,Potential Loyalists,0,2011-09-21 15:32:00,2011-09-21 15:32:00,310.3333333333333,1100,6,0
14888,207,1,369.2,0,Potential Loyalists,1,2011-05-16 14:58:00,2011-05-16 14:58:00,18.46,184,20,0
14889,336,1,135.9,1,At Risk,1,2011-01-07 15:19:00,2011-01-07 15:19:00,13.59,90,10,0
14890,254,3,817.25,0,Potential Loyalists,1,2010-02-18 09:00:00,2011-03-31 11:57:00,14.337719298245615,636,55,406
14891,148,4,1106.73,0,Potential Loyalists,0,2010-09-29 12:41:00,2011-07-14 18:08:00,17.56714285714286,788,55,288
14892,691,1,202.35,1,At Risk,1,2010-01-18 08:58:00,2010-01-18 08:58:00,15.565384615384618,79,13,0
14893,10,3,1809.61,0,Potential Loyalists,0,2010-04-01 09:03:00,2011-11-30 12:31:00,17.07179245283019,1047,98,608
14894,85,3,1492.81,0,Potential Loyalists,0,2009-12-02 10:42:00,2011-09-15 13:51:00,32.45239130434783,603,39,652
14895,8,38,25119.54,2,Champions,0,2009-12-10 14:22:00,2011-12-02 09:23:00,27.910600000000002,10714,441,721
14896,205,8,2092.42,0,Potential Loyalists,1,2009-12-06 12:42:00,2011-05-19 10:20:00,7.290662020905923,1117,150,528
14897,8,8,3140.54,0,Potential Loyalists,0,2009-12-15 17:05:00,2011-12-02 10:32:00,24.728661417322833,1162,94,716
14898,23,14,3507.81,3,Loyal Customers,0,2009-12-03 16:40:00,2011-11-16 14:54:00,11.538848684210526,2247,185,712
14899,395,1,1384.88,1,At Risk,1,2010-11-09 15:20:00,2010-11-09 15:20:00,10.108613138686133,586,126,0
14900,522,1,13.919999999999998,1,At Risk,1,2010-07-05 15:09:00,2010-07-05 15:09:00,13.919999999999998,48,1,0
14901,11,12,2289.65,3,Loyal Customers,0,2010-07-29 11:11:00,2011-11-28 17:09:00,13.710479041916168,1053,103,487
14902,26,3,1035.62,0,Potential Loyalists,0,2010-06-04 12:35:00,2011-11-14 10:34:00,17.552881355932204,716,51,527
14903,21,5,2810.63,0,Potential Loyalists,0,2011-03-06 11:50:00,2011-11-18 16:07:00,7.917267605633803,1536,227,257
14904,2,4,1640.64,0,Potential Loyalists,0,2010-10-08 12:48:00,2011-12-07 12:55:00,11.393333333333334,2549,127,425
14905,158,8,1971.39,0,Potential Loyalists,0,2009-12-03 14:36:00,2011-07-05 12:41:00,25.27423076923077,1009,45,578
14906,445,1,68.44,1,At Risk,1,2010-09-20 16:30:00,2010-09-20 16:30:00,68.44,1,1,0
14907,3,16,6165.79,3,Loyal Customers,0,2010-04-16 13:40:00,2011-12-06 14:14:00,20.830371621621623,2817,153,599
14908,74,2,381.9,0,Potential Loyalists,0,2010-09-02 16:39:00,2011-09-26 12:56:00,27.27857142857143,182,14,388
14909,437,3,1404.68,1,At Risk,1,2010-02-14 15:47:00,2010-09-28 16:56:00,17.558500000000002,888,61,226
14910,3,4,434.35,0,Potential Loyalists,0,2011-10-16 11:06:00,2011-12-07 10:06:00,14.478333333333333,238,25,51
14911,1,46,29730.420199999626,2,Champions,0,2009-12-01 11:41:00,2011-12-08 15:54:00,26.320376167185415,149987,2550,737
14912,17,6,1889.25,0,Potential Loyalists,0,2010-01-26 16:29:00,2011-11-23 09:20:00,29.988095238095237,1819,44,665
14913,36,8,4073.13,0,Potential Loyalists,0,2010-08-11 08:40:00,2011-11-04 08:29:00,16.490404858299595,3955,176,449
14915,91,11,1811.25,0,Potential Loyalists,0,2009-12-03 10:17:00,2011-09-09 13:34:00,20.125,707,65,645
14916,71,8,3042.95,0,Potential Loyalists,0,2010-04-01 10:57:00,2011-09-30 09:20:00,22.708582089552237,2415,113,546
14917,597,2,1123.75,1,At Risk,1,2010-04-22 09:44:00,2010-04-22 11:28:00,38.75,891,29,0
14918,116,9,5955.81,3,Loyal Customers,0,2010-04-08 11:18:00,2011-08-16 11:50:00,42.23978723404256,2551,79,495
14919,539,1,359.35,1,At Risk,1,2010-06-18 13:06:00,2010-06-18 13:06:00,27.642307692307693,129,13,0
14920,213,3,1607.17,0,Potential Loyalists,1,2010-05-23 15:25:00,2011-05-11 10:32:00,16.568762886597938,886,90,352
14921,30,2,1316.07,0,Potential Loyalists,0,2011-05-22 12:51:00,2011-11-09 13:17:00,16.872692307692308,953,78,171
14922,394,2,843.74,1,At Risk,1,2010-07-20 09:45:00,2010-11-11 11:14:00,16.8748,376,49,114
14923,51,1,749.1,0,Potential Loyalists,0,2011-10-20 11:51:00,2011-10-20 11:51:00,17.025000000000002,418,44,0
14924,246,3,931.01,0,Potential Loyalists,1,2010-03-10 12:51:00,2011-04-08 09:25:00,30.03258064516129,312,30,393
14926,382,2,359.4,1,At Risk,1,2010-04-20 09:59:00,2010-11-23 07:13:00,119.8,204,2,216
14927,397,1,308.2,1,At Risk,1,2010-11-08 12:30:00,2010-11-08 12:30:00,15.41,196,20,0
14928,628,1,223.91000000000005,1,At Risk,1,2010-03-22 09:14:00,2010-03-22 09:14:00,10.662380952380953,268,21,0
14929,32,2,836.69,0,Potential Loyalists,0,2010-10-14 12:22:00,2011-11-07 17:21:00,24.608529411764707,487,34,389
14930,109,6,5246.63,0,Potential Loyalists,0,2010-04-12 11:22:00,2011-08-23 10:31:00,18.805125448028676,2199,213,497
14931,5,5,1257.68,0,Potential Loyalists,0,2011-04-13 09:32:00,2011-12-05 10:19:00,30.675121951219513,417,30,236
14932,366,2,1029.66,1,At Risk,1,2010-11-19 09:16:00,2010-12-09 11:48:00,21.013469387755105,337,29,20
14933,444,4,1770.0,1,At Risk,1,2010-09-21 17:29:00,2010-09-22 10:47:00,442.5,600,1,0
14934,82,5,3503.5,0,Potential Loyalists,0,2010-09-24 12:08:00,2011-09-19 10:10:00,18.937837837837836,2100,115,359
14935,297,2,2849.83,1,At Risk,1,2010-03-30 11:48:00,2011-02-15 14:44:00,109.60884615384614,1931,25,322
14936,34,12,12410.81,3,Loyal Customers,0,2010-05-05 12:26:00,2011-11-06 10:30:00,23.549924098671728,6274,267,549
14937,57,3,1621.88,0,Potential Loyalists,0,2011-08-01 14:16:00,2011-10-14 12:29:00,47.70235294117647,484,33,73
14938,562,2,2322.43,1,At Risk,1,2010-05-26 13:35:00,2010-05-26 13:38:00,32.710281690140846,1369,71,0
14940,418,2,531.49,1,At Risk,1,2009-12-06 15:46:00,2010-10-18 10:47:00,16.6090625,384,32,315
14941,579,1,182.1,1,At Risk,1,2010-05-10 11:30:00,2010-05-10 11:30:00,26.014285714285712,80,7,0
14942,402,4,746.56,1,At Risk,1,2009-12-10 10:32:00,2010-11-03 10:51:00,39.292631578947365,354,12,328
14943,663,1,107.62,1,At Risk,1,2010-02-14 16:04:00,2010-02-14 16:04:00,21.524,46,5,0
14944,30,19,9784.67,3,Loyal Customers,0,2010-02-17 08:47:00,2011-11-10 09:10:00,32.2926402640264,4864,184,631
14945,414,1,179.4,1,At Risk,1,2010-10-22 11:26:00,2010-10-22 11:26:00,16.30909090909091,156,11,0
14946,14,1,100.9,0,Potential Loyalists,0,2011-11-25 13:33:00,2011-11-25 13:33:00,33.63333333333333,22,3,0
14947,72,6,1049.79,0,Potential Loyalists,0,2010-03-25 11:29:00,2011-09-28 15:48:00,19.440555555555555,416,47,552
14948,23,6,1101.97,0,Potential Loyalists,0,2011-05-04 14:52:00,2011-11-16 17:16:00,17.491587301587302,673,56,196
14949,469,4,515.0,1,At Risk,1,2009-12-18 15:28:00,2010-08-27 15:38:00,19.074074074074073,250,16,252
14950,19,1,371.2,0,Potential Loyalists,0,2011-11-20 13:48:00,2011-11-20 13:48:00,19.53684210526316,136,19,0
14951,79,1,311.69,0,Potential Loyalists,0,2011-09-21 15:15:00,2011-09-21 15:15:00,15.5845,311,20,0
14952,60,32,17629.35,2,Champions,0,2009-12-03 15:34:00,2011-10-11 10:33:00,57.42459283387622,6977,240,676
14953,25,4,1013.77,0,Potential Loyalists,0,2010-09-30 12:16:00,2011-11-14 14:59:00,3.914169884169884,1028,202,410
14954,12,2,503.44,0,Potential Loyalists,0,2010-01-05 16:38:00,2011-11-27 14:30:00,3.9955555555555557,219,111,690
14955,733,1,163.77,1,At Risk,1,2009-12-07 11:35:00,2009-12-07 11:35:00,5.282903225806452,74,30,0
14956,421,1,1325.0,1,At Risk,1,2010-10-14 16:40:00,2010-10-14 16:40:00,331.25,2500,4,0
14957,253,2,333.29,0,Potential Loyalists,1,2010-03-05 10:50:00,2011-03-31 17:59:00,11.492758620689656,105,27,391
14958,147,6,957.94,0,Potential Loyalists,0,2009-12-03 16:02:00,2011-07-15 14:20:00,13.304722222222223,249,52,588
14959,64,4,695.42,0,Potential Loyalists,0,2011-02-16 13:00:00,2011-10-06 18:23:00,11.786779661016949,494,37,232
14960,8,2,221.27,0,Potential Loyalists,0,2011-06-21 13:38:00,2011-12-01 12:54:00,8.195185185185185,221,23,162
14961,11,22,16410.15,2,Champions,0,2009-12-04 11:32:00,2011-11-29 09:42:00,24.492761194029853,8372,328,724
14962,271,4,366.91,0,Potential Loyalists,1,2010-05-04 14:57:00,2011-03-14 09:42:00,26.207857142857144,123,14,313
14963,10,12,3164.48,3,Loyal Customers,0,2010-07-02 12:43:00,2011-11-30 12:16:00,6.418823529411765,2317,304,515
14964,247,1,206.21,0,Potential Loyalists,1,2011-04-06 14:13:00,2011-04-06 14:13:00,15.862307692307693,143,13,0
14965,96,2,599.0,0,Potential Loyalists,0,2011-09-04 13:15:00,2011-09-04 13:20:00,7.216867469879518,365,80,0
14966,15,6,1115.84,0,Potential Loyalists,0,2009-12-15 13:48:00,2011-11-25 12:20:00,6.973999999999999,1098,125,709
14967,50,6,1982.61,0,Potential Loyalists,0,2009-12-03 14:07:00,2011-10-21 11:06:00,68.36586206896553,652,22,686
14968,30,2,504.99,0,Potential Loyalists,0,2010-09-07 13:28:00,2011-11-09 13:58:00,5.941058823529412,258,83,428
14969,704,1,906.23,1,At Risk,1,2010-01-05 12:43:00,2010-01-05 12:43:00,69.71000000000001,665,13,0
14970,68,12,4919.35,3,Loyal Customers,0,2010-02-14 13:37:00,2011-10-02 13:44:00,43.53407079646018,982,71,595
14971,35,3,1116.57,0,Potential Loyalists,0,2011-10-27 13:33:00,2011-11-04 17:07:00,6.9785625,644,144,8
14972,128,2,145.07,0,Potential Loyalists,0,2010-11-23 16:17:00,2011-08-03 14:54:00,7.2535,40,20,252
14973,107,3,1314.45,0,Potential Loyalists,0,2011-04-28 12:22:00,2011-08-24 15:51:00,41.0765625,369,29,118
14974,37,1,114.39,0,Potential Loyalists,0,2011-11-02 13:01:00,2011-11-02 13:01:00,5.4471428571428575,44,17,0
14975,57,2,472.39,0,Potential Loyalists,0,2010-10-14 14:11:00,2011-10-13 14:08:00,18.168846153846154,507,25,363
14976,57,7,790.86,0,Potential Loyalists,0,2011-01-17 11:09:00,2011-10-13 16:37:00,10.984166666666667,234,47,269
14977,726,1,31.93,1,At Risk,1,2009-12-14 10:37:00,2009-12-14 10:37:00,7.9825,17,4,0
14978,72,10,3142.14,3,Loyal Customers,0,2010-04-28 10:50:00,2011-09-28 13:07:00,10.724027303754266,740,175,518
14979,735,1,439.46,1,At Risk,1,2009-12-04 12:54:00,2009-12-04 12:54:00,8.291698113207548,213,42,0
14980,737,1,150.68,1,At Risk,1,2009-12-02 14:09:00,2009-12-02 14:09:00,6.278333333333333,79,24,0
14981,246,2,372.92,0,Potential Loyalists,1,2010-10-12 11:04:00,2011-04-07 13:45:00,16.950909090909093,241,20,177
14982,572,1,237.78,1,At Risk,1,2010-05-16 15:52:00,2010-05-16 15:52:00,6.096923076923077,125,39,0
14983,689,1,183.2,1,At Risk,1,2010-01-19 17:32:00,2010-01-19 17:32:00,6.106666666666667,90,30,0
14984,19,6,1271.41,0,Potential Loyalists,0,2010-01-11 13:22:00,2011-11-20 14:28:00,22.703750000000003,350,48,678
14985,198,2,296.75,0,Potential Loyalists,1,2010-12-16 19:51:00,2011-05-25 14:29:00,3.410919540229885,260,78,159
14986,376,2,566.9,1,At Risk,1,2010-01-24 15:54:00,2010-11-28 15:25:00,5.669,342,87,307
14987,16,8,1713.85,0,Potential Loyalists,0,2009-12-02 14:56:00,2011-11-24 09:59:00,100.81470588235294,671,4,721
14988,212,7,2066.6,0,Potential Loyalists,1,2010-04-16 13:34:00,2011-05-12 12:05:00,8.46967213114754,1276,171,390
14989,662,1,342.4,1,At Risk,1,2010-02-16 10:40:00,2010-02-16 10:40:00,19.022222222222222,200,18,0
14990,612,2,305.42,1,At Risk,1,2009-12-09 13:31:00,2010-04-06 13:54:00,7.102790697674419,130,41,118
14991,430,1,314.67,1,At Risk,1,2010-10-05 13:01:00,2010-10-05 13:01:00,14.984285714285715,191,21,0
14992,442,1,210.5,1,At Risk,1,2010-09-23 17:48:00,2010-09-23 17:48:00,7.796296296296297,145,27,0
14993,564,1,36.13,1,At Risk,1,2010-05-25 12:47:00,2010-05-25 12:47:00,3.6130000000000004,21,9,0
14994,382,5,960.63,1,At Risk,1,2010-03-26 14:16:00,2010-11-22 12:59:00,3.0988064516129032,577,233,240
14995,39,2,233.23,0,Potential Loyalists,0,2011-03-04 13:14:00,2011-11-01 11:39:00,3.82344262295082,103,53,241
14996,481,2,442.29,1,At Risk,1,2010-08-15 13:41:00,2010-08-15 13:44:00,10.787560975609756,404,37,0
14997,46,4,776.5999999999999,0,Potential Loyalists,0,2010-02-22 12:11:00,2011-10-24 13:28:00,20.436842105263157,1408,36,609
14998,170,4,770.73,0,Potential Loyalists,0,2010-04-13 16:07:00,2011-06-22 17:30:00,6.068740157480315,367,111,435
14999,593,1,129.48000000000002,1,At Risk,1,2010-04-26 10:47:00,2010-04-26 10:47:00,14.386666666666668,88,9,0
15000,48,1,490.52,0,Potential Loyalists,0,2011-10-23 11:42:00,2011-10-23 11:42:00,6.37038961038961,218,76,0
15001,394,2,230.86,1,At Risk,1,2010-11-10 13:31:00,2010-11-10 13:51:00,4.275185185185185,81,44,0
15002,116,9,4817.28,3,Loyal Customers,0,2010-01-12 11:40:00,2011-08-16 10:44:00,13.019675675675675,2518,220,580
15003,473,6,1060.7,1,At Risk,1,2010-01-26 13:04:00,2010-08-23 15:44:00,3.0392550143266477,547,253,209
15004,147,1,1246.32,0,Potential Loyalists,0,2011-07-15 14:05:00,2011-07-15 14:05:00,7.888101265822784,630,154,0
15005,16,46,14106.2,2,Champions,0,2009-12-01 14:19:00,2011-11-24 12:25:00,5.748247758761207,8856,591,722
15006,51,2,825.14,0,Potential Loyalists,0,2010-09-12 13:03:00,2011-10-19 15:08:00,3.986183574879227,416,165,402
15007,159,1,156.91,0,Potential Loyalists,0,2011-07-03 16:00:00,2011-07-03 16:00:00,13.075833333333334,69,12,0
15008,480,2,360.0,1,At Risk,1,2010-03-12 11:13:00,2010-08-16 13:09:00,30.0,1500,6,157
15009,12,3,1261.78,0,Potential Loyalists,0,2011-11-14 17:40:00,2011-11-27 13:35:00,6.932857142857142,642,148,12
15010,36,1,308.94,0,Potential Loyalists,0,2011-11-04 12:42:00,2011-11-04 12:42:00,15.447,184,20,0
15011,396,2,416.6,1,At Risk,1,2010-10-19 12:05:00,2010-11-09 11:10:00,20.830000000000002,289,17,20
15012,54,3,860.62,0,Potential Loyalists,0,2010-05-12 11:49:00,2011-10-17 12:22:00,3.374980392156863,479,165,523
15013,488,10,1641.3,1,At Risk,1,2010-01-31 12:15:00,2010-08-09 12:05:00,4.623380281690141,1747,177,189
15014,43,2,260.17,0,Potential Loyalists,0,2011-06-16 19:40:00,2011-10-27 20:07:00,7.433428571428572,151,29,133
15015,501,13,2365.02,1,At Risk,1,2009-12-14 14:46:00,2010-07-26 13:50:00,7.989932432432433,1593,158,223
15016,173,5,630.3,0,Potential Loyalists,0,2010-06-14 13:06:00,2011-06-20 12:06:00,5.83611111111111,247,93,370
15017,34,1,125.58,0,Potential Loyalists,0,2011-11-06 10:33:00,2011-11-06 10:33:00,6.279,63,20,0
15018,39,3,607.46,0,Potential Loyalists,0,2010-12-07 10:47:00,2011-11-01 12:47:00,16.87388888888889,210,30,329
15019,267,1,266.0,0,Potential Loyalists,1,2011-03-18 12:35:00,2011-03-18 12:35:00,3.8,159,64,0
15020,379,1,203.42,1,At Risk,1,2010-11-25 13:29:00,2010-11-25 13:29:00,7.265,112,27,0
15021,9,12,2783.83,3,Loyal Customers,0,2010-07-29 16:35:00,2011-12-01 11:53:00,3.877200557103064,1217,355,489
15022,12,5,1186.09,0,Potential Loyalists,0,2010-01-31 16:02:00,2011-11-28 12:35:00,7.701883116883116,656,115,665
15023,3,20,12170.68,3,Loyal Customers,0,2010-02-03 15:45:00,2011-12-06 17:23:00,11.990817733990148,5052,486,671
15024,10,16,4075.51,3,Loyal Customers,0,2010-10-11 16:14:00,2011-11-30 12:06:00,10.985202156334232,2201,168,414
15025,33,2,1013.09,0,Potential Loyalists,0,2010-05-20 13:28:00,2011-11-06 15:20:00,6.938972602739726,515,132,535
15026,80,5,1061.61,0,Potential Loyalists,0,2010-09-17 13:52:00,2011-09-20 13:52:00,7.582928571428572,673,109,368
15027,31,10,3195.6,3,Loyal Customers,0,2010-03-25 14:39:00,2011-11-09 10:16:00,35.11648351648351,2782,69,593
15028,8,6,1157.71,0,Potential Loyalists,0,2010-11-10 14:32:00,2011-12-01 14:06:00,9.728655462184875,796,65,385
15029,620,1,365.1,1,At Risk,1,2010-03-30 12:16:00,2010-03-30 12:16:00,36.510000000000005,234,10,0
15030,72,8,1979.91,0,Potential Loyalists,0,2010-03-04 17:10:00,2011-09-29 10:50:00,59.99727272727273,1225,25,573
15031,4,14,3156.58,3,Loyal Customers,0,2009-12-08 13:38:00,2011-12-05 14:19:00,7.7940246913580244,1615,237,727
15032,256,8,13780.65,3,Loyal Customers,1,2009-12-10 15:27:00,2011-03-28 15:03:00,110.2452,8259,39,472
15033,5,10,2586.67,0,Potential Loyalists,0,2011-01-14 13:28:00,2011-12-05 12:40:00,5.071901960784314,1695,315,324
15034,16,14,8313.4,3,Loyal Customers,0,2010-05-11 13:30:00,2011-11-24 12:11:00,10.881413612565444,4788,416,561
15035,90,1,252.73,0,Potential Loyalists,0,2011-09-11 11:08:00,2011-09-11 11:08:00,9.36037037037037,245,26,0
15036,72,3,465.55,0,Potential Loyalists,0,2011-06-13 12:19:00,2011-09-28 15:42:00,3.665748031496063,327,107,107
15037,376,2,402.51,1,At Risk,1,2010-11-28 12:14:00,2010-11-28 13:05:00,8.385625,301,40,0
15038,59,9,1309.86,0,Potential Loyalists,0,2010-10-10 14:35:00,2011-10-12 11:33:00,4.612183098591549,441,190,366
15039,10,46,29730.420199999626,2,Champions,0,2009-12-10 11:39:00,2011-11-30 11:31:00,14.337904727793696,18183,562,719
15040,542,1,7.49,1,At Risk,1,2010-06-16 11:40:00,2010-06-16 11:40:00,7.49,1,1,0
15041,170,2,294.02,0,Potential Loyalists,0,2010-09-21 13:16:00,2011-06-22 16:16:00,2.7478504672897195,197,98,274
15042,199,2,315.45,0,Potential Loyalists,1,2010-04-23 14:01:00,2011-05-24 16:25:00,35.05,238,9,396
15043,31,6,2873.8,0,Potential Loyalists,0,2010-06-24 15:50:00,2011-11-08 14:26:00,55.26538461538462,1031,39,501
15044,19,35,16204.33,2,Champions,0,2009-12-16 15:13:00,2011-11-20 13:20:00,17.709650273224042,5279,344,703
15045,152,2,735.66,0,Potential Loyalists,0,2011-03-27 11:44:00,2011-07-11 11:33:00,61.305,114,11,105
15046,9,25,7812.389999999999,3,Loyal Customers,0,2010-01-14 14:29:00,2011-11-30 15:50:00,19.242339901477834,4701,248,685
15047,270,1,343.62,0,Potential Loyalists,1,2011-03-15 10:49:00,2011-03-15 10:49:00,15.61909090909091,222,22,0
15048,65,4,482.75,0,Potential Loyalists,0,2010-12-06 12:15:00,2011-10-05 14:55:00,4.022916666666666,227,86,303
15049,274,1,121.17000000000002,1,At Risk,1,2011-03-11 12:13:00,2011-03-11 12:13:00,40.39000000000001,63,3,0
15050,25,5,4193.79,0,Potential Loyalists,0,2010-08-16 12:00:00,2011-11-14 16:17:00,26.88326923076923,2628,116,455
15051,23,9,3935.16,3,Loyal Customers,0,2009-12-01 13:29:00,2011-11-16 15:38:00,13.56951724137931,3053,226,715
15052,319,1,215.78,1,At Risk,1,2011-01-24 15:52:00,2011-01-24 15:52:00,7.192666666666667,82,27,0
15053,5,3,697.79,0,Potential Loyalists,0,2011-03-03 12:06:00,2011-12-05 12:08:00,9.828028169014084,986,49,277
15054,12,2,302.1,0,Potential Loyalists,0,2011-10-30 14:33:00,2011-11-27 15:02:00,2.6500000000000004,198,105,28
15055,475,3,560.07,1,At Risk,1,2009-12-16 15:48:00,2010-08-22 11:06:00,6.589058823529412,230,77,248
15056,520,1,133.45,1,At Risk,1,2010-07-07 15:58:00,2010-07-07 15:58:00,19.064285714285713,81,6,0
15057,275,5,3255.96,0,Potential Loyalists,1,2009-12-05 15:27:00,2011-03-09 15:17:00,46.513714285714286,1394,62,458
15058,25,16,3410.03,3,Loyal Customers,0,2010-02-24 14:07:00,2011-11-14 14:57:00,9.551904761904762,1660,232,628
15059,41,19,3523.57,3,Loyal Customers,0,2009-12-06 12:17:00,2011-10-30 11:35:00,5.921966386554622,1617,308,692
15060,8,4,303.09,0,Potential Loyalists,0,2011-11-30 14:03:00,2011-12-01 13:47:00,2.5048760330578514,263,81,0
15061,4,46,29730.420199999626,2,Champions,0,2009-12-01 12:18:00,2011-12-06 12:06:00,139.6337588652482,80711,131,734
15062,71,8,2585.62,0,Potential Loyalists,0,2010-04-08 15:41:00,2011-09-29 16:51:00,16.26176100628931,1872,98,539
15063,213,1,370.8,0,Potential Loyalists,1,2011-05-10 13:25:00,2011-05-10 13:25:00,74.16,56,5,0
15064,410,4,1254.41,1,At Risk,1,2009-12-22 16:17:00,2010-10-25 14:32:00,15.486543209876544,810,75,306
15065,38,5,3326.86,0,Potential Loyalists,0,2010-10-25 09:13:00,2011-11-02 09:45:00,20.04132530120482,1446,156,373
15066,53,1,893.59,0,Potential Loyalists,0,2011-10-17 13:25:00,2011-10-17 13:25:00,21.275952380952383,317,42,0
15067,78,5,3877.88,0,Potential Loyalists,0,2010-04-11 15:54:00,2011-09-22 13:20:00,21.785842696629214,2163,170,528
15068,46,4,1176.85,0,Potential Loyalists,0,2010-03-28 13:18:00,2011-10-24 14:47:00,5.325113122171945,835,178,575
15069,179,1,1109.53,0,Potential Loyalists,0,2011-06-13 14:16:00,2011-06-13 14:16:00,15.850428571428571,520,70,0
15070,373,3,843.25,1,At Risk,1,2009-12-15 13:49:00,2010-12-02 11:23:00,25.553030303030305,375,26,351
15071,94,4,1455.56,0,Potential Loyalists,0,2010-05-18 12:45:00,2011-09-07 11:43:00,26.954814814814817,416,41,476
15072,479,1,187.52,1,At Risk,1,2010-08-17 15:46:00,2010-08-17 15:46:00,14.424615384615386,164,13,0
15073,10,8,2788.02,0,Potential Loyalists,0,2010-01-27 08:48:00,2011-11-30 10:44:00,17.534716981132075,1410,115,672
15074,105,3,1566.33,0,Potential Loyalists,0,2010-08-29 11:47:00,2011-08-26 14:45:00,21.45657534246575,1063,63,362
15075,78,1,773.03,0,Potential Loyalists,0,2011-09-23 12:27:00,2011-09-23 12:27:00,28.63074074074074,447,27,0
15076,173,3,1447.74,0,Potential Loyalists,0,2010-07-05 14:11:00,2011-06-20 08:23:00,18.09675,866,68,349
15077,495,2,2428.08,1,At Risk,1,2009-12-09 17:10:00,2010-08-02 11:13:00,75.8775,528,28,235
15078,7,46,17761.88,2,Champions,0,2009-12-04 12:03:00,2011-12-02 15:41:00,22.398335435056747,8990,118,728
15079,213,11,3767.35,3,Loyal Customers,1,2009-12-08 11:22:00,2011-05-11 12:45:00,25.981724137931035,1504,119,519
15080,428,2,546.25,1,At Risk,1,2010-07-26 10:03:00,2010-10-08 11:52:00,17.620967741935484,287,31,74
15081,22,12,1965.72,3,Loyal Customers,0,2010-06-22 10:25:00,2011-11-17 17:08:00,18.034128440366974,806,75,513
15082,669,1,93.35,1,At Risk,1,2010-02-09 10:23:00,2010-02-09 10:23:00,15.558333333333335,43,6,0
15083,257,1,88.2,0,Potential Loyalists,1,2011-03-28 12:18:00,2011-03-28 12:18:00,17.64,38,5,0
15084,380,2,965.2,1,At Risk,1,2010-03-04 10:45:00,2010-11-25 11:58:00,31.13548387096774,600,31,266
15085,730,1,347.54,1,At Risk,1,2009-12-10 11:47:00,2009-12-10 11:47:00,38.61555555555556,169,9,0
15086,565,2,218.53,1,At Risk,1,2010-03-24 13:56:00,2010-05-24 12:27:00,19.866363636363637,95,10,60
15087,282,1,306.94,1,At Risk,1,2011-03-03 10:34:00,2011-03-03 10:34:00,20.462666666666667,470,15,0
15088,21,2,1160.07,0,Potential Loyalists,0,2011-10-03 14:05:00,2011-11-18 13:14:00,20.352105263157895,460,53,45
15089,10,6,2420.84,0,Potential Loyalists,0,2011-08-03 14:14:00,2011-11-29 16:31:00,16.69544827586207,1359,139,118
15090,308,1,381.32,1,At Risk,1,2011-02-04 14:03:00,2011-02-04 14:03:00,16.57913043478261,208,23,0
15091,68,3,1046.61,0,Potential Loyalists,0,2010-02-03 11:46:00,2011-10-03 12:47:00,18.36157894736842,582,55,607
15092,215,3,776.46,0,Potential Loyalists,1,2010-09-03 12:33:00,2011-05-08 14:10:00,17.25466666666667,230,39,247
15093,18,23,14326.11,2,Champions,0,2009-12-08 12:46:00,2011-11-21 13:09:00,43.15093373493976,11657,104,713
15094,463,2,83.0,1,At Risk,1,2010-03-05 12:56:00,2010-09-02 16:55:00,16.6,28,4,181
15095,104,10,3141.64,3,Loyal Customers,0,2010-01-21 09:37:00,2011-08-28 12:01:00,25.335806451612903,2233,90,584
15096,43,1,219.39,0,Potential Loyalists,0,2011-10-28 10:27:00,2011-10-28 10:27:00,19.944545454545455,120,11,0
15097,4,3,908.35,0,Potential Loyalists,0,2010-05-05 14:22:00,2011-12-05 14:03:00,13.762878787878789,424,59,578
15098,182,3,29730.420199999626,2,Champions,1,2011-06-10 15:22:00,2011-06-10 15:33:00,13305.5,121,1,0
15099,84,1,410.48,0,Potential Loyalists,0,2011-09-16 13:13:00,2011-09-16 13:13:00,17.84695652173913,343,23,0
15100,334,7,2894.7,1,At Risk,1,2010-01-07 14:33:00,2011-01-10 10:35:00,160.81666666666666,334,11,367
15101,9,6,1477.94,0,Potential Loyalists,0,2010-04-28 15:00:00,2011-12-01 10:18:00,25.481724137931035,676,52,581
15102,531,2,554.67,1,At Risk,1,2010-06-11 10:16:00,2010-06-27 12:16:00,20.543333333333333,339,26,16
15103,31,2,703.36,0,Potential Loyalists,0,2011-09-14 13:54:00,2011-11-08 14:53:00,20.096,329,35,55
15104,197,2,1027.44,0,Potential Loyalists,1,2011-03-02 14:16:00,2011-05-27 12:29:00,14.890434782608697,637,66,85
15105,18,9,3094.91,0,Potential Loyalists,0,2010-03-23 12:18:00,2011-11-21 16:54:00,20.496092715231786,1747,129,608
15106,18,5,1422.52,0,Potential Loyalists,0,2011-03-15 12:52:00,2011-11-22 09:16:00,14.2252,1181,90,251
15107,311,9,940.35,1,At Risk,1,2010-09-14 10:47:00,2011-02-01 14:46:00,20.00744680851064,356,32,140
15108,142,4,1300.25,0,Potential Loyalists,0,2011-04-26 10:54:00,2011-07-21 10:24:00,21.670833333333334,499,50,85
15109,246,3,983.1,0,Potential Loyalists,1,2009-12-04 12:33:00,2011-04-08 09:58:00,20.48125,258,46,489
15110,24,6,1505.85,0,Potential Loyalists,0,2010-08-11 15:49:00,2011-11-16 11:16:00,28.4122641509434,337,23,461
15111,29,5,2730.87,0,Potential Loyalists,0,2010-04-26 13:12:00,2011-11-10 16:58:00,18.08523178807947,1164,109,563
15112,611,1,209.4,1,At Risk,1,2010-04-07 14:17:00,2010-04-07 14:17:00,29.914285714285715,72,7,0
15113,10,3,3609.33,0,Potential Loyalists,0,2011-10-16 15:27:00,2011-11-30 08:23:00,36.0933,2386,77,44
15114,30,12,3400.12,3,Loyal Customers,0,2010-10-14 16:44:00,2011-11-09 15:05:00,14.7191341991342,3532,151,390
15115,18,2,531.85,0,Potential Loyalists,0,2009-12-07 11:20:00,2011-11-21 14:59:00,15.195714285714287,245,35,714
15116,18,4,1352.75,0,Potential Loyalists,0,2011-05-19 08:50:00,2011-11-22 12:25:00,30.06111111111111,648,37,187
15117,15,8,2485.9700000000003,0,Potential Loyalists,0,2010-03-15 13:39:00,2011-11-25 08:12:00,18.97687022900763,3093,89,619
15118,134,1,244.8,0,Potential Loyalists,0,2011-07-28 14:54:00,2011-07-28 14:54:00,244.8,1440,1,0
15119,246,1,266.4,0,Potential Loyalists,1,2011-04-08 09:08:00,2011-04-08 09:08:00,19.02857142857143,88,14,0
15120,134,1,358.82,0,Potential Loyalists,0,2011-07-29 09:48:00,2011-07-29 09:48:00,17.086666666666666,296,21,0
15121,50,2,457.72,0,Potential Loyalists,0,2011-02-24 12:41:00,2011-10-20 14:51:00,16.34714285714286,199,28,238
15122,114,11,4497.47,3,Loyal Customers,0,2010-03-30 14:05:00,2011-08-17 16:48:00,19.725745614035088,2045,155,505
15123,7,5,4656.17,0,Potential Loyalists,0,2010-03-16 09:49:00,2011-12-02 13:12:00,25.443551912568307,2524,149,626
15124,23,4,450.82,0,Potential Loyalists,0,2010-02-26 10:49:00,2011-11-17 10:09:00,14.54258064516129,462,30,628
15125,25,24,17024.87,2,Champions,0,2010-03-31 13:29:00,2011-11-14 13:57:00,70.93695833333332,8433,151,593
15126,537,2,449.49,1,At Risk,1,2010-01-21 17:09:00,2010-06-21 12:31:00,17.9796,273,25,150
15127,66,2,711.5,0,Potential Loyalists,0,2010-07-08 10:07:00,2011-10-05 10:30:00,25.410714285714285,464,27,454
15128,60,5,1783.68,0,Potential Loyalists,0,2010-10-05 16:46:00,2011-10-10 13:54:00,14.501463414634147,1583,87,369
15129,50,23,6860.18,3,Loyal Customers,0,2010-04-08 17:15:00,2011-10-20 14:40:00,33.14096618357488,4002,86,559
15130,170,1,330.11,0,Potential Loyalists,0,2011-06-23 10:15:00,2011-06-23 10:15:00,15.005,197,22,0
15131,395,1,80.28,1,At Risk,1,2010-11-10 12:07:00,2010-11-10 12:07:00,11.468571428571428,88,7,0
15132,18,5,977.93,0,Potential Loyalists,0,2011-03-22 12:02:00,2011-11-21 17:10:00,18.806346153846157,679,49,244
15133,128,5,1806.9,0,Potential Loyalists,0,2010-07-07 12:31:00,2011-08-04 10:44:00,36.875510204081635,960,45,392
15134,15,10,1596.29,0,Potential Loyalists,0,2010-10-13 12:44:00,2011-11-25 08:55:00,18.779882352941176,1057,47,407
15135,239,2,305.68,0,Potential Loyalists,1,2010-06-01 13:33:00,2011-04-14 19:16:00,15.284,84,17,317
15136,3,4,1286.7,0,Potential Loyalists,0,2011-09-04 16:05:00,2011-12-07 12:26:00,18.92205882352941,776,61,93
15137,521,2,823.4,1,At Risk,1,2010-01-28 15:45:00,2010-07-07 09:41:00,24.21764705882353,596,34,159
15138,394,1,502.52,1,At Risk,1,2010-11-11 09:16:00,2010-11-11 09:16:00,16.210322580645162,300,31,0
15139,240,2,178.96,0,Potential Loyalists,1,2011-01-07 12:44:00,2011-04-14 11:39:00,13.766153846153847,208,13,96
15140,52,8,3243.69,0,Potential Loyalists,0,2010-09-23 13:07:00,2011-10-18 14:07:00,28.96151785714286,2010,103,390
15141,458,7,1388.47,1,At Risk,1,2010-03-28 15:58:00,2010-09-08 11:33:00,17.355875,1197,44,163
15142,46,6,2619.92,0,Potential Loyalists,0,2010-07-27 09:05:00,2011-10-24 12:51:00,18.450140845070422,2155,115,454
15143,226,2,563.63,0,Potential Loyalists,1,2010-10-03 13:58:00,2011-04-28 12:03:00,18.181612903225805,320,27,206
15144,8,29,12160.31,2,Champions,0,2009-12-13 11:35:00,2011-12-01 15:12:00,34.84329512893983,5251,199,718
15145,4,4,1194.73,0,Potential Loyalists,0,2011-04-05 15:20:00,2011-12-05 17:21:00,17.83179104477612,756,54,244
15146,165,2,1327.16,0,Potential Loyalists,0,2011-02-21 13:07:00,2011-06-28 12:09:00,14.584175824175825,1473,90,126
15147,240,1,623.5,0,Potential Loyalists,1,2011-04-13 15:57:00,2011-04-13 15:57:00,22.267857142857142,366,28,0
15148,11,1,301.29,0,Potential Loyalists,0,2011-11-29 08:21:00,2011-11-29 08:21:00,15.0645,187,20,0
15149,134,5,1554.61,0,Potential Loyalists,0,2010-02-28 11:13:00,2011-07-29 10:58:00,22.53057971014493,380,62,515
15150,17,13,9001.08,3,Loyal Customers,0,2010-06-14 12:01:00,2011-11-22 12:52:00,15.654052173913044,6183,495,526
15151,423,2,2085.61,1,At Risk,1,2010-07-18 12:19:00,2010-10-12 16:37:00,36.58964912280702,795,56,86
15152,10,14,5263.83,3,Loyal Customers,0,2010-01-07 15:15:00,2011-11-30 12:32:00,17.5461,2994,214,691
15153,31,1,329.25,0,Potential Loyalists,0,2011-11-08 17:09:00,2011-11-08 17:09:00,14.965909090909092,198,22,0
15154,75,3,1388.41,0,Potential Loyalists,0,2010-08-18 17:41:00,2011-09-25 16:05:00,7.385159574468085,349,166,402
15155,383,1,383.97,1,At Risk,1,2010-11-21 12:59:00,2010-11-21 12:59:00,15.99875,192,24,0
15156,1,3,961.49,0,Potential Loyalists,0,2011-11-06 12:41:00,2011-12-08 18:22:00,17.481636363636365,597,51,32
15157,4,5,2654.11,0,Potential Loyalists,0,2009-12-10 14:44:00,2011-12-06 11:28:00,17.46125,3466,152,725
15158,45,2,606.02,0,Potential Loyalists,0,2010-11-03 13:46:00,2011-10-25 13:53:00,55.092727272727274,219,11,356
15159,2,34,22116.73,2,Champions,0,2010-10-04 09:31:00,2011-12-08 12:05:00,27.304604938271606,13512,413,430
15160,357,4,589.27,1,At Risk,1,2010-10-14 15:26:00,2010-12-17 14:15:00,25.620434782608694,307,17,63
15161,388,1,119.92,1,At Risk,1,2010-11-16 16:08:00,2010-11-16 16:08:00,3.633939393939394,144,33,0
15162,731,1,312.9,1,At Risk,1,2009-12-08 13:14:00,2009-12-08 13:14:00,26.075,74,12,0
15163,18,2,304.47,0,Potential Loyalists,0,2011-05-31 15:22:00,2011-11-21 13:10:00,10.49896551724138,186,29,173
15164,69,9,2068.92,0,Potential Loyalists,0,2010-01-18 13:34:00,2011-10-02 12:05:00,5.731080332409973,931,243,621
15165,373,1,975.5,1,At Risk,1,2010-12-01 14:03:00,2010-12-01 14:03:00,18.064814814814813,320,27,0
15166,468,1,167.16,1,At Risk,1,2010-08-29 12:31:00,2010-08-29 12:31:00,13.93,140,12,0
15167,321,5,1659.67,1,At Risk,1,2010-02-04 14:13:00,2011-01-23 12:41:00,5.3024600638977635,872,262,352
15168,26,1,106.56,0,Potential Loyalists,0,2011-11-14 11:26:00,2011-11-14 11:26:00,21.312,52,5,0
15169,382,2,569.22,1,At Risk,1,2009-12-13 11:16:00,2010-11-22 13:04:00,9.647796610169491,356,58,344
15170,407,1,81.15,1,At Risk,1,2010-10-29 10:34:00,2010-10-29 10:34:00,20.2875,33,4,0
15171,331,1,1289.5,1,At Risk,1,2011-01-12 15:36:00,2011-01-12 15:36:00,257.9,290,5,0
15172,9,5,1624.05,0,Potential Loyalists,0,2011-04-17 11:56:00,2011-12-01 11:51:00,14.764090909090909,1611,106,227
15173,381,7,1494.6,1,At Risk,1,2010-04-01 12:26:00,2010-11-24 10:21:00,17.37906976744186,840,68,236
15174,323,2,481.46,1,At Risk,1,2010-10-25 09:40:00,2011-01-21 09:06:00,14.160588235294117,382,34,87
15175,72,1,224.14,0,Potential Loyalists,0,2011-09-29 11:31:00,2011-09-29 11:31:00,9.745217391304347,454,23,0
15176,668,1,988.04,1,At Risk,1,2010-02-10 10:36:00,2010-02-10 10:36:00,19.000769230769233,448,52,0
15177,426,1,948.93,1,At Risk,1,2010-10-10 12:48:00,2010-10-10 12:48:00,36.49730769230769,485,26,0
15178,260,1,40.5,0,Potential Loyalists,1,2011-03-24 15:12:00,2011-03-24 15:12:00,13.5,30,3,0
15179,18,13,7491.92,3,Loyal Customers,0,2009-12-03 12:27:00,2011-11-21 12:53:00,23.859617834394903,5416,225,718
15180,367,3,904.43,1,At Risk,1,2010-04-29 15:27:00,2010-12-07 14:57:00,15.593620689655173,690,46,221
15181,66,5,1200.2,0,Potential Loyalists,0,2009-12-08 19:02:00,2011-10-04 13:58:00,60.010000000000005,688,15,664
15182,154,11,2998.952,3,Loyal Customers,0,2010-02-21 12:03:00,2011-07-08 13:37:00,23.991616,1186,78,502
15183,548,3,639.93,1,At Risk,1,2010-05-04 11:31:00,2010-06-10 10:43:00,16.840263157894736,297,33,36
15184,29,4,689.95,0,Potential Loyalists,0,2009-12-16 12:06:00,2011-11-10 13:41:00,8.117058823529412,486,72,694
15185,70,1,310.62,0,Potential Loyalists,0,2011-09-30 14:06:00,2011-09-30 14:06:00,14.791428571428572,666,21,0
15186,14,5,1403.2,0,Potential Loyalists,0,2010-01-12 10:14:00,2011-11-25 14:58:00,26.984615384615385,716,29,682
15187,2,16,4777.18,3,Loyal Customers,0,2011-05-11 13:49:00,2011-12-08 11:56:00,52.49648351648352,1887,61,210
15188,725,1,310.43,1,At Risk,1,2009-12-14 13:30:00,2009-12-14 13:30:00,13.496956521739131,233,23,0
15189,1,46,17524.38,2,Champions,0,2010-07-18 13:37:00,2011-12-08 13:22:00,72.71526970954358,6902,90,507
15190,434,1,834.4399999999999,1,At Risk,1,2010-10-01 13:09:00,2010-10-01 13:09:00,20.860999999999997,790,40,0
15191,463,3,588.05,1,At Risk,1,2010-01-20 12:35:00,2010-09-02 15:37:00,16.80142857142857,287,33,225
15192,120,5,1981.39,0,Potential Loyalists,0,2010-01-29 10:13:00,2011-08-12 11:41:00,18.69235849056604,1644,56,560
15193,61,1,499.32,0,Potential Loyalists,0,2011-10-10 08:23:00,2011-10-10 08:23:00,26.28,144,19,0
15194,3,28,12427.69,2,Champions,0,2009-12-03 10:37:00,2011-12-06 15:10:00,25.259532520325205,9169,274,733
15195,3,1,3861.0,0,Potential Loyalists,0,2011-12-07 12:20:00,2011-12-07 12:20:00,3861.0,1404,1,0
15196,433,2,316.25,1,At Risk,1,2009-12-13 11:14:00,2010-10-03 10:50:00,7.354651162790698,131,34,293
15197,11,6,1877.51,0,Potential Loyalists,0,2009-12-11 12:56:00,2011-11-29 10:00:00,31.82220338983051,1058,44,717
15198,92,5,571.35,0,Potential Loyalists,0,2010-01-19 10:01:00,2011-09-08 14:42:00,18.43064516129032,327,28,597
15199,59,10,3122.4,3,Loyal Customers,0,2010-05-13 10:14:00,2011-10-11 15:12:00,61.22352941176471,894,17,516
15200,495,1,549.05,1,At Risk,1,2010-08-02 09:38:00,2010-08-02 09:38:00,18.30166666666667,195,30,0
15201,87,7,1842.95,0,Potential Loyalists,0,2010-04-07 14:50:00,2011-09-13 14:53:00,18.4295,1660,44,524
15202,420,3,6001.49,1,At Risk,1,2010-10-15 12:39:00,2010-10-15 13:05:00,2000.4966666666667,3,1,0
15203,26,15,4400.18,3,Loyal Customers,0,2009-12-08 18:06:00,2011-11-14 08:16:00,12.828513119533529,4182,150,705
15204,357,1,316.58,1,At Risk,1,2010-12-17 13:49:00,2010-12-17 13:49:00,35.175555555555555,258,9,0
15205,85,2,653.24,0,Potential Loyalists,0,2011-08-04 16:07:00,2011-09-15 19:36:00,17.655135135135136,378,37,42
15206,10,4,420.3,0,Potential Loyalists,0,2011-03-09 08:59:00,2011-11-29 13:41:00,46.7,162,3,265
15207,416,3,683.9200000000001,1,At Risk,1,2010-06-10 17:29:00,2010-10-19 13:29:00,28.496666666666666,428,19,130
15208,1,6,970.52,0,Potential Loyalists,0,2010-10-12 12:17:00,2011-12-08 17:24:00,20.219166666666666,356,27,422
15209,730,1,178.98000000000002,1,At Risk,1,2009-12-09 17:26:00,2009-12-09 17:26:00,13.76769230769231,94,13,0
15210,225,3,1176.19,0,Potential Loyalists,1,2010-05-13 14:42:00,2011-04-28 16:11:00,17.55507462686567,841,66,350
15211,60,2,1277.48,0,Potential Loyalists,0,2010-12-09 16:08:00,2011-10-10 13:31:00,17.033066666666667,357,52,304
15212,241,2,208.28,0,Potential Loyalists,1,2010-11-28 10:45:00,2011-04-12 13:45:00,20.828,84,7,135
15213,319,2,328.35,1,At Risk,1,2011-01-14 11:05:00,2011-01-25 12:21:00,13.68125,272,22,11
15214,2,8,1661.44,0,Potential Loyalists,0,2011-04-11 09:46:00,2011-12-08 12:07:00,15.104000000000001,1254,109,241
15215,47,7,2422.43,0,Potential Loyalists,0,2010-04-06 11:21:00,2011-10-24 11:41:00,21.437433628318587,776,85,566
15216,88,2,486.09,0,Potential Loyalists,0,2010-03-31 09:52:00,2011-09-13 11:41:00,20.25375,217,24,531
15217,563,1,426.24,1,At Risk,1,2010-05-25 13:51:00,2010-05-25 13:51:00,15.222857142857142,190,28,0
15218,11,22,11516.57,3,Loyal Customers,0,2010-01-26 11:33:00,2011-11-29 11:48:00,28.719625935162092,6553,139,672
15219,176,2,685.45,0,Potential Loyalists,0,2010-03-01 11:33:00,2011-06-16 16:57:00,26.36346153846154,271,26,472
15220,52,6,1778.96,0,Potential Loyalists,0,2011-03-04 10:24:00,2011-10-19 12:39:00,15.204786324786324,1393,110,229
15221,366,4,2465.4500000000003,1,At Risk,1,2010-03-12 10:40:00,2010-12-08 13:08:00,72.51323529411764,287,21,271
15222,319,11,3550.91,3,Loyal Customers,1,2009-12-16 13:49:00,2011-01-25 08:03:00,25.73123188405797,4458,98,404
15223,226,5,1417.95,0,Potential Loyalists,1,2009-12-05 11:19:00,2011-04-28 11:31:00,41.70441176470588,385,26,509
15224,358,5,871.36,1,At Risk,1,2010-01-15 16:14:00,2010-12-16 15:02:00,24.896,443,24,334
15225,234,1,409.4,0,Potential Loyalists,1,2011-04-19 14:51:00,2011-04-19 14:51:00,17.8,226,23,0
15226,311,1,154.41,1,At Risk,1,2011-02-02 11:41:00,2011-02-02 11:41:00,19.30125,71,8,0
15227,37,9,2488.49,0,Potential Loyalists,0,2010-03-16 08:23:00,2011-11-03 11:59:00,20.737416666666668,1217,86,597
15228,66,6,5580.27,0,Potential Loyalists,0,2010-07-28 10:21:00,2011-10-04 13:56:00,23.847307692307695,3375,184,433
15229,586,1,160.5,1,At Risk,1,2010-05-02 13:50:00,2010-05-02 13:50:00,17.833333333333332,114,9,0
15230,239,2,429.6,0,Potential Loyalists,1,2011-04-13 11:04:00,2011-04-14 14:39:00,18.678260869565218,351,23,1
15231,621,1,250.26,1,At Risk,1,2010-03-28 15:12:00,2010-03-28 15:12:00,17.875714285714288,190,14,0
15232,113,2,612.06,0,Potential Loyalists,0,2011-07-22 12:21:00,2011-08-18 16:27:00,19.743870967741934,686,26,27
15233,401,1,59.400000000000006,1,At Risk,1,2010-11-03 13:36:00,2010-11-03 13:36:00,59.400000000000006,12,1,0
15234,277,1,197.0,1,At Risk,1,2011-03-08 08:53:00,2011-03-08 08:53:00,14.071428571428571,196,14,0
15235,218,16,2937.81,3,Loyal Customers,1,2010-11-16 12:48:00,2011-05-06 09:44:00,15.710213903743314,1735,161,170
15236,299,1,321.05,1,At Risk,1,2011-02-14 10:52:00,2011-02-14 10:52:00,21.403333333333332,269,15,0
15237,2,4,1412.32,0,Potential Loyalists,0,2011-04-26 15:04:00,2011-12-08 09:46:00,14.265858585858584,1071,94,225
15238,29,3,1071.99,0,Potential Loyalists,0,2011-06-08 16:00:00,2011-11-10 14:28:00,21.4398,692,49,154
15239,10,2,780.59,0,Potential Loyalists,0,2011-09-22 09:53:00,2011-11-29 14:14:00,15.930408163265307,594,48,68
15240,45,12,4459.98,3,Loyal Customers,0,2009-12-05 14:57:00,2011-10-26 09:50:00,19.910625000000003,3214,134,689
15241,67,11,3050.16,3,Loyal Customers,0,2010-02-23 13:59:00,2011-10-04 09:05:00,16.57695652173913,3328,120,587
15242,422,1,302.04,1,At Risk,1,2010-10-13 15:33:00,2010-10-13 15:33:00,75.51,196,4,0
15243,74,2,927.28,0,Potential Loyalists,0,2010-09-30 17:28:00,2011-09-26 14:12:00,15.201311475409836,543,56,360
15244,65,3,912.08,0,Potential Loyalists,0,2010-02-11 14:48:00,2011-10-05 13:19:00,19.00166666666667,472,44,600
15245,134,8,4610.84,0,Potential Loyalists,0,2010-04-23 14:23:00,2011-07-28 18:56:00,31.154324324324325,3021,72,461
15246,238,3,780.4,0,Potential Loyalists,1,2010-06-02 11:28:00,2011-04-15 14:45:00,15.301960784313724,359,45,317
15247,122,3,976.06,0,Potential Loyalists,0,2010-06-20 14:08:00,2011-08-09 12:52:00,57.41529411764706,514,13,414
15248,411,3,1893.93,1,At Risk,1,2010-06-23 14:34:00,2010-10-24 13:09:00,17.867264150943395,1065,103,122
15249,32,18,9266.0,3,Loyal Customers,0,2010-03-26 14:51:00,2011-11-08 11:45:00,18.45816733067729,4980,304,591
15250,641,1,60.0,1,At Risk,1,2010-03-09 07:35:00,2010-03-09 07:35:00,20.0,48,3,0
15251,9,21,20324.54,2,Champions,0,2010-01-29 12:42:00,2011-11-30 15:02:00,88.3675652173913,12108,183,670
15252,36,5,2103.41,0,Potential Loyalists,0,2010-04-07 10:24:00,2011-11-03 13:30:00,17.82550847457627,1430,106,575
15253,16,8,2055.09,0,Potential Loyalists,0,2010-05-02 11:17:00,2011-11-23 16:22:00,17.716293103448276,1588,102,570
15254,127,3,1088.35,0,Potential Loyalists,0,2010-05-28 10:08:00,2011-08-04 15:04:00,16.244029850746266,711,64,433
15255,67,9,3729.42,0,Potential Loyalists,0,2009-12-03 09:10:00,2011-10-04 12:43:00,19.732380952380954,2226,137,670
15256,149,2,170.4,0,Potential Loyalists,0,2010-05-27 11:41:00,2011-07-14 11:47:00,17.04,92,6,413
15257,283,2,685.9,1,At Risk,1,2010-10-21 14:03:00,2011-03-01 12:58:00,57.15833333333333,71,11,130
15258,169,2,623.16,0,Potential Loyalists,0,2011-05-06 14:16:00,2011-06-24 12:30:00,18.328235294117647,142,32,48
15259,513,4,1182.38,1,At Risk,1,2010-01-26 09:41:00,2010-07-15 08:47:00,20.74350877192982,631,50,169
15260,100,25,9188.23,3,Loyal Customers,0,2009-12-06 11:45:00,2011-08-31 13:55:00,23.086005025125626,4722,186,633
15261,135,4,1508.0,0,Potential Loyalists,0,2010-10-01 11:59:00,2011-07-27 15:20:00,16.391304347826086,806,87,299
15262,324,3,418.82,1,At Risk,1,2010-08-08 15:55:00,2011-01-20 12:16:00,16.108461538461537,218,22,164
15263,107,1,156.51,0,Potential Loyalists,0,2011-08-25 10:26:00,2011-08-25 10:26:00,13.042499999999999,89,12,0
15264,64,2,848.4,0,Potential Loyalists,0,2010-06-27 13:29:00,2011-10-06 13:49:00,15.425454545454546,443,52,466
15265,151,4,3345.64,0,Potential Loyalists,0,2009-12-01 17:08:00,2011-07-11 14:46:00,17.334922279792746,1570,179,586
15266,338,5,852.21,1,At Risk,1,2010-01-07 12:19:00,2011-01-05 13:40:00,18.938000000000002,236,38,363
15267,22,5,1717.36,0,Potential Loyalists,0,2011-06-10 10:24:00,2011-11-17 15:59:00,156.12363636363636,944,8,160
15268,479,3,961.9,1,At Risk,1,2010-04-13 11:27:00,2010-08-18 10:33:00,43.722727272727276,428,21,126
15269,24,3,1225.36,0,Potential Loyalists,0,2010-11-14 12:58:00,2011-11-16 09:32:00,35.010285714285715,372,33,366
15270,16,21,8524.86,3,Loyal Customers,0,2009-12-17 15:02:00,2011-11-24 09:24:00,50.74321428571429,4010,66,706
15271,7,24,4709.54,3,Loyal Customers,0,2010-08-05 14:57:00,2011-12-02 14:11:00,7.547339743589744,2524,369,483
15272,57,6,2085.48,0,Potential Loyalists,0,2010-02-14 13:39:00,2011-10-13 12:59:00,6.793094462540717,687,257,605
15273,600,1,228.96,1,At Risk,1,2010-04-19 11:31:00,2010-04-19 11:31:00,228.96,216,1,0
15274,4,2,716.57,0,Potential Loyalists,0,2011-11-21 14:17:00,2011-12-05 16:57:00,15.246170212765959,619,44,14
15275,38,1,615.14,0,Potential Loyalists,0,2011-11-02 11:20:00,2011-11-02 11:20:00,15.003414634146342,498,41,0
15276,66,4,649.53,0,Potential Loyalists,0,2010-10-01 12:24:00,2011-10-04 16:39:00,3.4185789473684207,331,160,368
15277,47,2,476.34,0,Potential Loyalists,0,2010-10-10 16:02:00,2011-10-24 10:08:00,18.320769230769233,373,23,378
15278,562,4,496.16,1,At Risk,1,2010-02-12 14:53:00,2010-05-27 10:03:00,17.10896551724138,458,29,103
15279,355,5,1580.54,1,At Risk,1,2010-02-02 10:15:00,2010-12-20 10:48:00,16.814255319148934,802,74,321
15280,172,3,406.22,0,Potential Loyalists,0,2010-05-17 14:17:00,2011-06-20 17:14:00,6.659344262295082,513,48,399
15281,59,16,8543.57,3,Loyal Customers,0,2010-10-08 12:14:00,2011-10-12 09:10:00,16.36699233716475,5233,427,368
15282,570,1,348.59,1,At Risk,1,2010-05-18 16:27:00,2010-05-18 16:27:00,12.91074074074074,395,27,0
15283,390,3,148.33,1,At Risk,1,2010-07-09 15:46:00,2010-11-14 14:54:00,16.481111111111108,27,9,127
15284,500,1,24.75,1,At Risk,1,2010-07-27 13:25:00,2010-07-27 13:25:00,24.75,5,1,0
15285,408,1,94.92,1,At Risk,1,2010-10-28 09:46:00,2010-10-28 09:46:00,15.82,120,6,0
15286,50,1,240.55,0,Potential Loyalists,0,2011-10-21 11:08:00,2011-10-21 11:08:00,80.18333333333334,55,3,0
15287,22,5,856.03,0,Potential Loyalists,0,2009-12-02 12:13:00,2011-11-17 15:34:00,23.77861111111111,1010,23,715
15288,43,10,3883.13,3,Loyal Customers,0,2010-02-12 15:27:00,2011-10-27 16:58:00,21.45375690607735,1404,128,622
15289,29,5,1593.09,0,Potential Loyalists,0,2010-03-28 11:45:00,2011-11-10 13:49:00,16.42360824742268,1627,67,592
15290,5,26,10496.28,3,Loyal Customers,0,2010-02-24 10:15:00,2011-12-05 11:39:00,35.946164383561644,6567,106,649
15291,26,40,13846.56,2,Champions,0,2009-12-03 11:09:00,2011-11-14 11:02:00,56.28682926829268,5017,116,710
15292,201,1,180.94,0,Potential Loyalists,1,2011-05-22 15:00:00,2011-05-22 15:00:00,7.2376,56,24,0
15293,666,1,247.5,1,At Risk,1,2010-02-12 11:54:00,2010-02-12 11:54:00,13.026315789473685,178,19,0
15294,411,1,233.35,1,At Risk,1,2010-10-25 11:45:00,2010-10-25 11:45:00,15.556666666666667,97,15,0
15295,654,1,217.24,1,At Risk,1,2010-02-23 13:03:00,2010-02-23 13:03:00,4.098867924528301,151,50,0
15296,51,12,10342.83,3,Loyal Customers,0,2010-01-21 13:48:00,2011-10-20 11:47:00,19.332392523364486,5464,342,636
15297,10,3,641.94,0,Potential Loyalists,0,2011-10-07 09:42:00,2011-11-29 16:32:00,16.46,292,30,53
15298,2,23,9459.37,3,Loyal Customers,0,2009-12-08 17:04:00,2011-12-07 17:17:00,21.401289592760183,6286,199,729
15299,67,10,7991.54,3,Loyal Customers,0,2010-01-12 11:34:00,2011-10-03 14:19:00,614.7338461538461,5453,9,629
15300,64,1,496.44,0,Potential Loyalists,0,2011-10-06 17:08:00,2011-10-06 17:08:00,17.73,292,28,0
15301,51,17,7603.44,3,Loyal Customers,0,2010-09-15 15:41:00,2011-10-20 09:57:00,20.00905263157895,4290,231,399
15302,730,1,308.0,1,At Risk,1,2009-12-09 13:11:00,2009-12-09 13:11:00,20.533333333333335,102,15,0
15303,290,3,1224.18,1,At Risk,1,2010-01-25 09:42:00,2011-02-22 13:59:00,17.741739130434784,514,63,393
15304,61,9,919.55,0,Potential Loyalists,0,2010-10-14 10:24:00,2011-10-10 10:23:00,31.70862068965517,133,8,360
15305,555,1,93.6,1,At Risk,1,2010-06-02 13:50:00,2010-06-02 13:50:00,18.72,40,5,0
15306,64,9,3484.73,0,Potential Loyalists,0,2010-02-18 17:12:00,2011-10-06 12:56:00,21.51067901234568,3074,123,594
15307,96,1,205.3,0,Potential Loyalists,0,2011-09-05 11:38:00,2011-09-05 11:38:00,17.108333333333334,37,12,0
15308,274,1,310.47,1,At Risk,1,2011-03-10 13:08:00,2011-03-10 13:08:00,16.340526315789475,175,19,0
15309,611,4,797.96,1,At Risk,1,2009-12-04 13:01:00,2010-04-08 11:11:00,14.777037037037038,440,49,124
15310,479,1,1634.64,1,At Risk,1,2010-08-18 11:38:00,2010-08-18 11:38:00,36.32533333333333,1476,45,0
15311,1,46,29730.420199999626,2,Champions,0,2009-12-01 11:21:00,2011-12-09 12:00:00,26.335399188092016,71010,864,738
15312,75,12,2930.19,3,Loyal Customers,0,2009-12-16 09:23:00,2011-09-25 13:10:00,17.976625766871166,1693,118,648
15313,110,1,52.0,0,Potential Loyalists,0,2011-08-21 16:02:00,2011-08-21 16:02:00,52.0,25,1,0
15314,199,3,820.4499999999999,0,Potential Loyalists,1,2010-10-07 15:41:00,2011-05-24 14:39:00,16.409000000000002,750,49,228
15315,64,2,570.5,0,Potential Loyalists,0,2011-08-15 15:17:00,2011-10-06 12:51:00,15.41891891891892,862,35,51
15316,327,1,165.0,1,At Risk,1,2011-01-17 11:34:00,2011-01-17 11:34:00,165.0,100,1,0
15317,677,1,129.75,1,At Risk,1,2010-01-31 15:55:00,2010-01-31 15:55:00,25.95,45,5,0
15318,4,1,312.62,0,Potential Loyalists,0,2011-12-06 11:30:00,2011-12-06 11:30:00,9.473333333333333,642,33,0
15319,284,1,204.5,1,At Risk,1,2011-03-01 12:48:00,2011-03-01 12:48:00,12.78125,175,16,0
15320,44,1,267.13,0,Potential Loyalists,0,2011-10-26 13:27:00,2011-10-26 13:27:00,7.420277777777778,326,36,0
15321,71,12,6709.7300000000005,3,Loyal Customers,0,2010-02-03 09:47:00,2011-09-30 09:40:00,21.714336569579288,3653,242,603
15322,86,2,1390.86,0,Potential Loyalists,0,2010-08-20 13:10:00,2011-09-15 09:34:00,16.75734939759036,971,76,390
15323,563,3,434.6,1,At Risk,1,2010-02-16 09:21:00,2010-05-26 10:01:00,14.986206896551725,188,29,99
15324,701,1,140.22000000000003,1,At Risk,1,2010-01-07 14:37:00,2010-01-07 14:37:00,17.527500000000003,74,8,0
15325,104,8,1602.01,0,Potential Loyalists,0,2010-02-16 13:30:00,2011-08-28 11:55:00,7.120044444444445,1383,164,557
15326,334,5,1700.52,1,At Risk,1,2009-12-01 13:19:00,2011-01-10 11:38:00,13.182325581395348,1351,94,404
15327,53,1,208.75,0,Potential Loyalists,0,2011-10-18 11:55:00,2011-10-18 11:55:00,20.875,116,10,0
15328,408,1,107.24,1,At Risk,1,2010-10-28 09:05:00,2010-10-28 09:05:00,13.405,88,8,0
15329,39,11,2984.33,3,Loyal Customers,0,2009-12-14 12:18:00,2011-10-31 15:36:00,19.25374193548387,1219,98,686
15330,32,2,714.96,0,Potential Loyalists,0,2011-10-10 12:30:00,2011-11-07 17:50:00,54.99692307692307,1312,10,28
15331,500,3,767.91,1,At Risk,1,2010-04-09 14:26:00,2010-07-28 09:42:00,17.4525,701,41,109
15332,366,6,6553.74,1,At Risk,1,2010-07-14 13:01:00,2010-12-08 14:43:00,34.675873015873016,2958,113,147
15333,208,1,1028.56,0,Potential Loyalists,1,2011-05-15 13:27:00,2011-05-15 13:27:00,64.285,344,16,0
15334,157,3,351.67,0,Potential Loyalists,0,2011-06-19 13:51:00,2011-07-06 11:22:00,3.5522222222222224,274,67,16
15335,54,1,173.97,0,Potential Loyalists,0,2011-10-17 12:50:00,2011-10-17 12:50:00,4.8325,80,34,0
15336,402,1,240.5,1,At Risk,1,2010-11-03 12:39:00,2010-11-03 12:39:00,16.033333333333335,84,15,0
15337,411,1,373.02,1,At Risk,1,2010-10-24 15:29:00,2010-10-24 15:29:00,17.762857142857143,200,21,0
15338,677,1,283.43,1,At Risk,1,2010-01-31 14:25:00,2010-01-31 14:25:00,4.723833333333333,150,56,0
15339,66,7,1827.84,0,Potential Loyalists,0,2010-02-08 13:38:00,2011-10-04 12:51:00,8.16,1143,162,602
15340,562,1,105.5,1,At Risk,1,2010-05-27 10:27:00,2010-05-27 10:27:00,15.071428571428571,76,7,0
15341,81,2,2402.7200000000003,0,Potential Loyalists,0,2010-09-16 16:41:00,2011-09-20 09:40:00,100.11333333333333,1008,22,368
15342,130,1,406.09,0,Potential Loyalists,0,2011-08-02 10:19:00,2011-08-02 10:19:00,16.920416666666668,283,24,0
15343,87,1,364.5,0,Potential Loyalists,0,2011-09-13 13:55:00,2011-09-13 13:55:00,17.357142857142858,84,21,0
15344,1,3,563.94,0,Potential Loyalists,0,2011-09-26 14:48:00,2011-12-09 10:45:00,21.69,116,21,73
15345,46,1,393.54,0,Potential Loyalists,0,2011-10-25 11:28:00,2011-10-25 11:28:00,19.677,81,20,0
15346,333,3,596.12,1,At Risk,1,2010-10-04 15:11:00,2011-01-11 11:18:00,16.111351351351352,260,36,98
15347,366,4,1363.6,1,At Risk,1,2010-09-28 12:50:00,2010-12-08 15:25:00,33.25853658536585,672,29,71
15348,72,1,158.04,0,Potential Loyalists,0,2011-09-28 13:17:00,2011-09-28 13:17:00,17.56,84,9,0
15349,158,2,473.81,0,Potential Loyalists,0,2011-06-05 15:46:00,2011-07-04 16:06:00,6.580694444444444,327,65,29
15350,373,2,663.25,1,At Risk,1,2010-11-21 15:14:00,2010-12-01 13:33:00,18.95,323,26,9
15351,12,10,3738.29,3,Loyal Customers,0,2010-10-03 12:18:00,2011-11-27 12:52:00,10.049166666666666,1491,201,420
15352,549,1,114.95,1,At Risk,1,2010-06-09 11:28:00,2010-06-09 11:28:00,3.1067567567567567,43,34,0
15353,255,7,3175.95,0,Potential Loyalists,1,2009-12-02 11:33:00,2011-03-30 12:15:00,8.206589147286822,1551,274,483
15354,603,3,284.4,1,At Risk,1,2010-04-15 16:17:00,2010-04-15 16:24:00,94.8,3,1,0
15355,29,2,277.05,0,Potential Loyalists,0,2011-10-17 15:22:00,2011-11-10 13:44:00,19.789285714285715,45,9,23
15356,31,13,3464.95,3,Loyal Customers,0,2010-10-13 13:12:00,2011-11-08 13:11:00,4.589337748344371,2015,290,390
15358,5,42,17050.41,2,Champions,0,2009-12-07 12:19:00,2011-12-05 09:04:00,15.088858407079647,15378,359,727
15359,663,8,181.35,1,At Risk,1,2010-01-15 11:30:00,2010-02-15 10:47:00,11.334375,145,10,30
15360,40,1,427.93,0,Potential Loyalists,0,2011-10-31 09:35:00,2011-10-31 09:35:00,32.917692307692306,223,13,0
15361,362,4,689.07,1,At Risk,1,2010-06-14 13:27:00,2010-12-13 09:52:00,68.90700000000001,373,10,181
15362,449,2,613.08,1,At Risk,1,2009-12-01 09:08:00,2010-09-17 10:37:00,15.327000000000002,368,38,290
15363,373,2,1004.11,1,At Risk,1,2010-08-04 08:41:00,2010-12-02 12:28:00,19.68843137254902,527,32,120
15364,96,2,913.19,0,Potential Loyalists,0,2011-03-30 13:39:00,2011-09-05 09:46:00,31.489310344827587,493,29,158
15365,26,13,4557.13,3,Loyal Customers,0,2010-02-04 16:43:00,2011-11-14 08:29:00,20.904266055045873,2131,126,647
15366,75,7,2389.08,0,Potential Loyalists,0,2010-02-26 10:10:00,2011-09-25 15:01:00,17.312173913043477,2447,86,576
15367,57,11,5081.33,3,Loyal Customers,0,2009-12-10 14:20:00,2011-10-13 14:13:00,18.212652329749105,2944,214,671
15368,21,2,722.74,0,Potential Loyalists,0,2010-11-10 15:52:00,2011-11-18 14:42:00,90.3425,406,8,372
15369,492,11,6251.26,1,At Risk,1,2009-12-08 07:43:00,2010-08-04 13:54:00,105.9535593220339,3288,44,239
15370,41,8,3739.01,0,Potential Loyalists,0,2010-10-25 12:08:00,2011-10-30 10:58:00,25.965347222222224,1397,90,369
15371,662,1,59.400000000000006,1,At Risk,1,2010-02-15 13:14:00,2010-02-15 13:14:00,59.400000000000006,12,1,0
15372,137,8,6017.06,3,Loyal Customers,0,2010-02-14 11:24:00,2011-07-25 16:39:00,105.56245614035087,6410,45,526
15373,8,17,3421.39,3,Loyal Customers,0,2010-05-02 11:57:00,2011-12-01 15:05:00,17.0218407960199,769,107,578
15374,129,2,307.32,0,Potential Loyalists,0,2010-03-25 12:03:00,2011-08-03 09:59:00,30.732,290,8,495
15375,690,1,60.96,1,At Risk,1,2010-01-18 15:38:00,2010-01-18 15:38:00,10.159999999999998,84,6,0
15376,40,3,1233.36,0,Potential Loyalists,0,2011-05-01 13:45:00,2011-10-30 15:04:00,10.541538461538462,619,100,182
15377,383,4,1211.75,1,At Risk,1,2010-10-20 11:42:00,2010-11-22 08:55:00,57.70238095238095,253,15,32
15378,463,2,246.5,1,At Risk,1,2010-07-26 08:47:00,2010-09-03 11:30:00,20.541666666666668,130,8,39
15379,169,8,4877.84,3,Loyal Customers,0,2010-11-04 11:59:00,2011-06-23 13:13:00,18.546920152091257,3000,177,231
15380,9,11,3479.0600000000004,3,Loyal Customers,0,2009-12-01 13:50:00,2011-12-01 12:13:00,65.64264150943396,1032,27,729
15381,214,5,1890.57,0,Potential Loyalists,1,2010-05-05 14:35:00,2011-05-10 11:55:00,78.77374999999999,802,20,369
15382,15,12,13733.55,3,Loyal Customers,0,2009-12-04 14:13:00,2011-11-25 10:58:00,21.730300632911394,9178,315,720
15384,170,4,2027.79,0,Potential Loyalists,0,2010-04-26 12:38:00,2011-06-23 10:57:00,17.184661016949153,1767,83,422
15385,40,3,942.08,0,Potential Loyalists,0,2010-01-31 13:02:00,2011-10-30 15:11:00,44.860952380952384,428,18,637
15386,186,1,394.14,0,Potential Loyalists,1,2011-06-06 13:47:00,2011-06-06 13:47:00,12.714193548387096,446,31,0
15387,492,1,468.65,1,At Risk,1,2010-08-04 16:05:00,2010-08-04 16:05:00,23.432499999999997,335,20,0
15388,270,1,140.54,0,Potential Loyalists,1,2011-03-14 13:53:00,2011-03-14 13:53:00,14.053999999999998,88,10,0
15389,172,5,2733.8,0,Potential Loyalists,0,2010-01-27 12:44:00,2011-06-20 16:18:00,455.6333333333334,3940,2,509
15390,396,2,1216.66,1,At Risk,1,2010-10-26 17:23:00,2010-11-08 15:19:00,15.800779220779221,894,77,12
15391,584,1,289.87,1,At Risk,1,2010-05-04 15:04:00,2010-05-04 15:04:00,24.155833333333334,109,12,0
15392,5,7,2911.62,0,Potential Loyalists,0,2010-10-04 12:50:00,2011-12-05 11:01:00,20.219583333333333,2144,100,426
15393,16,5,891.34,0,Potential Loyalists,0,2009-12-15 17:56:00,2011-11-23 16:48:00,20.257727272727273,378,37,707
15394,10,11,5286.8,3,Loyal Customers,0,2009-12-15 19:05:00,2011-11-30 11:49:00,23.28986784140969,2372,129,714
15395,326,1,107.45,1,At Risk,1,2011-01-18 12:40:00,2011-01-18 12:40:00,15.35,17,7,0
15396,113,2,796.38,0,Potential Loyalists,0,2010-05-05 09:04:00,2011-08-19 10:56:00,49.77375,278,16,471
15397,290,1,94.0,1,At Risk,1,2011-02-23 09:25:00,2011-02-23 09:25:00,15.666666666666666,20,6,0
15398,16,2,1345.53,0,Potential Loyalists,0,2011-09-22 14:56:00,2011-11-23 16:47:00,18.43191780821918,769,60,62
15399,1,3,815.77,0,Potential Loyalists,0,2011-09-21 15:57:00,2011-12-08 13:04:00,16.3154,611,45,77
15400,92,8,1302.3,0,Potential Loyalists,0,2010-05-28 08:33:00,2011-09-08 13:57:00,48.233333333333334,662,16,468
15401,452,2,216.95,1,At Risk,1,2010-05-20 10:56:00,2010-09-13 13:42:00,15.49642857142857,93,14,116
15402,149,6,1830.54,0,Potential Loyalists,0,2010-04-27 12:12:00,2011-07-14 12:17:00,13.973587786259541,2034,79,443
15403,492,2,170.88,1,At Risk,1,2009-12-09 12:45:00,2010-08-05 12:21:00,21.36,492,6,238
15404,376,1,257.06,1,At Risk,1,2010-11-29 11:03:00,2010-11-29 11:03:00,16.06625,334,16,0
15405,189,2,659.84,0,Potential Loyalists,1,2010-05-12 15:56:00,2011-06-03 14:44:00,21.994666666666667,348,29,386
15406,31,4,975.87,0,Potential Loyalists,0,2010-09-12 13:06:00,2011-11-08 13:22:00,7.998934426229508,547,108,422
15407,34,4,1056.44,0,Potential Loyalists,0,2011-02-07 13:18:00,2011-11-06 11:55:00,6.90483660130719,558,142,271
15408,264,1,267.18,0,Potential Loyalists,1,2011-03-20 15:02:00,2011-03-20 15:02:00,7.858235294117647,106,34,0
15409,721,1,131.25,1,At Risk,1,2009-12-18 15:35:00,2009-12-18 15:35:00,14.583333333333334,59,9,0
15410,84,10,4685.72,3,Loyal Customers,0,2010-04-19 08:57:00,2011-09-16 14:47:00,28.9241975308642,1902,80,515
15411,26,4,1358.88,0,Potential Loyalists,0,2011-06-10 12:30:00,2011-11-13 15:19:00,13.726060606060607,530,86,156
15412,171,1,190.53,0,Potential Loyalists,0,2011-06-21 15:24:00,2011-06-21 15:24:00,19.053,108,10,0
15413,692,5,6798.72,1,At Risk,1,2009-12-01 10:18:00,2010-01-17 11:33:00,271.9488,2694,20,47
15414,10,3,774.9000000000001,0,Potential Loyalists,0,2011-04-11 13:45:00,2011-11-30 09:50:00,19.86923076923077,443,37,232
15415,313,1,572.8100000000001,1,At Risk,1,2011-01-30 14:13:00,2011-01-30 14:13:00,11.933541666666668,575,46,0
15416,65,7,4572.82,0,Potential Loyalists,0,2010-02-01 11:55:00,2011-10-06 09:38:00,20.056228070175436,2420,189,611
15417,85,1,508.8,0,Potential Loyalists,0,2011-09-15 15:26:00,2011-09-15 15:26:00,18.17142857142857,284,28,0
15418,425,2,452.32,1,At Risk,1,2010-05-02 11:31:00,2010-10-10 13:38:00,6.555362318840579,266,64,161
15419,25,1,135.86,0,Potential Loyalists,0,2011-11-15 09:23:00,2011-11-15 09:23:00,16.9825,230,8,0
15420,434,6,743.0,1,At Risk,1,2009-12-05 13:29:00,2010-10-01 15:46:00,13.267857142857142,844,52,300
15421,59,10,3805.34,3,Loyal Customers,0,2009-12-07 15:10:00,2011-10-12 09:20:00,12.042215189873419,1927,170,673
15422,323,7,1619.97,1,At Risk,1,2010-02-07 11:52:00,2011-01-20 16:17:00,13.49975,710,80,347
15423,38,3,266.89,0,Potential Loyalists,0,2010-03-28 13:42:00,2011-11-01 14:01:00,19.06357142857143,198,13,583
15424,254,3,597.78,0,Potential Loyalists,1,2010-09-02 17:17:00,2011-03-30 13:02:00,18.114545454545453,873,33,208
15425,400,4,1944.57,1,At Risk,1,2010-02-14 12:36:00,2010-11-04 18:13:00,13.503958333333333,1042,114,263
15426,19,9,2615.39,0,Potential Loyalists,0,2010-05-02 15:10:00,2011-11-20 15:36:00,4.897734082397004,1220,327,567
15427,33,3,1483.14,0,Potential Loyalists,0,2011-10-23 14:47:00,2011-11-06 14:29:00,4.84686274509804,1013,233,13
15428,15,4,762.75,0,Potential Loyalists,0,2009-12-17 17:46:00,2011-11-24 16:54:00,17.335227272727273,347,39,706
15429,27,2,397.35,0,Potential Loyalists,0,2011-09-25 13:42:00,2011-11-13 12:28:00,4.845731707317073,380,77,48
15430,468,2,954.75,1,At Risk,1,2010-06-29 15:04:00,2010-08-29 10:42:00,26.520833333333332,309,36,60
15431,503,1,153.24,1,At Risk,1,2010-07-25 12:44:00,2010-07-25 12:44:00,76.62,84,2,0
15432,23,2,320.76,0,Potential Loyalists,0,2010-06-16 14:34:00,2011-11-16 16:30:00,20.0475,92,16,518
15433,214,2,533.3,0,Potential Loyalists,1,2011-03-17 14:12:00,2011-05-10 10:45:00,13.00731707317073,534,40,53
15434,8,11,2567.06,3,Loyal Customers,0,2010-01-24 15:35:00,2011-12-01 13:33:00,19.157164179104477,1423,82,675
15435,22,1,149.29,0,Potential Loyalists,0,2011-11-17 16:39:00,2011-11-17 16:39:00,5.147931034482759,54,29,0
15436,12,3,1122.53,0,Potential Loyalists,0,2011-04-19 16:52:00,2011-11-27 16:05:00,3.4119452887537993,613,243,221
15437,262,2,393.45,0,Potential Loyalists,1,2010-03-09 10:45:00,2011-03-22 13:11:00,6.902631578947368,177,56,378
15438,131,1,156.57999999999998,0,Potential Loyalists,0,2011-07-31 14:19:00,2011-07-31 14:19:00,6.263199999999999,59,25,0
15439,405,4,1269.05,1,At Risk,1,2010-02-24 12:05:00,2010-10-31 10:38:00,22.264035087719297,572,49,248
15440,55,3,383.68,0,Potential Loyalists,0,2011-05-15 11:30:00,2011-10-16 12:16:00,6.188387096774194,197,50,154
15441,396,3,1254.21,1,At Risk,1,2009-12-09 14:55:00,2010-11-08 15:50:00,22.003684210526316,587,45,334
15442,249,1,594.0,0,Potential Loyalists,1,2011-04-05 12:24:00,2011-04-05 12:24:00,297.0,120,2,0
15443,2,14,5175.93,3,Loyal Customers,0,2010-03-07 12:10:00,2011-12-08 10:40:00,8.012275541795667,2735,408,640
15444,9,2,1418.26,0,Potential Loyalists,0,2011-10-30 16:12:00,2011-11-30 17:37:00,6.476073059360731,764,191,31
15445,264,2,284.5,0,Potential Loyalists,1,2010-04-28 15:00:00,2011-03-20 15:06:00,20.321428571428573,118,12,326
15446,377,3,406.95,1,At Risk,1,2009-12-13 13:53:00,2010-11-28 11:59:00,3.569736842105263,267,90,349
15447,331,5,492.88,1,At Risk,1,2010-03-24 14:40:00,2011-01-13 11:26:00,16.99586206896552,228,27,294
15448,313,2,788.81,1,At Risk,1,2010-02-03 13:29:00,2011-01-31 10:42:00,16.098163265306123,487,49,361
15449,26,3,974.52,0,Potential Loyalists,0,2011-03-23 10:43:00,2011-11-13 15:02:00,16.242,812,47,235
15450,30,1,429.84,0,Potential Loyalists,0,2011-11-09 17:11:00,2011-11-09 17:11:00,14.328,376,30,0
15451,434,2,233.21,1,At Risk,1,2010-04-19 14:08:00,2010-10-01 13:40:00,3.701746031746032,79,56,164
15452,30,6,1799.11,0,Potential Loyalists,0,2010-07-16 14:23:00,2011-11-10 12:13:00,8.906485148514852,1091,158,481
15453,2,7,1388.37,0,Potential Loyalists,0,2011-06-05 12:37:00,2011-12-08 10:59:00,4.854440559440559,845,169,185
15454,362,2,307.69,1,At Risk,1,2010-03-31 13:15:00,2010-12-12 14:21:00,7.504634146341464,148,35,256
15455,598,1,38.25,1,At Risk,1,2010-04-21 12:43:00,2010-04-21 12:43:00,19.125,3,2,0
15456,283,10,2119.27,0,Potential Loyalists,1,2009-12-08 12:54:00,2011-03-01 13:51:00,9.214217391304349,2826,128,448
15457,262,1,237.07,0,Potential Loyalists,1,2011-03-22 15:31:00,2011-03-22 15:31:00,4.087413793103448,132,56,0
15458,25,2,370.44,0,Potential Loyalists,0,2010-11-02 19:50:00,2011-11-14 13:08:00,28.495384615384616,300,13,376
15459,417,2,202.83,1,At Risk,1,2010-07-30 14:31:00,2010-10-18 15:25:00,28.975714285714286,121,6,80
15460,354,1,216.76,1,At Risk,1,2010-12-20 16:08:00,2010-12-20 16:08:00,3.7372413793103445,109,53,0
15461,461,2,429.7,1,At Risk,1,2010-03-18 12:40:00,2010-09-05 12:31:00,214.85,230,1,170
15462,94,4,737.05,0,Potential Loyalists,0,2010-09-20 10:23:00,2011-09-06 13:11:00,17.976829268292683,495,32,351
15463,29,1,126.14,0,Potential Loyalists,0,2011-11-10 12:57:00,2011-11-10 12:57:00,18.02,106,7,0
15464,338,1,1048.85,1,At Risk,1,2011-01-05 15:56:00,2011-01-05 15:56:00,6.680573248407643,350,155,0
15465,20,32,12655.65,2,Champions,0,2009-12-10 09:42:00,2011-11-20 10:11:00,48.12034220532319,2769,94,710
15466,85,4,1571.01,0,Potential Loyalists,0,2009-12-03 12:28:00,2011-09-15 14:08:00,5.928339622641509,944,211,651
15467,9,3,524.88,0,Potential Loyalists,0,2011-07-10 14:42:00,2011-11-30 14:17:00,10.093846153846155,310,41,142
15468,51,3,1430.48,0,Potential Loyalists,0,2010-11-12 09:39:00,2011-10-19 13:49:00,17.881,1400,80,341
15469,50,3,874.25,0,Potential Loyalists,0,2010-09-27 10:09:00,2011-10-20 16:21:00,20.33139534883721,287,38,388
15470,576,1,63.42,1,At Risk,1,2010-05-13 09:35:00,2010-05-13 09:35:00,15.854999999999999,232,4,0
15471,2,3,1316.56,0,Potential Loyalists,0,2010-06-07 12:17:00,2011-12-07 14:12:00,8.126913580246914,683,122,548
15472,113,1,371.56,0,Potential Loyalists,0,2011-08-18 15:17:00,2011-08-18 15:17:00,4.888947368421053,251,76,0
15473,14,8,2046.0,0,Potential Loyalists,0,2010-09-21 09:14:00,2011-11-25 15:15:00,146.14285714285714,776,5,430
15474,596,1,163.1,1,At Risk,1,2010-04-23 11:14:00,2010-04-23 11:14:00,8.155,56,19,0
15475,77,1,454.11,0,Potential Loyalists,0,2011-09-23 15:20:00,2011-09-23 15:20:00,15.65896551724138,319,29,0
15476,380,4,2209.98,1,At Risk,1,2010-09-23 14:00:00,2010-11-24 15:17:00,27.974430379746835,1174,67,62
15477,650,1,368.4,1,At Risk,1,2010-02-28 10:37:00,2010-02-28 10:37:00,184.2,216,2,0
15478,40,3,2024.98,0,Potential Loyalists,0,2010-05-13 18:49:00,2011-10-30 14:19:00,28.520845070422535,904,53,534
15479,733,1,147.4,1,At Risk,1,2009-12-06 15:08:00,2009-12-06 15:08:00,16.37777777777778,38,9,0
15480,116,5,6279.0,0,Potential Loyalists,0,2010-02-01 14:52:00,2011-08-15 14:32:00,29.204651162790697,1852,199,559
15481,401,1,1993.34,1,At Risk,1,2010-11-03 14:52:00,2010-11-03 14:52:00,52.456315789473685,1450,38,0
15482,16,19,14592.56,3,Loyal Customers,0,2009-12-02 16:59:00,2011-11-24 10:46:00,97.93664429530202,6532,74,721
15483,161,10,862.2,0,Potential Loyalists,0,2010-01-24 15:42:00,2011-07-01 13:07:00,2.9731034482758623,944,216,522
15484,1,6,4656.0,0,Potential Loyalists,0,2009-12-05 15:18:00,2011-12-08 15:03:00,19.319502074688796,4076,180,732
15485,30,7,5771.51,3,Loyal Customers,0,2009-12-01 17:31:00,2011-11-09 14:31:00,35.847888198757765,2594,80,707
15486,527,1,102.0,1,At Risk,1,2010-06-30 13:15:00,2010-06-30 13:15:00,102.0,40,1,0
15487,680,1,231.32,1,At Risk,1,2010-01-29 12:07:00,2010-01-29 12:07:00,16.52285714285714,144,14,0
15488,93,5,431.92,0,Potential Loyalists,0,2010-05-05 13:03:00,2011-09-08 10:11:00,39.265454545454546,251,10,490
15489,23,8,2419.61,0,Potential Loyalists,0,2010-01-15 16:58:00,2011-11-17 08:53:00,21.22464912280702,1264,75,670
15490,430,1,217.6,1,At Risk,1,2010-10-05 13:11:00,2010-10-05 13:11:00,7.771428571428571,85,22,0
15491,95,6,3100.09,0,Potential Loyalists,0,2011-04-18 10:04:00,2011-09-05 15:56:00,20.130454545454548,1646,108,140
15492,28,2,659.4599999999999,0,Potential Loyalists,0,2011-09-26 14:02:00,2011-11-11 14:53:00,18.841714285714286,483,32,46
15493,33,9,4314.9800000000005,3,Loyal Customers,0,2010-02-23 11:14:00,2011-11-07 12:04:00,6.63843076923077,1260,289,622
15494,21,5,3780.05,0,Potential Loyalists,0,2009-12-10 20:16:00,2011-11-18 14:51:00,9.973746701846967,3097,307,707
15495,379,1,246.5,1,At Risk,1,2010-11-25 13:46:00,2010-11-25 13:46:00,12.325,194,20,0
15496,631,1,146.14,1,At Risk,1,2010-03-18 13:16:00,2010-03-18 13:16:00,6.642727272727272,98,22,0
15497,18,9,8657.39,3,Loyal Customers,0,2009-12-18 15:08:00,2011-11-22 11:51:00,71.54867768595041,2937,66,703
15498,3,44,26039.58,2,Champions,0,2009-12-16 17:27:00,2011-12-07 12:48:00,26.817281153450054,12622,597,720
15499,724,1,161.6,1,At Risk,1,2009-12-16 12:17:00,2009-12-16 12:17:00,3.8476190476190473,60,40,0
15500,8,4,1131.56,0,Potential Loyalists,0,2011-09-19 13:47:00,2011-12-01 13:47:00,16.640588235294118,572,64,73
15501,405,2,402.5,1,At Risk,1,2010-10-20 12:47:00,2010-10-31 11:15:00,5.75,206,64,10
15502,16,14,13993.47,3,Loyal Customers,0,2010-06-03 11:12:00,2011-11-24 12:48:00,38.76307479224376,5861,231,539
15503,363,2,267.15,1,At Risk,1,2009-12-13 11:34:00,2010-12-12 10:57:00,2.171951219512195,136,112,363
15504,81,4,423.85,0,Potential Loyalists,0,2010-02-12 12:34:00,2011-09-19 13:45:00,6.142753623188407,148,42,584
15505,53,5,3610.96,0,Potential Loyalists,0,2011-07-07 13:33:00,2011-10-18 07:56:00,37.22639175257732,2390,90,102
15506,23,6,2040.03,0,Potential Loyalists,0,2010-08-19 12:38:00,2011-11-17 12:11:00,7.338237410071942,1647,180,454
15507,172,1,492.36,0,Potential Loyalists,0,2011-06-21 11:19:00,2011-06-21 11:19:00,10.703478260869565,162,41,0
15508,189,6,1000.27,0,Potential Loyalists,1,2011-04-18 15:31:00,2011-06-03 15:43:00,10.8725,440,78,46
15509,380,1,166.51,1,At Risk,1,2010-11-24 14:48:00,2010-11-24 14:48:00,5.741724137931034,72,26,0
15510,331,1,250.0,1,At Risk,1,2011-01-13 12:10:00,2011-01-13 12:10:00,250.0,2,1,0
15511,12,5,909.23,0,Potential Loyalists,0,2011-09-15 15:05:00,2011-11-28 09:43:00,5.6826875,271,117,73
15512,156,4,331.58,0,Potential Loyalists,0,2010-02-01 13:23:00,2011-07-07 10:20:00,10.361875,235,29,520
15513,33,35,27750.55,2,Champions,0,2010-01-13 14:59:00,2011-11-06 14:36:00,49.378202846975086,10831,278,661
15514,12,18,6598.55,3,Loyal Customers,0,2009-12-04 16:37:00,2011-11-27 14:40:00,19.4075,4246,171,722
15515,387,1,171.81,1,At Risk,1,2010-11-17 13:39:00,2010-11-17 13:39:00,24.544285714285714,131,7,0
15516,45,3,62.43,0,Potential Loyalists,0,2011-10-24 11:33:00,2011-10-26 10:51:00,4.162,27,15,1
15517,233,1,267.03,0,Potential Loyalists,1,2011-04-20 14:02:00,2011-04-20 14:02:00,9.889999999999999,293,27,0
15518,64,15,4218.94,3,Loyal Customers,0,2009-12-20 12:21:00,2011-10-06 13:05:00,9.272395604395603,2823,250,655
15519,383,2,344.61,1,At Risk,1,2010-09-19 13:57:00,2010-11-21 14:35:00,9.313783783783784,116,34,63
15520,2,1,343.5,0,Potential Loyalists,0,2011-12-08 10:58:00,2011-12-08 10:58:00,19.083333333333332,314,18,0
15521,40,16,7106.69,3,Loyal Customers,0,2010-01-05 10:19:00,2011-10-30 13:42:00,17.54738271604938,4516,186,663
15522,33,2,398.84,0,Potential Loyalists,0,2011-09-13 12:26:00,2011-11-07 11:26:00,6.99719298245614,573,47,54
15523,84,16,17359.99,2,Champions,0,2009-12-02 15:16:00,2011-09-16 16:29:00,81.12144859813085,15873,65,653
15524,25,2,591.4,0,Potential Loyalists,0,2010-04-12 09:19:00,2011-11-15 12:09:00,65.71111111111111,28,9,582
15525,2,4,1295.7,0,Potential Loyalists,0,2010-11-22 12:10:00,2011-12-07 14:43:00,5.0027027027027025,680,152,380
15526,33,2,148.44,0,Potential Loyalists,0,2011-11-06 15:01:00,2011-11-06 15:04:00,37.11,24,4,0
15527,19,23,5575.64,3,Loyal Customers,0,2009-12-15 17:31:00,2011-11-21 12:17:00,16.844833836858008,2222,226,705
15528,254,1,229.33,0,Potential Loyalists,1,2011-03-30 16:14:00,2011-03-30 16:14:00,8.820384615384615,123,26,0
15529,23,12,5111.95,3,Loyal Customers,0,2010-11-10 14:26:00,2011-11-17 11:29:00,6.311049382716049,4488,451,371
15530,22,5,1813.72,0,Potential Loyalists,0,2010-07-15 11:10:00,2011-11-18 12:25:00,12.683356643356644,1340,111,491
15531,8,2,2007.44,0,Potential Loyalists,0,2011-11-09 17:47:00,2011-12-01 18:43:00,8.804561403508773,1105,196,22
15532,25,10,3771.9,3,Loyal Customers,0,2010-06-08 14:52:00,2011-11-14 14:51:00,6.015789473684211,1349,417,523
15533,19,3,807.57,0,Potential Loyalists,0,2011-09-11 15:41:00,2011-11-20 15:35:00,9.729759036144578,289,73,69
15534,726,1,162.25,1,At Risk,1,2009-12-14 12:48:00,2009-12-14 12:48:00,20.28125,63,8,0
15535,173,6,1087.82,0,Potential Loyalists,0,2010-09-16 20:04:00,2011-06-19 16:02:00,8.118059701492538,323,88,275
15536,409,1,259.09,1,At Risk,1,2010-10-26 16:31:00,2010-10-26 16:31:00,16.193125,242,16,0
15537,163,1,110.92,0,Potential Loyalists,0,2011-06-29 13:10:00,2011-06-29 13:10:00,4.621666666666667,29,24,0
15538,538,6,3358.4,1,At Risk,1,2010-02-14 12:38:00,2010-06-20 10:49:00,239.8857142857143,1016,3,125
15539,7,1,538.46,0,Potential Loyalists,0,2011-12-02 13:36:00,2011-12-02 13:36:00,13.133170731707319,410,41,0
15540,11,2,460.68,0,Potential Loyalists,0,2010-11-29 11:10:00,2011-11-28 13:51:00,14.860645161290323,444,31,364
15541,114,1,85.13000000000001,0,Potential Loyalists,0,2011-08-17 14:58:00,2011-08-17 14:58:00,2.9355172413793107,49,29,0
15542,512,3,918.45,1,At Risk,1,2009-12-02 11:53:00,2010-07-15 13:32:00,3.6446428571428573,469,212,225
15543,288,2,242.84,1,At Risk,1,2010-09-06 11:28:00,2011-02-24 15:26:00,4.186896551724138,169,50,171
15544,9,20,8162.43,3,Loyal Customers,0,2010-01-28 14:39:00,2011-11-30 16:43:00,14.65427289048474,7019,175,671
15545,54,2,428.05,0,Potential Loyalists,0,2010-12-03 17:28:00,2011-10-16 13:24:00,3.821875,238,78,316
15546,607,2,1079.1,1,At Risk,1,2010-04-12 11:45:00,2010-04-12 11:51:00,89.92500000000001,198,6,0
15547,7,26,10154.39,3,Loyal Customers,0,2009-12-06 13:40:00,2011-12-02 12:52:00,7.477459499263623,7362,652,725
15548,596,1,158.09,1,At Risk,1,2010-04-23 12:20:00,2010-04-23 12:20:00,6.8734782608695655,64,23,0
15549,77,8,2345.96,0,Potential Loyalists,0,2010-01-11 13:16:00,2011-09-23 16:22:00,14.481234567901234,940,139,620
15550,4,12,2218.8,3,Loyal Customers,0,2009-12-03 15:15:00,2011-12-05 15:38:00,9.245000000000001,1144,166,732
15551,37,7,1710.08,0,Potential Loyalists,0,2010-06-07 15:05:00,2011-11-03 12:37:00,11.325033112582782,814,117,513
15552,217,2,252.52,0,Potential Loyalists,1,2010-03-26 16:17:00,2011-05-06 14:47:00,8.417333333333334,166,29,405
15553,60,1,437.23,0,Potential Loyalists,0,2011-10-10 14:02:00,2011-10-10 14:02:00,7.807678571428572,451,51,0
15554,278,1,217.2,1,At Risk,1,2011-03-07 09:00:00,2011-03-07 09:00:00,15.514285714285714,74,14,0
15555,12,36,12112.35,2,Champions,0,2009-12-06 11:58:00,2011-11-27 16:19:00,7.2054431885782275,9037,667,721
15556,24,1,279.77,0,Potential Loyalists,0,2011-11-15 16:08:00,2011-11-15 16:08:00,9.024838709677418,236,31,0
15557,29,1,473.65,0,Potential Loyalists,0,2011-11-11 12:46:00,2011-11-11 12:46:00,23.6825,219,16,0
15558,639,1,214.13,1,At Risk,1,2010-03-10 15:25:00,2010-03-10 15:25:00,8.565199999999999,86,23,0
15559,568,1,1109.4,1,At Risk,1,2010-05-20 14:06:00,2010-05-20 14:06:00,17.893548387096775,526,62,0
15560,398,2,153.52,1,At Risk,1,2010-11-07 10:14:00,2010-11-07 10:15:00,15.352,72,10,0
15561,12,8,1934.39,0,Potential Loyalists,0,2010-02-14 12:22:00,2011-11-28 11:07:00,21.025978260869564,1334,65,651
15562,352,3,673.3800000000001,1,At Risk,1,2009-12-13 15:17:00,2010-12-23 09:55:00,19.805294117647062,561,32,374
15563,22,7,2867.0,0,Potential Loyalists,0,2010-01-28 11:36:00,2011-11-17 14:50:00,11.069498069498069,3019,179,658
15564,463,2,70.74000000000001,1,At Risk,1,2010-02-01 15:58:00,2010-09-02 15:52:00,17.685000000000002,42,4,212
15565,50,2,173.16,0,Potential Loyalists,0,2011-09-30 10:44:00,2011-10-20 14:33:00,21.645000000000003,60,8,20
15566,393,2,227.87,1,At Risk,1,2009-12-15 14:53:00,2010-11-12 12:11:00,18.989166666666666,153,9,331
15567,19,1,186.01,0,Potential Loyalists,0,2011-11-21 10:48:00,2011-11-21 10:48:00,26.572857142857142,223,7,0
15568,3,3,758.29,0,Potential Loyalists,0,2011-09-27 14:37:00,2011-12-07 11:27:00,14.307358490566036,461,27,70
15569,104,10,3586.35,3,Loyal Customers,0,2010-02-28 10:55:00,2011-08-28 10:15:00,25.255985915492957,1736,123,545
15570,7,25,9311.04,3,Loyal Customers,0,2010-03-28 14:04:00,2011-12-02 14:47:00,11.84610687022901,4279,442,614
15571,12,14,4051.63,3,Loyal Customers,0,2009-12-06 12:10:00,2011-11-28 10:02:00,6.380519685039371,2506,442,721
15572,5,10,4068.67,3,Loyal Customers,0,2010-04-14 14:38:00,2011-12-05 10:09:00,11.428848314606741,2148,259,599
15573,32,5,1207.18,0,Potential Loyalists,0,2009-12-10 14:19:00,2011-11-08 11:38:00,5.487181818181819,780,181,697
15574,178,6,1518.7,0,Potential Loyalists,0,2010-09-01 14:37:00,2011-06-15 12:01:00,4.071581769436998,949,191,286
15575,620,1,30.1,1,At Risk,1,2010-03-30 12:50:00,2010-03-30 12:50:00,10.033333333333333,6,3,0
15576,38,1,940.67,0,Potential Loyalists,0,2011-11-02 12:03:00,2011-11-02 12:03:00,20.903777777777776,404,43,0
15577,151,5,397.98,0,Potential Loyalists,0,2009-12-13 16:17:00,2011-07-11 17:03:00,6.633,121,58,575
15578,162,1,127.1,0,Potential Loyalists,0,2011-06-30 13:03:00,2011-06-30 13:03:00,9.776923076923076,52,13,0
15579,69,5,1302.5,0,Potential Loyalists,0,2010-10-03 14:37:00,2011-10-02 12:45:00,7.616959064327485,723,140,363
15580,377,8,1381.19,1,At Risk,1,2010-02-07 11:21:00,2010-11-28 11:00:00,6.031397379912664,959,150,293
15581,121,38,7794.59,2,Champions,0,2009-12-02 12:19:00,2011-08-11 09:38:00,10.871115760111577,3146,542,616
15582,25,3,682.9100000000001,0,Potential Loyalists,0,2011-05-03 13:36:00,2011-11-15 09:55:00,15.52068181818182,453,39,195
15583,376,1,107.86,1,At Risk,1,2010-11-28 15:04:00,2010-11-28 15:04:00,2.344782608695652,63,37,0
15584,24,6,1277.5,0,Potential Loyalists,0,2010-02-07 12:16:00,2011-11-16 10:55:00,5.703125,487,174,646
15585,177,1,455.3,0,Potential Loyalists,0,2011-06-16 08:38:00,2011-06-16 08:38:00,14.687096774193549,320,31,0
15586,593,3,1139.1,1,At Risk,1,2010-01-08 10:02:00,2010-04-26 11:00:00,29.976315789473688,1338,30,108
15587,50,7,1522.0800000000002,0,Potential Loyalists,0,2010-08-05 08:44:00,2011-10-20 13:37:00,108.72,528,3,441
15588,678,1,579.6,1,At Risk,1,2010-01-31 12:19:00,2010-01-31 12:19:00,144.9,96,4,0
15589,256,3,478.53,0,Potential Loyalists,1,2011-02-02 10:46:00,2011-03-29 09:54:00,16.50103448275862,243,28,54
15590,382,5,1496.6,1,At Risk,1,2010-04-12 10:09:00,2010-11-22 14:49:00,17.20229885057471,832,75,224
15591,583,3,217.9,1,At Risk,1,2010-02-04 09:20:00,2010-05-06 09:23:00,31.12857142857143,58,6,91
15592,47,1,388.58,0,Potential Loyalists,0,2011-10-24 08:59:00,2011-10-24 08:59:00,16.190833333333334,354,24,0
15593,71,1,199.8,0,Potential Loyalists,0,2011-09-30 11:46:00,2011-09-30 11:46:00,39.96,60,5,0
15594,16,5,1771.78,0,Potential Loyalists,0,2011-04-19 10:08:00,2011-11-24 08:53:00,17.201747572815535,983,85,218
15595,488,1,357.6,1,At Risk,1,2010-08-09 12:27:00,2010-08-09 12:27:00,89.39999999999999,144,4,0
15596,101,9,3130.04,0,Potential Loyalists,0,2010-07-28 11:46:00,2011-08-31 10:55:00,17.784318181818183,1376,82,398
15597,35,2,563.37,0,Potential Loyalists,0,2010-05-13 13:10:00,2011-11-04 13:26:00,15.226216216216216,393,35,540
15598,53,2,548.02,0,Potential Loyalists,0,2010-10-08 09:20:00,2011-10-17 16:04:00,15.222777777777777,404,32,374
15599,27,3,1250.06,0,Potential Loyalists,0,2010-09-20 10:15:00,2011-11-13 11:44:00,15.060963855421686,1098,77,419
15600,428,4,1199.31,1,At Risk,1,2010-04-25 11:50:00,2010-10-07 14:30:00,16.89169014084507,657,55,165
15601,11,30,14960.12,2,Champions,0,2009-12-01 14:53:00,2011-11-28 15:15:00,17.156100917431193,11061,310,727
15602,8,16,3230.51,3,Loyal Customers,0,2009-12-02 09:35:00,2011-12-01 14:14:00,25.238359375,2349,62,729
15603,79,2,88.48,0,Potential Loyalists,0,2010-03-01 16:02:00,2011-09-22 10:04:00,22.12,128,4,569
15604,52,1,216.39,0,Potential Loyalists,0,2011-10-18 14:47:00,2011-10-18 14:47:00,12.728823529411766,159,17,0
15605,36,9,1936.8,0,Potential Loyalists,0,2010-01-14 14:03:00,2011-11-03 14:17:00,17.44864864864865,712,80,658
15606,61,17,5230.99,3,Loyal Customers,0,2010-03-02 14:48:00,2011-10-09 15:47:00,36.07579310344828,1615,84,586
15607,337,9,1708.97,1,At Risk,1,2010-01-08 12:16:00,2011-01-07 12:44:00,15.67862385321101,1470,95,364
15608,28,5,1785.98,0,Potential Loyalists,0,2010-10-20 10:10:00,2011-11-11 13:20:00,17.009333333333334,1262,93,387
15609,184,1,298.48,0,Potential Loyalists,1,2011-06-08 13:00:00,2011-06-08 13:00:00,18.655,148,16,0
15610,52,1,112.46,0,Potential Loyalists,0,2011-10-19 10:36:00,2011-10-19 10:36:00,18.743333333333336,66,6,0
15611,10,26,2997.28,3,Loyal Customers,0,2010-01-25 14:50:00,2011-11-30 12:36:00,31.88595744680851,747,43,673
15612,36,2,195.15,0,Potential Loyalists,0,2011-10-09 12:49:00,2011-11-03 14:52:00,32.525,52,4,25
15613,610,1,433.72,1,At Risk,1,2010-04-08 12:51:00,2010-04-08 12:51:00,16.063703703703702,700,27,0
15614,438,4,3147.36,1,At Risk,1,2010-03-23 11:13:00,2010-09-28 10:46:00,38.8562962962963,1632,73,188
15615,10,46,21373.97,2,Champions,0,2009-12-02 15:28:00,2011-11-29 14:42:00,23.72249722530522,12090,292,726
15616,438,1,317.11,1,At Risk,1,2010-09-27 13:10:00,2010-09-27 13:10:00,24.393076923076926,137,13,0
15617,396,3,828.5500000000001,1,At Risk,1,2010-07-20 13:16:00,2010-11-08 16:07:00,19.727380952380955,485,41,111
15618,33,4,776.851,0,Potential Loyalists,0,2011-07-26 10:13:00,2011-11-07 08:34:00,17.263355555555556,454,39,103
15619,11,1,336.40000000000003,0,Potential Loyalists,0,2011-11-29 08:14:00,2011-11-29 08:14:00,112.13333333333333,136,3,0
15620,57,4,1942.36,0,Potential Loyalists,0,2010-10-26 11:32:00,2011-10-14 12:41:00,15.05705426356589,1249,114,353
15621,4,4,1293.03,0,Potential Loyalists,0,2011-11-18 11:49:00,2011-12-05 14:01:00,80.814375,501,11,17
15622,43,17,7852.61,3,Loyal Customers,0,2010-03-04 10:29:00,2011-10-27 16:44:00,18.43335680751174,4091,331,602
15623,141,8,2437.05,0,Potential Loyalists,0,2009-12-10 14:46:00,2011-07-21 17:26:00,22.56527777777778,1087,91,588
15624,117,4,588.13,0,Potential Loyalists,0,2011-03-28 13:32:00,2011-08-15 11:38:00,17.297941176470587,357,26,139
15625,104,9,3236.4,0,Potential Loyalists,0,2010-06-15 15:23:00,2011-08-28 10:21:00,18.926315789473684,3020,106,438
15626,75,3,1067.52,0,Potential Loyalists,0,2010-10-14 17:16:00,2011-09-26 10:03:00,13.344,1138,73,346
15627,457,2,566.9,1,At Risk,1,2010-07-05 11:56:00,2010-09-08 14:14:00,23.620833333333334,344,23,65
15628,5,17,5652.26,3,Loyal Customers,0,2009-12-13 13:39:00,2011-12-05 10:24:00,17.77440251572327,3819,136,721
15629,450,4,2240.9,1,At Risk,1,2010-06-25 11:39:00,2010-09-15 13:46:00,29.102597402597404,1518,39,82
15630,45,3,1481.4,0,Potential Loyalists,0,2010-03-05 14:30:00,2011-10-25 15:36:00,18.517500000000002,987,76,599
15631,642,1,596.67,1,At Risk,1,2010-03-07 14:52:00,2010-03-07 14:52:00,15.299230769230768,525,39,0
15632,16,8,3285.31,0,Potential Loyalists,0,2011-03-10 08:29:00,2011-11-24 09:51:00,19.67251497005988,2109,107,259
15633,509,13,4352.46,1,At Risk,1,2009-12-08 17:51:00,2010-07-18 13:54:00,24.590169491525423,2058,77,221
15634,17,2,554.65,0,Potential Loyalists,0,2010-11-21 15:30:00,2011-11-22 16:28:00,16.313235294117646,227,34,366
15635,396,1,100.35,1,At Risk,1,2010-11-09 08:58:00,2010-11-09 08:58:00,50.175,5,2,0
15636,90,4,1444.58,0,Potential Loyalists,0,2010-05-19 11:37:00,2011-09-11 11:17:00,25.343508771929823,560,39,479
15637,53,5,797.59,0,Potential Loyalists,0,2009-12-15 17:54:00,2011-10-18 08:28:00,19.45341463414634,651,37,671
15638,379,6,2265.2,1,At Risk,1,2010-04-08 14:37:00,2010-11-26 11:52:00,90.60799999999999,1134,20,231
15639,134,3,1065.08,0,Potential Loyalists,0,2010-04-13 13:11:00,2011-07-28 14:30:00,15.435942028985506,849,61,471
15640,4,29,23957.58,2,Champions,0,2009-12-14 16:36:00,2011-12-05 14:35:00,31.31709803921569,12390,303,720
15641,105,12,5345.55,3,Loyal Customers,0,2009-12-06 15:31:00,2011-08-26 14:04:00,17.188263665594857,4422,249,627
15642,730,1,105.78000000000002,1,At Risk,1,2009-12-10 11:51:00,2009-12-10 11:51:00,17.63,270,6,0
15643,192,3,664.0,0,Potential Loyalists,1,2011-03-02 14:34:00,2011-06-01 07:38:00,20.12121212121212,246,31,90
15644,166,4,813.0,0,Potential Loyalists,0,2011-03-23 15:37:00,2011-06-26 14:54:00,3.4159663865546217,557,166,94
15645,19,3,1055.17,0,Potential Loyalists,0,2010-10-10 12:51:00,2011-11-21 11:55:00,15.517205882352942,396,59,406
15646,158,5,974.61,0,Potential Loyalists,0,2010-10-25 13:06:00,2011-07-05 09:53:00,11.466,1051,65,252
15647,415,1,169.0,1,At Risk,1,2010-10-20 15:09:00,2010-10-20 15:09:00,15.363636363636363,124,11,0
15648,204,2,657.35,0,Potential Loyalists,1,2011-03-17 18:59:00,2011-05-19 15:53:00,26.294,221,23,62
15649,336,4,2170.35,1,At Risk,1,2010-11-17 16:22:00,2011-01-07 13:34:00,180.86249999999998,485,8,50
15650,522,2,553.88,1,At Risk,1,2010-03-21 11:46:00,2010-07-06 10:41:00,15.385555555555555,210,33,106
15651,37,5,1259.06,0,Potential Loyalists,0,2010-04-22 13:26:00,2011-11-03 08:41:00,20.984333333333332,871,52,559
15652,91,5,1420.34,0,Potential Loyalists,0,2010-08-11 16:58:00,2011-09-09 14:22:00,13.657115384615384,659,93,393
15653,93,2,877.4399999999999,0,Potential Loyalists,0,2011-08-16 09:50:00,2011-09-08 10:49:00,146.24,1200,4,23
15654,9,2,922.53,0,Potential Loyalists,0,2011-11-13 15:15:00,2011-11-30 13:08:00,43.93,475,15,16
15655,243,1,560.67,0,Potential Loyalists,1,2011-04-10 15:25:00,2011-04-10 15:25:00,16.49029411764706,324,34,0
15656,45,4,748.5,0,Potential Loyalists,0,2011-02-28 15:32:00,2011-10-25 14:56:00,15.925531914893616,343,46,238
15657,23,1,30.0,0,Potential Loyalists,0,2011-11-17 12:19:00,2011-11-17 12:19:00,30.0,24,1,0
15658,190,8,2423.4700000000003,0,Potential Loyalists,1,2009-12-03 11:19:00,2011-06-02 15:22:00,20.891982758620692,691,79,546
15659,44,3,532.49,0,Potential Loyalists,0,2010-02-24 13:32:00,2011-10-27 09:23:00,25.356666666666666,161,14,609
15660,25,15,2812.99,3,Loyal Customers,0,2010-02-05 16:01:00,2011-11-14 16:58:00,17.47198757763975,1893,73,647
15661,317,8,1215.95,1,At Risk,1,2010-05-10 07:59:00,2011-01-26 13:56:00,27.635227272727274,779,27,261
15662,661,2,283.73,1,At Risk,1,2009-12-01 13:49:00,2010-02-16 16:47:00,23.644166666666667,145,12,77
15663,106,1,138.14,0,Potential Loyalists,0,2011-08-25 15:50:00,2011-08-25 15:50:00,15.348888888888887,106,9,0
15664,51,4,1254.03,0,Potential Loyalists,0,2010-02-28 12:50:00,2011-10-20 10:57:00,17.914714285714286,530,54,598
15665,168,5,4015.12,0,Potential Loyalists,0,2010-03-14 15:07:00,2011-06-24 14:57:00,13.941388888888888,2794,163,466
15666,472,2,632.9399999999999,1,At Risk,1,2010-08-01 15:41:00,2010-08-24 16:14:00,9.446865671641792,469,62,23
15667,40,1,301.32,0,Potential Loyalists,0,2011-10-31 10:56:00,2011-10-31 10:56:00,23.17846153846154,240,13,0
15668,218,1,76.32000000000001,0,Potential Loyalists,1,2011-05-06 10:39:00,2011-05-06 10:39:00,76.32000000000001,72,1,0
15669,40,4,684.34,0,Potential Loyalists,0,2011-03-21 09:13:00,2011-10-30 16:03:00,20.737575757575758,342,31,223
15670,297,2,325.2,1,At Risk,1,2010-06-01 15:34:00,2011-02-16 10:50:00,17.11578947368421,132,19,259
15671,19,7,2657.13,0,Potential Loyalists,0,2011-03-14 09:37:00,2011-11-21 12:43:00,34.065769230769234,1699,52,252
15672,725,1,45.3,1,At Risk,1,2009-12-14 16:52:00,2009-12-14 16:52:00,15.100000000000001,10,3,0
15673,88,9,6414.79,3,Loyal Customers,0,2010-02-22 14:28:00,2011-09-12 16:12:00,22.351184668989546,3361,177,567
15674,73,13,6948.2300000000005,3,Loyal Customers,0,2009-12-08 17:08:00,2011-09-27 15:17:00,19.795527065527068,3648,262,657
15675,81,4,542.04,0,Potential Loyalists,0,2010-10-31 14:14:00,2011-09-19 13:48:00,15.486857142857142,624,32,322
15676,19,3,3435.76,0,Potential Loyalists,0,2011-03-01 10:19:00,2011-11-21 12:40:00,17.00871287128713,2252,191,265
15677,49,3,1305.63,0,Potential Loyalists,0,2010-09-02 12:08:00,2011-10-21 15:36:00,18.13375,675,63,414
15678,53,3,1893.89,0,Potential Loyalists,0,2010-07-05 12:49:00,2011-10-18 09:25:00,19.524639175257732,1067,77,469
15679,24,4,781.28,0,Potential Loyalists,0,2011-06-10 08:24:00,2011-11-15 16:19:00,7.102545454545455,1170,98,158
15680,9,10,4507.58,3,Loyal Customers,0,2009-12-02 12:15:00,2011-11-30 13:46:00,16.94578947368421,3074,155,728
15681,25,14,2989.7,3,Loyal Customers,0,2010-05-24 14:18:00,2011-11-14 16:30:00,33.97386363636364,1392,48,539
15682,599,2,318.24,1,At Risk,1,2010-01-21 14:37:00,2010-04-19 15:30:00,12.7296,222,25,88
15683,117,2,524.54,0,Potential Loyalists,0,2010-08-23 12:01:00,2011-08-14 12:56:00,20.174615384615382,332,25,356
15684,547,3,173.95,1,At Risk,1,2009-12-04 16:13:00,2010-06-10 18:51:00,15.813636363636363,77,9,188
15685,450,1,55.98,1,At Risk,1,2010-09-15 13:43:00,2010-09-15 13:43:00,3.2929411764705883,36,17,0
15686,420,1,90.0,1,At Risk,1,2010-10-15 13:50:00,2010-10-15 13:50:00,90.0,72,1,0
15687,9,9,2993.1,0,Potential Loyalists,0,2011-01-13 15:13:00,2011-12-01 08:33:00,18.030722891566263,1310,119,321
15688,419,1,190.57,1,At Risk,1,2010-10-17 12:06:00,2010-10-17 12:06:00,7.058148148148148,95,26,0
15689,120,3,521.03,0,Potential Loyalists,0,2010-04-01 09:53:00,2011-08-12 09:37:00,21.70958333333333,207,20,497
15690,4,2,239.76,0,Potential Loyalists,0,2011-08-31 11:40:00,2011-12-05 15:59:00,12.618947368421052,408,19,96
15691,252,4,571.3,0,Potential Loyalists,1,2009-12-06 16:01:00,2011-04-01 15:13:00,40.80714285714286,212,12,480
15692,28,1,191.04,0,Potential Loyalists,0,2011-11-11 14:12:00,2011-11-11 14:12:00,15.92,138,12,0
15693,659,1,37.5,1,At Risk,1,2010-02-18 14:37:00,2010-02-18 14:37:00,37.5,30,1,0
15694,1,24,10810.81,3,Loyal Customers,0,2009-12-07 15:43:00,2011-12-09 09:44:00,69.74716129032258,2658,55,731
15695,267,4,1131.04,0,Potential Loyalists,1,2010-01-27 10:56:00,2011-03-18 08:32:00,19.170169491525424,484,55,414
15696,33,13,3906.57,3,Loyal Customers,0,2010-01-24 14:36:00,2011-11-06 14:02:00,17.440044642857142,1399,163,650
15697,690,1,246.75,1,At Risk,1,2010-01-19 09:10:00,2010-01-19 09:10:00,17.625,127,14,0
15698,624,1,46.2,1,At Risk,1,2010-03-25 17:38:00,2010-03-25 17:38:00,23.1,60,2,0
15699,18,1,309.65,0,Potential Loyalists,0,2011-11-22 08:26:00,2011-11-22 08:26:00,17.202777777777776,113,18,0
15700,172,2,696.68,0,Potential Loyalists,0,2011-06-19 15:36:00,2011-06-20 16:53:00,8.10093023255814,357,85,1
15701,2,4,1542.14,0,Potential Loyalists,0,2011-08-21 12:36:00,2011-12-07 14:39:00,6.506919831223629,923,193,108
15702,476,2,140.39,1,At Risk,1,2010-01-26 17:23:00,2010-08-20 14:50:00,4.679666666666666,103,30,205
15703,265,1,211.5,0,Potential Loyalists,1,2011-03-20 10:51:00,2011-03-20 10:51:00,42.3,66,5,0
15704,140,6,3817.96,0,Potential Loyalists,0,2010-05-05 14:51:00,2011-07-22 13:35:00,18.44425120772947,1723,129,442
15705,201,1,143.1,0,Potential Loyalists,1,2011-05-22 15:37:00,2011-05-22 15:37:00,23.849999999999998,62,6,0
15706,64,4,1060.56,0,Potential Loyalists,0,2011-08-15 14:32:00,2011-10-07 10:09:00,19.28290909090909,321,50,52
15707,35,4,945.58,0,Potential Loyalists,0,2011-09-14 14:19:00,2011-11-04 14:35:00,4.418598130841121,605,126,51
15708,41,9,4378.72,3,Loyal Customers,0,2010-10-10 11:33:00,2011-10-30 10:54:00,11.085367088607596,1675,135,384
15709,284,2,327.85,1,At Risk,1,2010-04-29 18:31:00,2011-03-01 10:38:00,12.142592592592594,169,26,305
15710,417,1,898.87,1,At Risk,1,2010-10-18 17:05:00,2010-10-18 17:05:00,8.171545454545454,641,110,0
15711,557,2,420.25,1,At Risk,1,2010-01-24 12:13:00,2010-06-01 12:14:00,16.81,199,25,128
15712,9,12,3472.4100000000003,3,Loyal Customers,0,2009-12-01 11:17:00,2011-11-30 14:09:00,20.91813253012048,1277,86,729
15713,143,4,1010.79,0,Potential Loyalists,0,2009-12-16 09:41:00,2011-07-19 13:34:00,16.57032786885246,510,48,580
15714,12,5,784.8100000000001,0,Potential Loyalists,0,2010-06-02 12:08:00,2011-11-28 11:26:00,16.0165306122449,362,45,543
15715,556,5,658.02,1,At Risk,1,2010-03-30 12:17:00,2010-06-02 09:56:00,17.316315789473684,246,33,63
15716,146,11,3056.81,3,Loyal Customers,0,2009-12-07 12:42:00,2011-07-17 11:59:00,9.376717791411043,1821,188,586
15717,234,5,607.0,0,Potential Loyalists,1,2010-04-26 10:41:00,2011-04-19 13:21:00,25.291666666666668,224,17,358
15718,540,1,293.79,1,At Risk,1,2010-06-17 16:20:00,2010-06-17 16:20:00,16.32166666666667,95,18,0
15719,33,31,10223.06,3,Loyal Customers,0,2009-12-01 12:47:00,2011-11-07 12:29:00,5.74329213483146,5368,449,705
15720,24,2,741.92,0,Potential Loyalists,0,2010-06-07 15:40:00,2011-11-15 14:48:00,4.7865806451612904,329,152,525
15721,12,1,507.08,0,Potential Loyalists,0,2011-11-28 12:14:00,2011-11-28 12:14:00,5.572307692307692,409,80,0
15722,36,11,5258.1,3,Loyal Customers,0,2010-03-09 15:05:00,2011-11-04 11:43:00,29.050276243093926,2283,91,604
15723,365,4,947.65,1,At Risk,1,2010-05-14 12:55:00,2010-12-10 11:12:00,7.346124031007752,444,108,209
15724,201,3,310.85,0,Potential Loyalists,1,2010-11-04 10:22:00,2011-05-22 14:40:00,18.28529411764706,117,17,199
15725,15,1,415.25,0,Potential Loyalists,0,2011-11-24 14:51:00,2011-11-24 14:51:00,12.9765625,221,32,0
15726,390,1,321.91,1,At Risk,1,2010-11-14 16:12:00,2010-11-14 16:12:00,13.99608695652174,123,23,0
15727,17,15,9445.51,3,Loyal Customers,0,2010-01-24 12:12:00,2011-11-23 12:36:00,13.610244956772334,5942,426,668
15728,380,2,544.6,1,At Risk,1,2010-09-21 14:46:00,2010-11-25 10:39:00,45.38333333333333,132,10,64
15729,213,3,192.55,0,Potential Loyalists,1,2010-11-01 13:44:00,2011-05-11 12:36:00,17.504545454545454,47,10,190
15730,66,5,1726.58,0,Potential Loyalists,0,2010-10-04 14:15:00,2011-10-05 12:31:00,15.554774774774774,1061,102,365
15731,554,1,125.3,1,At Risk,1,2010-06-04 10:10:00,2010-06-04 10:10:00,15.6625,122,8,0
15732,212,10,1682.07,0,Potential Loyalists,1,2010-02-04 10:10:00,2011-05-11 14:24:00,16.17375,1361,53,461
15733,283,1,162.3,1,At Risk,1,2011-03-02 09:05:00,2011-03-02 09:05:00,16.23,62,10,0
15734,115,4,2263.3,0,Potential Loyalists,0,2010-06-10 14:25:00,2011-08-17 10:50:00,52.63488372093024,516,36,432
15735,421,1,327.68,1,At Risk,1,2010-10-14 13:38:00,2010-10-14 13:38:00,17.246315789473684,206,19,0
15736,435,2,1815.72,1,At Risk,1,2010-09-30 14:19:00,2010-09-30 14:20:00,17.62834951456311,1268,95,0
15737,15,8,1205.12,0,Potential Loyalists,0,2011-04-11 10:01:00,2011-11-25 11:21:00,16.73777777777778,599,60,228
15738,19,41,13372.97,2,Champions,0,2009-12-10 15:52:00,2011-11-21 08:26:00,26.96163306451613,9285,70,710
15739,66,1,449.12,0,Potential Loyalists,0,2011-10-04 13:42:00,2011-10-04 13:42:00,56.14,472,8,0
15740,49,1,154.88,0,Potential Loyalists,0,2011-10-21 14:29:00,2011-10-21 14:29:00,17.20888888888889,152,9,0
15741,458,2,208.62,1,At Risk,1,2010-03-31 11:55:00,2010-09-07 16:21:00,17.385,70,11,160
15742,619,1,156.87,1,At Risk,1,2010-03-30 15:25:00,2010-03-30 15:25:00,3.82609756097561,51,41,0
15743,16,4,784.46,0,Potential Loyalists,0,2011-06-08 10:14:00,2011-11-23 17:19:00,8.914318181818182,216,59,168
15744,78,1,34.8,0,Potential Loyalists,0,2011-09-23 09:52:00,2011-09-23 09:52:00,11.6,120,3,0
15745,19,4,1094.59,0,Potential Loyalists,0,2011-04-17 13:04:00,2011-11-20 13:45:00,17.65467741935484,421,57,217
15746,134,1,196.88,0,Potential Loyalists,0,2011-07-28 15:21:00,2011-07-28 15:21:00,7.031428571428571,178,28,0
15747,13,9,2562.61,0,Potential Loyalists,0,2010-01-18 11:21:00,2011-11-27 12:26:00,11.648227272727274,1370,116,678
15748,40,3,614.7600000000001,0,Potential Loyalists,0,2010-09-16 16:52:00,2011-10-30 12:51:00,16.615135135135134,262,34,408
15749,235,3,29730.420199999626,2,Champions,1,2011-01-11 12:55:00,2011-04-18 13:20:00,4453.43,18028,5,97
15750,3,18,6797.191,3,Loyal Customers,0,2009-12-01 17:19:00,2011-12-07 12:34:00,10.457216923076922,4593,389,735
15751,461,11,1380.44,1,At Risk,1,2009-12-06 13:08:00,2010-09-05 12:44:00,10.618769230769232,443,90,272
15752,40,9,4207.54,3,Loyal Customers,0,2010-09-08 11:56:00,2011-10-31 11:37:00,6.897606557377049,2967,359,417
15753,305,1,79.2,1,At Risk,1,2011-02-08 12:41:00,2011-02-08 12:41:00,79.2,144,1,0
15754,51,9,3037.61,0,Potential Loyalists,0,2010-02-22 13:31:00,2011-10-19 14:40:00,23.187862595419848,1762,114,604
15755,10,17,5993.12,3,Loyal Customers,0,2009-12-04 08:24:00,2011-11-29 14:57:00,16.153962264150945,4034,281,725
15756,61,4,532.96,0,Potential Loyalists,0,2011-04-04 14:00:00,2011-10-09 13:30:00,2.7758333333333334,242,160,187
15757,66,6,2940.36,0,Potential Loyalists,0,2010-06-10 13:47:00,2011-10-05 12:14:00,15.235025906735752,1757,162,481
15758,25,1,205.25,0,Potential Loyalists,0,2011-11-15 10:48:00,2011-11-15 10:48:00,22.805555555555557,47,9,0
15759,218,7,830.9300000000001,0,Potential Loyalists,1,2009-12-02 10:08:00,2011-05-05 15:13:00,48.87823529411765,523,10,519
15760,631,2,13916.34,1,At Risk,1,2010-03-19 11:35:00,2010-03-19 11:45:00,6958.17,2,1,0
15761,443,1,143.05,1,At Risk,1,2010-09-23 09:33:00,2010-09-23 09:33:00,28.610000000000003,31,5,0
15762,65,2,583.75,0,Potential Loyalists,0,2011-09-23 15:17:00,2011-10-05 16:15:00,15.777027027027026,251,37,12
15763,32,2,1086.92,0,Potential Loyalists,0,2011-09-23 12:10:00,2011-11-08 09:44:00,17.818360655737706,271,58,45
15764,88,8,4503.08,0,Potential Loyalists,0,2010-08-18 13:58:00,2011-09-12 17:58:00,18.08465863453815,2945,187,390
15765,667,1,370.63,1,At Risk,1,2010-02-11 10:25:00,2010-02-11 10:25:00,14.8252,335,25,0
15766,64,3,831.06,0,Potential Loyalists,0,2010-01-26 15:55:00,2011-10-06 17:03:00,31.963846153846156,334,21,618
15768,116,34,15601.09,2,Champions,0,2009-12-03 12:10:00,2011-08-16 10:48:00,12.601849757673667,4259,437,620
15769,7,46,29730.420199999626,2,Champions,0,2009-12-11 09:58:00,2011-12-02 13:52:00,396.0014285714286,49104,26,721
15770,613,1,321.45,1,At Risk,1,2010-04-06 11:47:00,2010-04-06 11:47:00,17.858333333333334,67,18,0
15771,604,3,1006.54,1,At Risk,1,2010-01-15 12:14:00,2010-04-14 13:56:00,35.94785714285714,512,26,89
15772,418,1,280.88,1,At Risk,1,2010-10-17 13:33:00,2010-10-17 13:33:00,17.555,110,16,0
15773,6,2,774.52,0,Potential Loyalists,0,2010-10-26 15:27:00,2011-12-04 12:48:00,16.479148936170212,410,46,403
15774,69,6,1329.94,0,Potential Loyalists,0,2010-02-21 12:57:00,2011-10-02 12:04:00,11.769380530973452,473,88,587
15775,245,2,150.5,0,Potential Loyalists,1,2010-03-18 07:32:00,2011-04-08 12:56:00,16.72222222222222,260,9,386
15776,133,1,241.62,0,Potential Loyalists,0,2011-07-29 13:46:00,2011-07-29 13:46:00,13.423333333333334,138,18,0
15777,241,7,1762.61,0,Potential Loyalists,1,2010-05-20 10:37:00,2011-04-12 16:43:00,45.195128205128206,599,29,327
15778,431,1,307.95,1,At Risk,1,2010-10-04 15:10:00,2010-10-04 15:10:00,18.114705882352943,101,17,0
15779,463,2,124.08,1,At Risk,1,2010-06-25 15:55:00,2010-09-02 16:40:00,15.510000000000002,20,8,69
15780,184,3,475.28,0,Potential Loyalists,1,2010-12-17 11:43:00,2011-06-09 12:01:00,16.38896551724138,220,26,174
15781,25,3,345.46,0,Potential Loyalists,0,2011-02-07 09:15:00,2011-11-14 14:57:00,17.273000000000003,180,20,280
15782,10,4,4014.1,0,Potential Loyalists,0,2010-10-05 15:43:00,2011-11-30 10:49:00,65.80491803278689,1844,51,420
15783,11,1,246.3,0,Potential Loyalists,0,2011-11-29 09:50:00,2011-11-29 09:50:00,17.592857142857145,212,14,0
15784,468,2,848.3299999999999,1,At Risk,1,2010-02-05 14:42:00,2010-08-29 10:38:00,19.72860465116279,381,33,204
15785,33,16,5969.93,3,Loyal Customers,0,2009-12-15 16:28:00,2011-11-07 11:33:00,26.533022222222222,4479,102,691
15786,46,5,8514.82,3,Loyal Customers,0,2010-06-21 10:13:00,2011-10-24 14:13:00,18.27214592274678,5981,358,490
15787,26,3,948.05,0,Potential Loyalists,0,2011-10-09 13:11:00,2011-11-13 14:55:00,4.602184466019417,540,156,35
15788,509,1,221.83,1,At Risk,1,2010-07-19 12:48:00,2010-07-19 12:48:00,15.845,115,14,0
15789,358,6,1962.01,1,At Risk,1,2010-03-26 11:21:00,2010-12-16 14:35:00,14.217463768115943,2499,110,265
15790,10,1,220.85,0,Potential Loyalists,0,2011-11-29 14:53:00,2011-11-29 14:53:00,6.31,114,34,0
15791,44,5,3608.34,0,Potential Loyalists,0,2010-03-08 09:41:00,2011-10-27 10:14:00,21.60682634730539,1970,121,598
15792,400,2,933.84,1,At Risk,1,2010-03-31 09:42:00,2010-11-05 08:21:00,16.383157894736843,606,57,218
15793,15,8,2399.57,0,Potential Loyalists,0,2009-12-01 12:54:00,2011-11-25 09:31:00,79.98566666666667,1685,12,723
15794,736,2,777.0,1,At Risk,1,2009-12-02 15:10:00,2009-12-03 13:04:00,51.8,288,15,0
15795,150,8,1979.87,0,Potential Loyalists,0,2010-01-18 11:31:00,2011-07-13 10:43:00,15.11351145038168,1411,111,540
15796,1,17,5175.83,3,Loyal Customers,0,2010-03-31 13:10:00,2011-12-08 19:55:00,17.545186440677966,1735,138,617
15797,113,6,2821.08,0,Potential Loyalists,0,2010-01-27 13:12:00,2011-08-18 17:04:00,235.09,1281,12,568
15798,493,3,1535.37,1,At Risk,1,2010-01-27 11:55:00,2010-08-04 09:13:00,18.49843373493976,915,73,188
15799,76,4,1424.29,0,Potential Loyalists,0,2010-10-17 14:26:00,2011-09-25 12:46:00,9.188967741935484,1342,143,342
15800,107,7,1242.58,0,Potential Loyalists,0,2010-03-31 13:17:00,2011-08-24 14:23:00,5.092540983606557,588,198,511
15801,46,3,1063.95,0,Potential Loyalists,0,2011-08-22 09:53:00,2011-10-24 13:52:00,16.62421875,570,61,63
15802,143,1,451.42,0,Potential Loyalists,0,2011-07-20 11:38:00,2011-07-20 11:38:00,451.42,1,1,0
15803,51,4,1929.66,0,Potential Loyalists,0,2010-02-01 16:29:00,2011-10-19 14:56:00,37.836470588235294,1030,48,624
15804,1,13,4206.39,3,Loyal Customers,0,2011-05-25 10:12:00,2011-12-09 12:31:00,16.05492366412214,2565,170,198
15805,23,30,10189.23,3,Loyal Customers,0,2009-12-10 12:57:00,2011-11-16 16:32:00,19.18875706214689,6225,337,706
15806,46,3,784.58,0,Potential Loyalists,0,2011-03-08 09:24:00,2011-10-24 14:35:00,25.309032258064516,602,24,230
15807,50,5,1817.52,0,Potential Loyalists,0,2010-02-11 15:32:00,2011-10-20 14:10:00,20.653636363636362,1532,85,615
15808,306,21,18409.93,2,Champions,1,2009-12-01 16:30:00,2011-02-06 14:33:00,21.456794871794873,7229,348,431
15809,36,7,1274.44,0,Potential Loyalists,0,2010-06-22 14:23:00,2011-11-03 16:40:00,21.973103448275864,700,51,499
15810,79,8,2999.04,0,Potential Loyalists,0,2010-02-04 18:18:00,2011-09-22 09:38:00,18.066506024096384,1653,89,594
15811,22,7,3890.52,0,Potential Loyalists,0,2010-11-16 16:46:00,2011-11-17 15:31:00,12.550064516129032,1922,205,365
15812,107,12,5201.47,3,Loyal Customers,0,2009-12-15 13:40:00,2011-08-24 14:19:00,41.611760000000004,3450,87,617
15813,208,2,1303.91,0,Potential Loyalists,1,2011-04-14 09:09:00,2011-05-16 08:13:00,32.59775,603,40,31
15814,17,6,2634.44,0,Potential Loyalists,0,2010-04-15 14:31:00,2011-11-23 08:17:00,26.88204081632653,1728,83,586
15815,64,5,2100.6,0,Potential Loyalists,0,2011-03-25 08:43:00,2011-10-07 12:42:00,42.86938775510204,1856,33,196
15816,542,2,144.14999999999998,1,At Risk,1,2010-06-15 12:54:00,2010-06-15 13:36:00,13.104545454545455,54,11,0
15817,421,3,2766.4,1,At Risk,1,2010-06-14 13:31:00,2010-10-15 11:07:00,18.2,1596,133,122
15818,588,1,340.5,1,At Risk,1,2010-04-30 12:58:00,2010-04-30 12:58:00,30.954545454545453,284,11,0
15819,49,10,3934.79,3,Loyal Customers,0,2010-03-18 11:08:00,2011-10-21 14:50:00,15.133807692307693,2928,182,582
15820,320,1,206.98,1,At Risk,1,2011-01-24 12:00:00,2011-01-24 12:00:00,12.175294117647057,128,17,0
15821,44,2,570.96,0,Potential Loyalists,0,2011-10-09 13:28:00,2011-10-26 15:48:00,9.209032258064516,202,57,17
15822,3,6,1840.06,0,Potential Loyalists,0,2009-12-06 15:12:00,2011-12-06 14:50:00,28.308615384615383,950,46,729
15823,372,3,3897.17,1,At Risk,1,2009-12-08 15:12:00,2010-12-02 15:08:00,24.981858974358975,1775,155,358
15824,453,2,890.94,1,At Risk,1,2010-06-25 15:10:00,2010-09-12 13:20:00,34.26692307692308,478,24,78
15825,172,1,532.94,0,Potential Loyalists,0,2011-06-20 13:27:00,2011-06-20 13:27:00,26.647000000000002,220,20,0
15826,56,4,2598.28,0,Potential Loyalists,0,2010-05-20 17:00:00,2011-10-14 16:05:00,21.834285714285716,1824,100,511
15827,73,28,3794.07,3,Loyal Customers,0,2010-01-08 11:25:00,2011-09-27 15:35:00,16.424545454545456,1824,124,627
15828,375,1,1108.82,1,At Risk,1,2010-11-29 16:41:00,2010-11-29 16:41:00,14.984054054054052,367,74,0
15829,99,2,636.14,0,Potential Loyalists,0,2011-07-22 10:23:00,2011-09-01 16:45:00,12.473333333333333,996,44,41
15830,38,1,576.0,0,Potential Loyalists,0,2011-11-02 10:40:00,2011-11-02 10:40:00,14.76923076923077,415,39,0
15831,58,3,801.76,0,Potential Loyalists,0,2011-01-19 14:52:00,2011-10-12 13:14:00,11.790588235294118,1105,63,265
15832,254,1,836.79,0,Potential Loyalists,1,2011-03-30 15:29:00,2011-03-30 15:29:00,15.49611111111111,465,54,0
15833,738,1,80.4,1,At Risk,1,2009-12-02 11:59:00,2009-12-02 11:59:00,16.080000000000002,24,5,0
15834,70,7,3772.99,0,Potential Loyalists,0,2010-10-11 14:05:00,2011-09-30 14:41:00,9.981455026455025,1819,333,354
15835,44,4,954.09,0,Potential Loyalists,0,2011-01-13 10:35:00,2011-10-26 15:47:00,19.0818,439,47,286
15836,50,1,137.37,0,Potential Loyalists,0,2011-10-20 17:13:00,2011-10-20 17:13:00,13.737,26,10,0
15837,65,2,777.01,0,Potential Loyalists,0,2010-08-11 10:16:00,2011-10-06 09:01:00,14.942499999999999,405,52,420
15838,11,34,29730.420199999626,2,Champions,0,2009-12-15 09:51:00,2011-11-28 14:00:00,354.8468899521531,64664,61,713
15839,33,3,1048.49,0,Potential Loyalists,0,2011-07-14 16:35:00,2011-11-06 13:54:00,16.911129032258064,675,56,114
15840,59,2,355.56,0,Potential Loyalists,0,2011-06-20 11:42:00,2011-10-12 09:08:00,13.168888888888889,396,26,113
15841,73,9,2742.41,0,Potential Loyalists,0,2009-12-10 08:29:00,2011-09-28 12:15:00,29.808804347826086,2391,60,657
15842,393,2,548.8,1,At Risk,1,2010-06-30 09:06:00,2010-11-11 14:08:00,21.952,296,24,134
15843,304,1,118.95000000000002,1,At Risk,1,2011-02-09 10:19:00,2011-02-09 10:19:00,14.86875,27,8,0
15844,46,1,130.73999999999998,0,Potential Loyalists,0,2011-10-24 15:19:00,2011-10-24 15:19:00,11.885454545454543,134,11,0
15845,18,11,4426.28,3,Loyal Customers,0,2010-01-26 14:44:00,2011-11-22 09:42:00,25.4383908045977,2128,129,664
15846,385,1,107.01,1,At Risk,1,2010-11-19 14:40:00,2010-11-19 14:40:00,3.6900000000000004,79,27,0
15847,38,5,822.57,0,Potential Loyalists,0,2010-03-08 08:47:00,2011-11-01 14:41:00,17.136875,643,39,603
15848,622,1,139.94,1,At Risk,1,2010-03-28 10:54:00,2010-03-28 10:54:00,3.998285714285714,46,34,0
15850,19,6,1058.72,0,Potential Loyalists,0,2009-12-13 13:27:00,2011-11-20 14:14:00,3.169820359281437,1379,269,707
15851,527,1,109.73,1,At Risk,1,2010-07-01 12:34:00,2010-07-01 12:34:00,13.71625,67,8,0
15852,187,3,257.26,0,Potential Loyalists,1,2010-07-01 10:16:00,2011-06-06 11:22:00,7.795757575757576,60,31,340
15853,52,1,110.8,0,Potential Loyalists,0,2011-10-19 10:38:00,2011-10-19 10:38:00,3.6933333333333334,135,29,0
15854,4,21,5583.81,3,Loyal Customers,0,2009-12-10 12:08:00,2011-12-05 13:39:00,21.642674418604653,1704,168,725
15855,137,6,1052.72,0,Potential Loyalists,0,2010-08-20 17:15:00,2011-07-26 10:20:00,11.081263157894737,712,72,339
15856,4,46,29730.420199999626,2,Champions,0,2009-12-03 14:02:00,2011-12-05 17:09:00,29.474883720930237,20432,384,732
15857,19,2,570.48,0,Potential Loyalists,0,2010-10-05 16:43:00,2011-11-21 12:18:00,23.77,584,21,411
15858,16,13,3960.37,3,Loyal Customers,0,2009-12-10 11:42:00,2011-11-24 12:48:00,8.199523809523809,2919,273,714
15859,432,1,438.46,1,At Risk,1,2010-10-03 12:52:00,2010-10-03 12:52:00,19.93,174,22,0
15860,41,17,2505.21,3,Loyal Customers,0,2009-12-06 12:31:00,2011-10-30 11:25:00,6.8076358695652175,1342,249,692
15861,12,12,4401.79,3,Loyal Customers,0,2010-01-28 19:41:00,2011-11-27 15:59:00,5.516027568922306,3860,452,667
15862,8,13,2928.29,3,Loyal Customers,0,2009-12-17 11:33:00,2011-12-01 13:28:00,5.040086058519793,1680,417,714
15863,26,5,358.7,0,Potential Loyalists,0,2009-12-17 10:20:00,2011-11-14 12:49:00,4.540506329113924,164,74,697
15864,22,7,2180.76,0,Potential Loyalists,0,2010-11-23 15:02:00,2011-11-17 13:32:00,94.81565217391305,1486,18,358
15865,41,5,2248.92,0,Potential Loyalists,0,2010-01-05 13:58:00,2011-10-30 12:43:00,17.708031496062993,1147,119,662
15866,101,1,230.53,0,Potential Loyalists,0,2011-08-30 14:09:00,2011-08-30 14:09:00,5.122888888888889,126,43,0
15867,5,31,9063.95,3,Loyal Customers,0,2009-12-14 15:16:00,2011-12-04 13:32:00,8.55897072710104,5139,547,719
15868,583,1,94.53,1,At Risk,1,2010-05-05 14:11:00,2010-05-05 14:11:00,23.6325,57,4,0
15869,277,3,323.66,0,Potential Loyalists,1,2010-03-23 16:50:00,2011-03-07 17:23:00,9.247428571428571,274,29,349
15870,33,4,862.61,0,Potential Loyalists,0,2010-09-19 16:22:00,2011-11-07 10:58:00,5.868095238095238,508,127,413
15871,437,1,33.099999999999994,1,At Risk,1,2010-09-28 14:16:00,2010-09-28 14:16:00,6.619999999999999,5,5,0
15872,15,4,795.68,0,Potential Loyalists,0,2010-06-07 14:53:00,2011-11-25 11:55:00,3.700837209302325,506,164,535
15873,500,4,313.92,1,At Risk,1,2010-07-27 11:58:00,2010-07-28 12:41:00,52.31999999999999,1152,3,1
15874,64,21,11284.76,3,Loyal Customers,0,2010-01-07 13:56:00,2011-10-07 12:31:00,32.99637426900585,5102,262,637
15875,646,1,111.72,1,At Risk,1,2010-03-03 16:51:00,2010-03-03 16:51:00,4.4688,76,18,0
15876,409,2,1449.14,1,At Risk,1,2010-09-17 15:26:00,2010-10-26 18:58:00,131.74,886,11,39
15877,2,2,493.28,0,Potential Loyalists,0,2011-11-22 11:18:00,2011-12-08 11:53:00,3.823875968992248,371,122,16
15878,562,2,330.77,1,At Risk,1,2009-12-06 12:28:00,2010-05-27 12:17:00,6.485686274509804,243,47,171
15879,404,4,1157.3,1,At Risk,1,2009-12-17 19:54:00,2010-10-31 16:21:00,6.324043715846995,643,171,317
15880,369,1,686.5600000000001,1,At Risk,1,2010-12-05 13:00:00,2010-12-05 13:00:00,3.269333333333333,422,95,0
15881,312,5,501.39,1,At Risk,1,2010-12-10 13:32:00,2011-01-31 16:59:00,17.289310344827587,260,26,52
15882,199,8,1495.98,0,Potential Loyalists,1,2009-12-10 15:33:00,2011-05-25 11:35:00,19.9464,814,49,530
15883,2,2,396.48,0,Potential Loyalists,0,2011-11-06 14:50:00,2011-12-07 17:05:00,8.091428571428573,223,42,31
15884,432,2,249.7,1,At Risk,1,2009-12-03 18:23:00,2010-10-03 15:55:00,16.64666666666667,158,14,303
15885,93,15,1951.82,3,Loyal Customers,0,2010-01-21 12:47:00,2011-09-08 10:43:00,16.972347826086956,622,83,594
15886,60,4,1052.87,0,Potential Loyalists,0,2010-04-20 15:03:00,2011-10-10 14:25:00,16.98177419354839,667,58,537
15887,407,3,1027.15,1,At Risk,1,2010-06-02 11:53:00,2010-10-29 08:36:00,27.760810810810813,605,27,148
15888,81,3,429.16,0,Potential Loyalists,0,2010-07-01 11:51:00,2011-09-20 12:30:00,11.004102564102565,139,33,446
15889,157,8,1806.28,0,Potential Loyalists,0,2009-12-10 12:21:00,2011-07-06 11:10:00,4.527017543859649,989,256,572
15890,395,5,535.65,1,At Risk,1,2010-04-14 08:43:00,2010-11-10 12:46:00,53.565,119,10,210
15891,227,1,524.52,0,Potential Loyalists,1,2011-04-27 12:35:00,2011-04-27 12:35:00,8.459999999999999,442,60,0
15892,669,1,128.2,1,At Risk,1,2010-02-08 16:23:00,2010-02-08 16:23:00,3.3736842105263154,46,38,0
15893,482,1,305.28000000000003,1,At Risk,1,2010-08-15 11:12:00,2010-08-15 11:12:00,305.28000000000003,288,1,0
15894,253,2,420.29,0,Potential Loyalists,1,2010-12-05 14:06:00,2011-03-31 13:50:00,5.320126582278482,283,35,115
15895,150,1,179.17,0,Potential Loyalists,0,2011-07-13 10:27:00,2011-07-13 10:27:00,16.288181818181815,94,11,0
15897,194,2,222.05,0,Potential Loyalists,1,2011-05-29 13:32:00,2011-05-29 13:50:00,9.252083333333333,261,17,0
15898,1,25,5596.31,3,Loyal Customers,0,2009-12-11 16:11:00,2011-12-08 15:23:00,8.029139167862267,2418,281,726
15899,369,1,112.5,1,At Risk,1,2010-12-06 10:36:00,2010-12-06 10:36:00,14.0625,78,4,0
15900,24,4,900.4,0,Potential Loyalists,0,2010-05-26 11:27:00,2011-11-16 12:19:00,6.926153846153846,661,100,539
15901,17,7,703.22,0,Potential Loyalists,0,2010-06-14 12:39:00,2011-11-23 12:43:00,4.112397660818714,702,145,527
15902,380,1,145.01,1,At Risk,1,2010-11-24 16:57:00,2010-11-24 16:57:00,8.056111111111111,124,18,0
15903,10,12,8939.84,3,Loyal Customers,0,2010-01-14 10:57:00,2011-11-30 08:08:00,77.06758620689655,3926,58,684
15904,8,1,164.68,0,Potential Loyalists,0,2011-12-01 14:50:00,2011-12-01 14:50:00,5.489333333333334,84,30,0
15905,543,1,114.69,1,At Risk,1,2010-06-14 16:00:00,2010-06-14 16:00:00,5.213181818181818,82,22,0
15906,20,10,2555.64,0,Potential Loyalists,0,2010-09-15 12:17:00,2011-11-20 12:24:00,12.58935960591133,751,143,431
15907,4,3,967.45,0,Potential Loyalists,0,2011-05-13 13:01:00,2011-12-06 12:21:00,3.8853413654618474,509,175,206
15908,491,2,764.57,1,At Risk,1,2010-07-15 19:21:00,2010-08-06 11:56:00,18.648048780487805,174,37,21
15909,174,1,191.94,0,Potential Loyalists,0,2011-06-19 10:38:00,2011-06-19 10:38:00,27.419999999999998,98,7,0
15910,1,15,2681.8,3,Loyal Customers,0,2010-01-21 11:51:00,2011-12-09 10:51:00,4.2703821656050955,2171,394,686
15911,624,8,1702.34,1,At Risk,1,2009-12-09 13:26:00,2010-03-26 12:06:00,6.572741312741313,811,162,106
15912,178,9,1074.7,0,Potential Loyalists,0,2009-12-10 12:58:00,2011-06-14 14:29:00,11.31263157894737,759,83,551
15913,534,1,6.300000000000001,1,At Risk,1,2010-06-23 16:31:00,2010-06-23 16:31:00,6.300000000000001,3,1,0
15914,378,2,205.99,1,At Risk,1,2010-11-26 16:09:00,2010-11-26 16:10:00,15.845384615384615,149,13,0
15915,402,1,429.21,1,At Risk,1,2010-11-03 11:13:00,2010-11-03 11:13:00,2.939794520547945,451,105,0
15916,16,13,3427.17,3,Loyal Customers,0,2009-12-10 16:21:00,2011-11-23 13:46:00,10.480642201834863,1703,227,712
15917,248,5,560.63,0,Potential Loyalists,1,2009-12-02 14:55:00,2011-04-06 10:40:00,3.616967741935484,263,127,489
15918,191,3,582.88,0,Potential Loyalists,1,2010-03-18 11:40:00,2011-06-02 11:42:00,9.555409836065573,240,49,441
15919,20,2,910.61,0,Potential Loyalists,0,2010-12-06 11:26:00,2011-11-20 11:28:00,4.742760416666667,787,103,349
15920,154,9,571.64,0,Potential Loyalists,0,2009-12-14 13:09:00,2011-07-08 15:31:00,5.292962962962963,240,93,571
15921,173,4,802.11,0,Potential Loyalists,0,2010-03-09 11:03:00,2011-06-20 11:03:00,9.663975903614459,342,69,468
15922,373,1,739.0,1,At Risk,1,2010-12-01 13:51:00,2010-12-01 13:51:00,33.59090909090909,276,11,0
15923,373,1,254.16,1,At Risk,1,2010-12-02 12:16:00,2010-12-02 12:16:00,6.051428571428572,244,21,0
15924,731,1,102.82,1,At Risk,1,2009-12-08 15:00:00,2009-12-08 15:00:00,6.854666666666666,103,14,0
15925,194,1,207.15,0,Potential Loyalists,1,2011-05-29 15:35:00,2011-05-29 15:35:00,17.2625,93,12,0
15926,542,1,134.44,1,At Risk,1,2010-06-15 15:23:00,2010-06-15 15:23:00,19.205714285714286,155,7,0
15927,647,1,123.39,1,At Risk,1,2010-03-02 13:25:00,2010-03-02 13:25:00,7.258235294117648,69,13,0
15928,656,1,293.53,1,At Risk,1,2010-02-21 15:16:00,2010-02-21 15:16:00,26.684545454545454,164,11,0
15929,644,1,594.0,1,At Risk,1,2010-03-05 14:56:00,2010-03-05 14:56:00,594.0,120,1,0
15930,67,1,426.63,0,Potential Loyalists,0,2011-10-03 14:52:00,2011-10-03 14:52:00,20.315714285714286,139,21,0
15931,428,1,239.9,1,At Risk,1,2010-10-07 16:46:00,2010-10-07 16:46:00,17.135714285714286,118,14,0
15932,4,8,2495.87,0,Potential Loyalists,0,2011-02-23 14:50:00,2011-12-05 17:13:00,21.703217391304346,2325,93,285
15933,21,3,1107.46,0,Potential Loyalists,0,2011-09-14 12:05:00,2011-11-18 13:14:00,14.965675675675676,885,63,65
15934,418,2,2190.66,1,At Risk,1,2010-10-06 12:08:00,2010-10-18 10:13:00,75.53999999999999,2166,29,11
15935,239,2,416.86,0,Potential Loyalists,1,2011-04-12 09:35:00,2011-04-14 13:27:00,34.73833333333334,115,12,2
15936,379,2,282.79,1,At Risk,1,2010-08-29 11:42:00,2010-11-25 16:39:00,14.883684210526317,211,16,88
15937,64,1,145.35,0,Potential Loyalists,0,2011-10-06 15:48:00,2011-10-06 15:48:00,20.764285714285716,73,7,0
15938,112,9,734.81,0,Potential Loyalists,0,2010-06-01 09:42:00,2011-08-19 12:56:00,18.841282051282054,449,27,444
15939,90,16,9060.39,3,Loyal Customers,0,2010-11-30 12:07:00,2011-09-11 11:30:00,56.27571428571428,6260,52,284
15940,311,1,35.8,1,At Risk,1,2011-02-01 16:18:00,2011-02-01 16:18:00,35.8,4,1,0
15941,637,1,405.0,1,At Risk,1,2010-03-12 14:45:00,2010-03-12 14:45:00,67.5,60,6,0
15942,134,1,337.44,0,Potential Loyalists,0,2011-07-29 09:01:00,2011-07-29 09:01:00,24.102857142857143,232,14,0
15943,650,2,271.29,1,At Risk,1,2010-01-31 11:04:00,2010-02-28 12:49:00,22.607499999999998,183,12,28
15944,277,4,2164.24,0,Potential Loyalists,1,2009-12-13 12:57:00,2011-03-08 10:33:00,56.95368421052631,859,25,449
15945,365,4,827.27,1,At Risk,1,2009-12-01 13:47:00,2010-12-09 13:14:00,27.575666666666667,397,24,372
15946,503,3,2304.18,1,At Risk,1,2010-03-16 10:49:00,2010-07-25 12:18:00,88.62230769230769,1614,25,131
15947,83,1,1708.24,0,Potential Loyalists,0,2011-09-18 10:46:00,2011-09-18 10:46:00,58.9048275862069,898,29,0
15948,8,3,1509.09,0,Potential Loyalists,0,2010-10-11 12:16:00,2011-12-01 15:32:00,15.885157894736844,852,63,416
15949,17,2,364.72,0,Potential Loyalists,0,2011-09-29 17:34:00,2011-11-23 09:09:00,19.19578947368421,284,12,54
15950,32,10,7180.71,3,Loyal Customers,0,2010-01-26 11:39:00,2011-11-08 11:09:00,18.179012658227848,3384,225,650
15951,9,3,1013.17,0,Potential Loyalists,0,2010-11-23 18:20:00,2011-12-01 08:34:00,17.172372881355933,420,44,372
15952,34,4,806.57,0,Potential Loyalists,0,2011-04-28 12:55:00,2011-11-06 11:18:00,8.863406593406594,399,65,191
15953,15,18,3669.55,3,Loyal Customers,0,2009-12-03 14:00:00,2011-11-24 15:32:00,19.728763440860213,1852,102,721
15954,589,1,190.75,1,At Risk,1,2010-04-29 13:35:00,2010-04-29 13:35:00,9.5375,119,20,0
15955,24,22,8658.36,3,Loyal Customers,0,2010-02-23 16:36:00,2011-11-15 14:15:00,23.918121546961327,4213,222,629
15956,551,2,617.6,1,At Risk,1,2009-12-13 11:16:00,2010-06-06 13:06:00,34.31111111111111,278,18,175
15957,32,3,930.1,0,Potential Loyalists,0,2010-10-15 12:11:00,2011-11-08 12:14:00,6.159602649006622,458,121,389
15958,74,4,492.99,0,Potential Loyalists,0,2010-06-07 10:59:00,2011-09-26 13:41:00,6.662027027027027,164,50,476
15959,682,3,579.49,1,At Risk,1,2010-01-26 16:19:00,2010-01-26 16:38:00,7.4293589743589745,282,58,0
15960,374,4,410.95,1,At Risk,1,2010-09-30 15:50:00,2010-11-30 15:57:00,15.805769230769231,258,24,61
15961,379,1,451.29,1,At Risk,1,2010-11-25 15:59:00,2010-11-25 15:59:00,10.745,154,42,0
15962,449,1,295.83,1,At Risk,1,2010-09-16 13:48:00,2010-09-16 13:48:00,5.10051724137931,235,43,0
15963,20,2,470.76,0,Potential Loyalists,0,2011-10-25 13:05:00,2011-11-20 11:33:00,16.812857142857144,298,26,25
15964,663,1,272.96000000000004,1,At Risk,1,2010-02-14 15:30:00,2010-02-14 15:30:00,12.99809523809524,94,20,0
15965,17,13,3013.09,3,Loyal Customers,0,2009-12-03 11:45:00,2011-11-22 16:44:00,8.187744565217391,1433,202,719
15966,451,1,426.53,1,At Risk,1,2010-09-15 10:44:00,2010-09-15 10:44:00,15.797407407407407,275,27,0
15967,23,12,3041.6,3,Loyal Customers,0,2009-12-01 13:29:00,2011-11-16 15:41:00,6.107630522088353,1204,316,715
15968,388,1,418.05,1,At Risk,1,2010-11-16 13:04:00,2010-11-16 13:04:00,4.918235294117647,253,70,0
15969,3,5,1127.05,0,Potential Loyalists,0,2010-07-05 13:10:00,2011-12-07 11:06:00,32.20142857142857,223,31,519
15970,304,2,1017.32,1,At Risk,1,2010-04-20 11:30:00,2011-02-09 12:08:00,42.38833333333333,498,19,295
15971,18,18,5902.83,3,Loyal Customers,0,2009-12-08 09:46:00,2011-11-22 12:50:00,140.54357142857143,2251,12,714
15972,456,5,1810.27,1,At Risk,1,2010-04-18 14:06:00,2010-09-09 13:20:00,12.484620689655172,480,104,143
15973,367,3,988.44,1,At Risk,1,2010-10-06 15:00:00,2010-12-08 11:42:00,65.896,301,8,62
15974,39,7,3442.15,0,Potential Loyalists,0,2011-02-24 10:10:00,2011-10-31 13:13:00,19.557670454545455,2262,141,249
15975,84,1,371.01,0,Potential Loyalists,0,2011-09-16 13:33:00,2011-09-16 13:33:00,15.45875,243,24,0
15976,165,6,1746.64,0,Potential Loyalists,0,2010-06-06 14:01:00,2011-06-27 13:00:00,4.38854271356784,1078,265,385
15977,17,2,1054.73,0,Potential Loyalists,0,2011-10-31 16:24:00,2011-11-22 13:29:00,16.226615384615386,1016,48,21
15978,77,3,3279.42,0,Potential Loyalists,0,2010-03-05 14:39:00,2011-09-23 15:21:00,25.42186046511628,2444,107,567
15979,603,1,329.22,1,At Risk,1,2010-04-16 11:35:00,2010-04-16 11:35:00,14.964545454545453,450,22,0
15980,89,7,6593.68,3,Loyal Customers,0,2010-06-01 14:40:00,2011-09-12 09:41:00,56.35623931623932,4862,101,467
15981,25,21,9362.77,3,Loyal Customers,0,2010-03-29 10:07:00,2011-11-15 08:00:00,32.509618055555556,4827,151,595
15982,605,1,324.51,1,At Risk,1,2010-04-13 15:47:00,2010-04-13 15:47:00,7.211333333333333,131,45,0
15983,22,8,3958.82,0,Potential Loyalists,0,2009-12-06 12:52:00,2011-11-17 17:34:00,12.527911392405064,2450,137,711
15984,3,30,8759.32,3,Loyal Customers,0,2009-12-01 13:38:00,2011-12-07 12:16:00,11.725997322623828,6084,458,735
15985,123,7,2715.28,0,Potential Loyalists,0,2010-05-27 15:51:00,2011-08-08 16:31:00,26.10846153846154,2750,50,438
15986,30,2,354.42,0,Potential Loyalists,0,2010-11-23 10:02:00,2011-11-09 15:17:00,14.1768,368,25,351
15987,12,8,1682.13,0,Potential Loyalists,0,2010-11-25 12:56:00,2011-11-27 15:38:00,8.582295918367347,1715,143,367
15988,19,3,770.09,0,Potential Loyalists,0,2010-02-21 11:36:00,2011-11-20 13:23:00,5.969689922480621,486,114,637
15989,376,2,372.51,1,At Risk,1,2009-12-02 15:51:00,2010-11-29 12:03:00,4.233068181818182,171,81,361
15990,44,7,2010.05,0,Potential Loyalists,0,2010-02-28 12:30:00,2011-10-26 15:58:00,11.166944444444445,1090,117,605
15991,534,1,150.55,1,At Risk,1,2010-06-23 15:50:00,2010-06-23 15:50:00,25.09166666666667,41,6,0
15992,4,3,896.6,0,Potential Loyalists,0,2010-09-12 11:52:00,2011-12-06 11:00:00,16.603703703703705,514,53,449
15993,9,7,2797.57,0,Potential Loyalists,0,2011-10-26 16:21:00,2011-12-01 10:45:00,5.068061594202899,2051,335,35
15994,55,3,1202.18,0,Potential Loyalists,0,2010-03-14 11:55:00,2011-10-16 12:28:00,10.545438596491229,469,93,581
15995,414,1,696.19,1,At Risk,1,2010-10-21 13:57:00,2010-10-21 13:57:00,6.271981981981982,353,108,0
15996,88,7,1686.9,0,Potential Loyalists,0,2010-11-07 15:49:00,2011-09-12 15:14:00,7.957075471698114,747,140,308
15998,37,16,8308.34,3,Loyal Customers,0,2009-12-01 11:45:00,2011-11-03 12:45:00,5.785752089136491,5372,682,702
15999,736,1,20.4,1,At Risk,1,2009-12-04 12:31:00,2009-12-04 12:31:00,20.4,24,1,0
16000,3,3,12393.7,3,Loyal Customers,0,2011-12-07 12:14:00,2011-12-07 12:17:00,1377.0777777777778,5110,9,0
16001,381,1,583.39,1,At Risk,1,2010-11-23 17:10:00,2010-11-23 17:10:00,20.11689655172414,337,29,0
16002,625,1,169.21,1,At Risk,1,2010-03-24 13:08:00,2010-03-24 13:08:00,4.028809523809524,70,42,0
16003,30,10,5613.83,3,Loyal Customers,0,2009-12-03 18:51:00,2011-11-10 09:57:00,27.65433497536946,2210,146,706
16004,475,5,2146.39,1,At Risk,1,2010-01-25 13:56:00,2010-08-22 11:48:00,23.848777777777777,1076,63,208
16005,12,10,2436.22,0,Potential Loyalists,0,2010-09-15 13:21:00,2011-11-27 13:47:00,4.7397276264591435,1310,315,438
16006,211,2,347.17,0,Potential Loyalists,1,2010-11-17 12:03:00,2011-05-12 13:12:00,4.233780487804879,211,75,176
16007,48,7,3075.14,0,Potential Loyalists,0,2010-06-14 13:18:00,2011-10-23 11:05:00,4.617327327327327,2643,337,495
16008,24,15,5384.13,3,Loyal Customers,0,2010-03-19 11:07:00,2011-11-16 10:32:00,21.19736220472441,3273,63,606
16009,22,4,992.71,0,Potential Loyalists,0,2011-07-03 11:26:00,2011-11-17 16:51:00,11.030111111111111,378,68,137
16010,246,11,1724.06,0,Potential Loyalists,1,2010-10-24 10:54:00,2011-04-08 10:14:00,5.766086956521739,931,122,165
16011,8,29,5880.46,3,Loyal Customers,0,2009-12-01 12:02:00,2011-12-01 16:31:00,12.924087912087913,3471,181,730
16012,35,5,2989.79,0,Potential Loyalists,0,2010-06-28 11:39:00,2011-11-04 13:25:00,12.405767634854772,1766,207,494
16013,4,46,29730.420199999626,2,Champions,0,2009-12-08 10:24:00,2011-12-06 10:36:00,261.12018181818183,25952,54,728
16014,38,5,1130.27,0,Potential Loyalists,0,2010-01-31 12:43:00,2011-11-02 12:04:00,3.884089347079038,478,219,639
16015,4,3,705.39,0,Potential Loyalists,0,2011-10-21 12:56:00,2011-12-06 10:58:00,3.875769230769231,909,146,45
16016,3,11,2533.94,3,Loyal Customers,0,2010-11-02 13:27:00,2011-12-06 14:35:00,6.633350785340315,1059,181,399
16017,47,5,1553.83,0,Potential Loyalists,0,2010-01-05 12:06:00,2011-10-23 12:56:00,11.861297709923663,640,99,656
16018,39,4,698.13,0,Potential Loyalists,0,2009-12-07 13:57:00,2011-10-31 14:13:00,12.466607142857143,503,48,693
16019,47,27,17465.85,2,Champions,0,2009-12-14 14:12:00,2011-10-24 11:51:00,43.12555555555555,6976,256,678
16020,17,3,851.01,0,Potential Loyalists,0,2011-10-05 13:54:00,2011-11-23 11:18:00,18.500217391304346,487,42,48
16021,395,2,532.25,1,At Risk,1,2010-06-13 11:05:00,2010-11-09 14:48:00,3.670689655172414,297,117,149
16022,260,1,628.28,0,Potential Loyalists,1,2011-03-24 13:16:00,2011-03-24 13:16:00,8.266842105263157,261,68,0
16023,46,3,719.81,0,Potential Loyalists,0,2011-03-18 13:32:00,2011-10-24 16:34:00,7.126831683168317,358,90,220
16024,12,3,484.2,0,Potential Loyalists,0,2010-10-24 11:40:00,2011-11-27 13:26:00,5.630232558139535,505,78,399
16025,30,1,439.66,0,Potential Loyalists,0,2011-11-10 11:45:00,2011-11-10 11:45:00,15.702142857142857,338,28,0
16026,43,1,236.09,0,Potential Loyalists,0,2011-10-27 13:53:00,2011-10-27 13:53:00,7.3778125,243,30,0
16027,92,15,2048.36,3,Loyal Customers,0,2010-01-08 13:21:00,2011-09-09 10:47:00,58.524571428571434,2099,20,608
16028,596,1,82.2,1,At Risk,1,2010-04-23 11:45:00,2010-04-23 11:45:00,16.44,18,5,0
16029,39,46,29730.420199999626,2,Champions,0,2009-12-08 11:23:00,2011-11-01 10:27:00,319.08391644908613,56486,57,692
16030,310,1,331.24,1,At Risk,1,2011-02-03 11:28:00,2011-02-03 11:28:00,11.422068965517242,283,28,0
16031,92,2,548.94,0,Potential Loyalists,0,2011-04-06 14:23:00,2011-09-08 13:07:00,5.489400000000001,423,91,154
16032,456,6,1970.45,1,At Risk,1,2010-07-04 13:31:00,2010-09-09 18:00:00,9.294575471698113,1480,130,67
16033,6,27,10836.13,3,Loyal Customers,0,2010-08-11 16:44:00,2011-12-04 12:44:00,7.729051355206847,4288,605,479
16034,196,6,928.72,0,Potential Loyalists,1,2010-10-26 13:00:00,2011-05-27 16:17:00,16.293333333333333,597,43,213
16035,560,1,217.73,1,At Risk,1,2010-05-28 15:09:00,2010-05-28 15:09:00,10.368095238095238,33,21,0
16036,87,4,2556.84,0,Potential Loyalists,0,2010-03-29 14:47:00,2011-09-13 14:53:00,18.263142857142856,1369,120,533
16037,270,5,1509.34,0,Potential Loyalists,1,2010-03-01 12:31:00,2011-03-15 09:13:00,21.25830985915493,766,62,378
16038,8,3,471.78,0,Potential Loyalists,0,2011-05-22 11:29:00,2011-12-02 12:40:00,18.145384615384614,244,24,194
16039,424,2,456.4,1,At Risk,1,2010-03-21 15:17:00,2010-10-12 10:44:00,14.2625,409,27,204
16040,65,7,2416.9,0,Potential Loyalists,0,2010-04-09 10:12:00,2011-10-05 13:47:00,19.3352,1185,95,544
16041,31,3,3166.4,0,Potential Loyalists,0,2011-07-21 16:27:00,2011-11-09 12:25:00,527.7333333333333,1584,6,110
16042,22,8,2265.12,0,Potential Loyalists,0,2010-09-12 12:00:00,2011-11-17 17:50:00,17.424,1442,88,431
16043,38,8,1856.59,0,Potential Loyalists,0,2010-08-15 11:26:00,2011-11-02 12:50:00,25.4327397260274,1011,56,444
16044,435,1,340.84000000000003,1,At Risk,1,2010-09-30 18:12:00,2010-09-30 18:12:00,17.938947368421054,170,19,0
16045,120,8,3434.9300000000003,0,Potential Loyalists,0,2010-07-29 12:50:00,2011-08-12 12:41:00,23.208986486486484,2108,111,378
16046,562,1,235.78,1,At Risk,1,2010-05-26 13:18:00,2010-05-26 13:18:00,10.717272727272727,248,22,0
16047,682,1,107.14,1,At Risk,1,2010-01-26 16:34:00,2010-01-26 16:34:00,107.14,1,1,0
16048,373,4,1075.23,1,At Risk,1,2010-06-08 12:36:00,2010-12-01 15:28:00,24.437045454545455,569,30,176
16049,40,6,1899.68,0,Potential Loyalists,0,2010-07-11 13:53:00,2011-10-30 13:19:00,3.7917764471057884,1165,383,475
16050,174,3,300.7,0,Potential Loyalists,0,2010-11-03 15:55:00,2011-06-19 11:44:00,14.319047619047618,388,19,227
16051,682,1,188.44,1,At Risk,1,2010-01-27 09:38:00,2010-01-27 09:38:00,15.703333333333333,80,12,0
16052,54,1,362.06,0,Potential Loyalists,0,2011-10-16 15:13:00,2011-10-16 15:13:00,10.648823529411764,282,34,0
16053,33,6,3634.84,0,Potential Loyalists,0,2010-04-08 11:11:00,2011-11-07 11:21:00,18.736288659793814,3067,169,578
16054,145,4,2111.88,0,Potential Loyalists,0,2010-04-01 18:37:00,2011-07-17 13:08:00,17.31049180327869,791,109,471
16055,221,1,134.8,0,Potential Loyalists,1,2011-05-03 09:26:00,2011-05-03 09:26:00,16.85,22,8,0
16056,45,1,664.85,0,Potential Loyalists,0,2011-10-25 15:19:00,2011-10-25 15:19:00,9.777205882352941,347,66,0
16057,16,10,3854.85,3,Loyal Customers,0,2010-01-07 17:11:00,2011-11-23 15:23:00,17.682798165137616,1691,175,684
16058,406,1,62.7,1,At Risk,1,2010-10-29 16:48:00,2010-10-29 16:48:00,31.35,18,2,0
16059,66,12,3217.77,3,Loyal Customers,0,2010-05-19 13:04:00,2011-10-05 09:56:00,7.6250473933649285,1509,233,503
16060,401,3,541.95,1,At Risk,1,2010-08-02 15:26:00,2010-11-04 12:10:00,22.58125,243,22,93
16061,431,1,89.65,1,At Risk,1,2010-10-04 15:29:00,2010-10-04 15:29:00,29.883333333333336,19,3,0
16062,10,8,2863.45,0,Potential Loyalists,0,2010-06-21 13:32:00,2011-11-30 12:15:00,15.478108108108108,2035,134,526
16063,260,1,335.32,0,Potential Loyalists,1,2011-03-24 14:55:00,2011-03-24 14:56:00,14.57913043478261,262,23,0
16064,725,1,111.0,1,At Risk,1,2009-12-14 16:11:00,2009-12-14 16:11:00,6.166666666666667,56,17,0
16065,365,8,2382.62,1,At Risk,1,2010-09-02 13:27:00,2010-12-09 13:03:00,5.502586605080831,1447,214,97
16066,17,5,1521.87,0,Potential Loyalists,0,2011-08-07 14:33:00,2011-11-23 11:54:00,14.920294117647058,936,77,107
16067,563,3,3395.29,1,At Risk,1,2010-02-02 18:01:00,2010-05-26 12:33:00,46.510821917808215,1279,60,112
16068,594,1,122.93,1,At Risk,1,2010-04-25 11:52:00,2010-04-25 11:52:00,3.152051282051282,52,34,0
16069,418,1,457.7,1,At Risk,1,2010-10-18 10:32:00,2010-10-18 10:32:00,18.308,138,25,0
16070,22,2,852.15,0,Potential Loyalists,0,2011-11-07 16:36:00,2011-11-17 15:50:00,25.82272727272727,457,32,9
16071,45,4,1076.8,0,Potential Loyalists,0,2010-02-22 14:48:00,2011-10-26 11:14:00,14.750684931506848,697,62,610
16072,288,4,4328.89,0,Potential Loyalists,1,2010-06-08 16:47:00,2011-02-24 14:32:00,7.785773381294964,1611,414,260
16073,297,1,122.4,1,At Risk,1,2011-02-15 15:41:00,2011-02-15 15:41:00,122.4,48,1,0
16074,390,1,265.25,1,At Risk,1,2010-11-14 13:19:00,2010-11-14 13:19:00,10.201923076923077,39,23,0
16075,503,2,736.9300000000001,1,At Risk,1,2010-05-24 15:57:00,2010-07-25 11:31:00,17.973902439024393,271,41,61
16076,3,10,2234.73,0,Potential Loyalists,0,2011-05-15 12:31:00,2011-12-06 14:59:00,17.323488372093024,1435,71,205
16077,626,1,2300.4,1,At Risk,1,2010-03-24 10:42:00,2010-03-24 10:42:00,287.55,840,8,0
16078,284,2,362.99,1,At Risk,1,2010-02-08 13:29:00,2011-03-01 09:47:00,9.307435897435898,200,39,385
16079,17,3,1352.0,0,Potential Loyalists,0,2011-10-30 13:06:00,2011-11-23 12:48:00,64.38095238095238,864,18,23
16080,82,4,602.5600000000001,0,Potential Loyalists,0,2010-09-15 14:19:00,2011-09-19 10:42:00,20.085333333333335,298,29,368
16081,56,8,4460.18,0,Potential Loyalists,0,2010-02-03 12:46:00,2011-10-14 13:06:00,11.178395989974938,2244,235,618
16082,670,1,106.75,1,At Risk,1,2010-02-07 15:16:00,2010-02-07 15:16:00,6.671875,39,16,0
16083,101,4,2351.42,0,Potential Loyalists,0,2010-11-16 11:53:00,2011-08-31 10:47:00,33.11859154929578,1514,61,287
16084,299,1,436.18,1,At Risk,1,2011-02-13 16:05:00,2011-02-13 16:05:00,11.47842105263158,216,38,0
16085,23,12,2343.53,3,Loyal Customers,0,2010-01-20 14:03:00,2011-11-16 13:24:00,6.23279255319149,1384,259,664
16086,59,10,2864.99,0,Potential Loyalists,0,2009-12-02 13:20:00,2011-10-11 13:09:00,20.91233576642336,1526,66,677
16087,389,5,1739.92,1,At Risk,1,2010-01-19 12:30:00,2010-11-15 16:44:00,173.99200000000002,664,6,300
16088,576,2,1437.43,1,At Risk,1,2010-04-27 10:56:00,2010-05-13 10:16:00,239.5716666666667,373,3,15
16089,386,2,271.44,1,At Risk,1,2010-07-18 15:51:00,2010-11-18 13:51:00,5.4288,122,42,122
16090,624,1,205.91,1,At Risk,1,2010-03-25 13:05:00,2010-03-25 13:05:00,10.2955,65,18,0
16091,155,2,315.06,0,Potential Loyalists,0,2011-05-25 09:18:00,2011-07-08 08:45:00,17.503333333333334,154,16,43
16092,115,6,1587.94,0,Potential Loyalists,0,2010-05-09 16:10:00,2011-08-17 10:46:00,17.64377777777778,1188,60,464
16093,107,1,17.0,0,Potential Loyalists,0,2011-08-25 11:09:00,2011-08-25 11:09:00,17.0,20,1,0
16094,12,11,3695.56,3,Loyal Customers,0,2010-04-16 14:00:00,2011-11-28 12:45:00,18.854897959183674,2020,101,590
16095,456,1,447.05,1,At Risk,1,2010-09-09 16:54:00,2010-09-09 16:54:00,14.901666666666667,265,30,0
16096,264,4,1584.97,0,Potential Loyalists,1,2010-03-04 15:44:00,2011-03-20 13:38:00,24.01469696969697,700,58,380
16097,240,1,185.05,0,Potential Loyalists,1,2011-04-13 13:47:00,2011-04-13 13:47:00,18.505,87,10,0
16098,88,14,4448.1,3,Loyal Customers,0,2009-12-15 09:40:00,2011-09-13 09:59:00,27.288957055214727,2150,83,637
16099,50,7,1573.2,0,Potential Loyalists,0,2010-03-03 11:13:00,2011-10-20 13:13:00,22.8,960,44,596
16100,463,1,582.64,1,At Risk,1,2010-09-03 11:39:00,2010-09-03 11:39:00,15.747027027027027,438,37,0
16101,71,4,3229.16,0,Potential Loyalists,0,2010-05-27 12:50:00,2011-09-30 10:18:00,16.818541666666665,1844,153,490
16102,42,3,1842.14,0,Potential Loyalists,0,2011-08-03 12:50:00,2011-10-28 13:19:00,32.31824561403509,942,41,86
16103,7,22,6191.71,3,Loyal Customers,0,2010-01-08 12:08:00,2011-12-02 14:16:00,30.95855,2639,111,693
16104,62,9,2778.61,0,Potential Loyalists,0,2009-12-06 10:41:00,2011-10-09 10:23:00,11.925364806866954,1048,187,671
16105,249,5,2386.19,0,Potential Loyalists,1,2010-04-14 13:27:00,2011-04-05 10:13:00,21.692636363636364,2125,92,355
16106,66,1,108.38,0,Potential Loyalists,0,2011-10-05 10:37:00,2011-10-05 10:37:00,18.063333333333333,74,6,0
16107,18,7,3204.1600000000003,0,Potential Loyalists,0,2011-06-09 18:42:00,2011-11-22 09:40:00,103.36000000000001,1176,16,165
16108,85,4,2235.92,0,Potential Loyalists,0,2010-03-18 14:14:00,2011-09-16 11:48:00,16.56237037037037,1473,124,546
16109,219,3,939.48,0,Potential Loyalists,1,2010-01-10 10:37:00,2011-05-05 09:17:00,30.305806451612902,1092,30,479
16110,45,4,1819.27,0,Potential Loyalists,0,2010-07-05 13:04:00,2011-10-25 14:35:00,4.051826280623608,902,343,477
16111,428,1,562.48,1,At Risk,1,2010-10-07 19:51:00,2010-10-07 19:51:00,7.499733333333333,236,72,0
16112,143,4,195.74,0,Potential Loyalists,0,2011-01-05 11:47:00,2011-07-19 14:28:00,12.23375,574,15,195
16113,183,1,161.38,0,Potential Loyalists,1,2011-06-09 16:16:00,2011-06-09 16:16:00,5.379333333333333,176,30,0
16114,171,1,135.75000000000003,0,Potential Loyalists,0,2011-06-22 10:13:00,2011-06-22 10:13:00,16.968750000000004,43,8,0
16115,10,12,2575.14,3,Loyal Customers,0,2010-05-14 11:59:00,2011-11-30 11:32:00,6.016682242990654,1601,230,564
16116,212,1,612.78,0,Potential Loyalists,1,2011-05-12 12:01:00,2011-05-12 12:01:00,18.02294117647059,248,34,0
16117,190,3,654.4,0,Potential Loyalists,1,2010-04-27 11:50:00,2011-06-03 11:42:00,7.352808988764044,321,64,401
16118,653,1,4376.25,1,At Risk,1,2010-02-25 09:40:00,2010-02-25 09:40:00,106.73780487804878,2851,41,0
16119,8,8,1720.81,0,Potential Loyalists,0,2009-12-16 11:56:00,2011-12-01 15:11:00,31.86685185185185,811,37,715
16120,59,6,3056.91,0,Potential Loyalists,0,2010-10-13 15:07:00,2011-10-11 14:22:00,32.178,2205,84,362
16121,57,5,1477.09,0,Potential Loyalists,0,2010-05-23 10:52:00,2011-10-13 12:59:00,4.114456824512534,897,256,508
16122,73,6,1001.34,0,Potential Loyalists,0,2010-10-10 15:26:00,2011-09-27 15:34:00,15.6459375,1398,28,352
16123,52,1,307.78,0,Potential Loyalists,0,2011-10-19 09:18:00,2011-10-19 09:18:00,19.236250000000002,170,16,0
16124,317,4,1772.49,1,At Risk,1,2009-12-07 10:33:00,2011-01-26 14:45:00,21.615731707317074,797,63,415
16125,367,14,4587.65,3,Loyal Customers,1,2009-12-14 15:38:00,2010-12-07 15:48:00,15.241362126245846,1944,168,358
16126,29,15,14646.8,3,Loyal Customers,0,2009-12-02 13:34:00,2011-11-10 16:03:00,38.24229765013055,6142,144,708
16127,39,2,801.31,0,Potential Loyalists,0,2009-12-13 12:19:00,2011-10-31 13:58:00,10.684133333333333,391,75,687
16128,18,11,3801.05,3,Loyal Customers,0,2010-07-16 16:30:00,2011-11-22 11:14:00,20.88489010989011,2445,155,493
16129,407,3,1396.05,1,At Risk,1,2010-07-20 12:32:00,2010-10-28 14:29:00,14.542187499999999,1261,91,100
16130,422,4,987.48,1,At Risk,1,2010-04-01 13:58:00,2010-10-13 15:14:00,17.95418181818182,296,53,195
16131,52,12,9957.42,3,Loyal Customers,0,2009-12-02 10:09:00,2011-10-19 11:53:00,45.46767123287671,4768,131,686
16132,544,2,664.1999999999999,1,At Risk,1,2010-03-22 10:25:00,2010-06-13 13:49:00,39.07058823529411,280,14,83
16133,4,46,22992.26,2,Champions,0,2010-03-31 12:21:00,2011-12-06 11:24:00,42.26518382352941,13653,303,614
16134,22,5,2145.34,0,Potential Loyalists,0,2010-06-17 09:48:00,2011-11-18 10:05:00,18.49431034482759,1637,85,519
16135,263,2,819.45,0,Potential Loyalists,1,2010-05-05 09:35:00,2011-03-22 12:30:00,21.011538461538464,395,35,321
16136,60,4,946.8,0,Potential Loyalists,0,2010-02-14 12:49:00,2011-10-11 09:10:00,20.582608695652176,674,44,603
16137,680,1,422.7,1,At Risk,1,2010-01-28 15:04:00,2010-01-28 15:04:00,15.096428571428572,210,28,0
16138,379,3,910.35,1,At Risk,1,2010-04-28 09:51:00,2010-11-26 12:13:00,24.604054054054053,774,35,212
16139,19,5,1111.15,0,Potential Loyalists,0,2009-12-03 13:51:00,2011-11-21 08:37:00,19.493859649122808,602,47,717
16140,66,3,1557.6,0,Potential Loyalists,0,2010-09-24 12:03:00,2011-10-05 12:15:00,21.938028169014085,1376,50,376
16141,88,2,955.94,0,Potential Loyalists,0,2010-10-18 14:12:00,2011-09-12 13:11:00,19.1188,410,47,328
16142,250,1,535.34,0,Potential Loyalists,1,2011-04-04 10:16:00,2011-04-04 10:16:00,14.46864864864865,422,37,0
16143,3,12,4910.83,3,Loyal Customers,0,2009-12-10 09:44:00,2011-12-06 14:13:00,20.547405857740586,2011,107,726
16144,247,1,175.2,0,Potential Loyalists,1,2011-04-07 10:09:00,2011-04-07 10:09:00,175.2,16,1,0
16145,9,19,6805.4400000000005,3,Loyal Customers,0,2010-05-04 13:31:00,2011-12-01 10:33:00,17.185454545454547,5270,217,575
16146,157,4,946.38,0,Potential Loyalists,0,2010-09-17 10:46:00,2011-07-05 14:20:00,23.082439024390244,544,34,291
16147,134,5,2398.91,0,Potential Loyalists,0,2010-02-05 12:26:00,2011-07-29 09:57:00,17.639044117647057,1395,113,538
16148,296,2,386.62,1,At Risk,1,2010-09-29 10:12:00,2011-02-16 14:01:00,42.95777777777778,250,9,140
16149,5,3,422.22,0,Potential Loyalists,0,2010-10-06 15:54:00,2011-12-05 11:29:00,14.074,598,30,424
16150,43,10,4395.59,3,Loyal Customers,0,2009-12-17 15:33:00,2011-10-28 12:39:00,18.46886554621849,2164,143,679
16152,269,1,1829.04,0,Potential Loyalists,1,2011-03-16 09:47:00,2011-03-16 09:47:00,63.070344827586204,642,29,0
16153,50,11,5133.49,3,Loyal Customers,0,2010-05-26 12:41:00,2011-10-21 10:50:00,22.714557522123894,3693,161,512
16155,382,5,796.9,1,At Risk,1,2010-06-18 11:23:00,2010-11-23 12:03:00,16.602083333333333,495,45,158
16156,9,20,6218.18,3,Loyal Customers,0,2009-12-02 17:06:00,2011-12-01 12:42:00,23.643269961977186,3240,199,728
16157,16,3,656.69,0,Potential Loyalists,0,2011-09-28 11:48:00,2011-11-24 11:41:00,36.482777777777784,347,12,56
16158,522,9,628.32,1,At Risk,1,2009-12-05 15:00:00,2010-07-05 13:55:00,17.952,182,29,211
16159,282,4,1232.79,0,Potential Loyalists,1,2009-12-03 11:51:00,2011-03-03 12:27:00,23.7075,635,31,455
16160,65,2,1025.44,0,Potential Loyalists,0,2011-09-15 10:53:00,2011-10-05 14:19:00,51.272000000000006,1162,20,20
16161,2,43,12831.8,2,Champions,0,2010-02-08 11:06:00,2011-12-08 12:10:00,11.081001727115716,6380,458,668
16162,252,1,37.4,0,Potential Loyalists,1,2011-04-01 15:03:00,2011-04-01 15:03:00,18.7,4,2,0
16163,232,6,2849.58,0,Potential Loyalists,1,2009-12-02 10:00:00,2011-04-21 15:15:00,39.03534246575342,768,59,505
16164,17,3,822.48,0,Potential Loyalists,0,2011-10-28 09:12:00,2011-11-22 15:04:00,24.19058823529412,433,27,25
16165,505,1,79.9,1,At Risk,1,2010-07-22 14:17:00,2010-07-22 14:17:00,79.9,2,1,0
16166,428,2,435.83,1,At Risk,1,2010-01-17 14:16:00,2010-10-07 15:44:00,19.810454545454544,173,18,263
16167,414,5,1386.12,1,At Risk,1,2009-12-01 10:46:00,2010-10-21 15:33:00,22.00190476190476,1494,51,324
16168,11,46,10636.47,2,Champions,0,2009-12-03 12:38:00,2011-11-29 12:45:00,34.422233009708734,5099,131,726
16169,8,4,1822.97,0,Potential Loyalists,0,2011-09-25 11:33:00,2011-12-01 15:28:00,21.44670588235294,1325,71,67
16170,51,20,6869.0,3,Loyal Customers,0,2010-02-18 13:50:00,2011-10-20 08:21:00,15.611363636363636,6056,254,608
16171,59,1,73.2,0,Potential Loyalists,0,2011-10-11 14:51:00,2011-10-11 14:51:00,24.399999999999995,24,3,0
16172,95,8,1884.55,0,Potential Loyalists,0,2010-07-14 15:34:00,2011-09-05 13:22:00,16.677433628318585,1419,81,417
16173,16,6,1418.32,0,Potential Loyalists,0,2011-09-02 15:23:00,2011-11-24 10:53:00,16.884761904761906,575,70,82
16174,126,7,2246.75,0,Potential Loyalists,0,2010-04-15 15:12:00,2011-08-05 13:26:00,34.565384615384616,1431,28,476
16175,94,7,1836.44,0,Potential Loyalists,0,2010-05-25 12:01:00,2011-09-06 14:32:00,18.739183673469388,932,59,469
16176,421,4,2052.69,1,At Risk,1,2010-03-29 14:52:00,2010-10-14 13:54:00,28.509583333333335,952,53,198
16177,50,8,2247.31,0,Potential Loyalists,0,2010-03-02 14:03:00,2011-10-20 12:57:00,19.044999999999998,1021,79,596
16178,138,2,612.6,0,Potential Loyalists,0,2010-11-03 14:46:00,2011-07-24 16:05:00,24.504,304,24,263
16179,61,1,215.83,0,Potential Loyalists,0,2011-10-10 09:41:00,2011-10-10 09:41:00,19.62090909090909,99,11,0
16180,100,13,16249.87,3,Loyal Customers,0,2010-06-23 13:19:00,2011-08-31 16:28:00,49.693792048929666,9813,171,434
16181,73,1,305.54,0,Potential Loyalists,0,2011-09-27 13:38:00,2011-09-27 13:38:00,27.776363636363637,152,11,0
16182,72,9,9971.65,3,Loyal Customers,0,2010-03-09 09:34:00,2011-09-28 13:23:00,195.52254901960782,5887,20,568
16183,67,4,1077.81,0,Potential Loyalists,0,2010-10-28 14:43:00,2011-10-03 14:59:00,26.288048780487802,351,32,340
16184,64,6,1158.79,0,Potential Loyalists,0,2011-05-12 13:33:00,2011-10-06 17:43:00,25.750888888888888,561,26,147
16185,17,3,644.72,0,Potential Loyalists,0,2010-05-24 11:04:00,2011-11-23 09:41:00,16.118000000000002,321,39,547
16186,23,26,9026.11,3,Loyal Customers,0,2009-12-09 15:36:00,2011-11-17 12:43:00,17.192590476190478,6825,172,707
16187,32,15,6911.4400000000005,3,Loyal Customers,0,2011-02-28 13:34:00,2011-11-08 09:50:00,23.428610169491527,5048,160,252
16188,45,5,1087.66,0,Potential Loyalists,0,2010-10-27 11:50:00,2011-10-26 12:19:00,14.698108108108109,838,72,364
16189,16,2,215.48,0,Potential Loyalists,0,2011-09-15 15:21:00,2011-11-24 11:47:00,19.58909090909091,134,9,69
16190,40,8,2723.55,0,Potential Loyalists,0,2009-12-14 11:59:00,2011-10-30 15:59:00,22.886974789915968,1231,89,685
16191,3,24,15688.02,2,Champions,0,2009-12-11 12:24:00,2011-12-07 11:26:00,67.33055793991417,9360,113,725
16192,736,1,351.3,1,At Risk,1,2009-12-04 12:28:00,2009-12-04 12:28:00,31.936363636363637,208,11,0
16193,237,2,630.43,0,Potential Loyalists,1,2010-10-25 10:25:00,2011-04-17 11:45:00,16.59026315789474,379,38,174
16194,375,1,308.6,1,At Risk,1,2010-11-29 13:28:00,2010-11-29 13:28:00,38.575,140,8,0
16195,723,1,323.25,1,At Risk,1,2009-12-16 14:09:00,2009-12-16 14:09:00,20.203125,123,16,0
16196,489,1,93.3,1,At Risk,1,2010-08-08 11:40:00,2010-08-08 11:40:00,23.325,26,4,0
16197,469,9,2016.71,1,At Risk,1,2009-12-16 11:44:00,2010-08-27 12:56:00,21.68505376344086,1420,52,254
16198,75,2,1030.0410000000002,0,Potential Loyalists,0,2010-09-28 13:59:00,2011-09-25 14:58:00,31.213363636363642,384,31,362
16199,392,7,942.75,1,At Risk,1,2010-03-18 18:47:00,2010-11-12 12:55:00,94.275,321,2,238
16200,4,12,5643.45,3,Loyal Customers,0,2009-12-02 15:04:00,2011-12-05 14:40:00,9.000717703349283,3089,361,732
16201,3,5,2112.12,0,Potential Loyalists,0,2010-10-20 12:00:00,2011-12-06 16:02:00,17.03322580645161,1421,86,412
16202,361,9,2501.99,1,At Risk,1,2009-12-02 10:48:00,2010-12-14 10:43:00,20.17733870967742,1307,105,376
16203,59,6,1114.54,0,Potential Loyalists,0,2010-07-23 13:09:00,2011-10-12 12:31:00,14.474545454545455,607,56,445
16204,23,3,944.24,0,Potential Loyalists,0,2009-12-08 17:44:00,2011-11-16 13:40:00,8.584,686,86,707
16205,31,7,1830.61,0,Potential Loyalists,0,2010-06-15 11:58:00,2011-11-09 09:32:00,9.15305,1455,147,511
16206,55,13,2602.32,3,Loyal Customers,0,2010-01-24 15:25:00,2011-10-16 10:41:00,10.665245901639345,1384,187,629
16207,25,1,394.38,0,Potential Loyalists,0,2011-11-14 13:51:00,2011-11-14 13:51:00,20.756842105263157,140,19,0
16208,45,10,3440.45,3,Loyal Customers,0,2010-02-24 14:24:00,2011-10-26 11:36:00,13.598616600790514,1541,180,608
16209,89,9,4146.78,3,Loyal Customers,0,2010-06-11 11:58:00,2011-09-12 11:58:00,61.892238805970145,1895,51,458
16210,2,35,29730.420199999626,2,Champions,0,2009-12-02 12:54:00,2011-12-08 12:36:00,136.97334519572954,14263,145,735
16211,89,3,1090.59,0,Potential Loyalists,0,2010-09-27 15:24:00,2011-09-12 12:11:00,30.294166666666666,519,35,349
16212,19,4,1293.71,0,Potential Loyalists,0,2010-02-07 15:26:00,2011-11-20 13:00:00,16.586025641025643,571,71,650
16213,79,1,159.0,0,Potential Loyalists,0,2011-09-22 10:03:00,2011-09-22 10:03:00,26.5,48,6,0
16214,171,4,2038.25,0,Potential Loyalists,0,2010-09-30 13:57:00,2011-06-22 11:30:00,20.7984693877551,1308,84,264
16215,81,1,242.35,0,Potential Loyalists,0,2011-09-20 10:18:00,2011-09-20 10:18:00,17.310714285714287,104,14,0
16216,267,1,914.93,0,Potential Loyalists,1,2011-03-17 15:34:00,2011-03-17 15:34:00,24.72783783783784,254,37,0
16217,235,2,304.25,0,Potential Loyalists,1,2011-03-02 15:28:00,2011-04-18 13:31:00,20.283333333333335,91,13,46
16218,30,13,4439.97,3,Loyal Customers,0,2010-05-27 16:09:00,2011-11-10 09:59:00,27.07298780487805,3237,82,531
16219,501,1,40.8,1,At Risk,1,2010-07-27 11:44:00,2010-07-27 11:44:00,40.8,48,1,0
16221,37,9,2235.51,0,Potential Loyalists,0,2010-08-10 13:32:00,2011-11-03 11:43:00,8.532480916030533,1515,177,449
16222,318,2,1345.22,1,At Risk,1,2009-12-18 14:31:00,2011-01-25 13:38:00,8.407625,503,133,402
16223,375,2,1102.35,1,At Risk,1,2010-11-09 12:07:00,2010-11-30 11:50:00,8.748809523809525,651,101,20
16224,57,5,1616.54,0,Potential Loyalists,0,2010-11-17 13:14:00,2011-10-13 17:51:00,13.935689655172414,1555,107,330
16225,45,15,2867.4100000000003,3,Loyal Customers,0,2010-02-07 12:41:00,2011-10-26 08:30:00,9.494735099337747,1285,189,625
16226,203,5,672.1700000000001,0,Potential Loyalists,1,2010-10-22 11:19:00,2011-05-20 14:41:00,21.68290322580645,521,23,210
16227,225,3,1027.22,0,Potential Loyalists,1,2010-06-22 13:28:00,2011-04-28 13:33:00,30.212352941176473,436,28,310
16228,385,3,890.8100000000001,1,At Risk,1,2010-11-04 18:54:00,2010-11-19 14:20:00,16.196545454545454,561,45,14
16229,87,6,2867.86,0,Potential Loyalists,0,2010-05-24 12:59:00,2011-09-13 17:16:00,16.294659090909093,1292,144,477
16230,190,2,542.03,0,Potential Loyalists,1,2011-05-03 15:12:00,2011-06-03 10:06:00,15.486571428571429,365,32,30
16231,379,4,1078.22,1,At Risk,1,2010-04-21 12:06:00,2010-11-25 15:00:00,10.675445544554456,564,69,218
16232,44,7,2712.97,0,Potential Loyalists,0,2010-06-07 14:04:00,2011-10-27 12:16:00,25.837809523809522,1849,60,506
16233,71,9,1965.71,0,Potential Loyalists,0,2009-12-02 13:23:00,2011-09-29 17:27:00,26.209466666666668,689,49,666
16234,476,3,333.18,1,At Risk,1,2010-05-27 10:39:00,2010-08-20 14:33:00,22.212,170,13,85
16235,41,9,2053.71,0,Potential Loyalists,0,2010-08-26 12:10:00,2011-10-30 10:56:00,17.858347826086955,788,80,429
16236,78,1,432.2,0,Potential Loyalists,0,2011-09-22 14:10:00,2011-09-22 14:10:00,21.61,184,20,0
16237,437,1,136.65,1,At Risk,1,2010-09-28 17:02:00,2010-09-28 17:02:00,19.521428571428572,57,7,0
16238,423,1,63.66,1,At Risk,1,2010-10-13 12:36:00,2010-10-13 12:36:00,10.61,85,6,0
16239,57,6,1492.2,0,Potential Loyalists,0,2010-09-02 19:17:00,2011-10-14 08:29:00,42.63428571428572,692,24,406
16240,24,2,3718.8,0,Potential Loyalists,0,2011-09-23 13:44:00,2011-11-15 14:30:00,27.546666666666667,1641,126,53
16241,10,16,4329.31,3,Loyal Customers,0,2010-10-25 13:40:00,2011-11-30 11:08:00,4.355442655935614,2377,500,400
16242,8,14,7474.4,3,Loyal Customers,0,2010-03-15 16:02:00,2011-12-01 15:12:00,10.959530791788858,3955,348,625
16243,34,2,409.1,0,Potential Loyalists,0,2011-10-16 12:09:00,2011-11-06 12:32:00,8.02156862745098,110,49,21
16244,212,2,2579.38,0,Potential Loyalists,1,2010-12-02 11:41:00,2011-05-12 10:18:00,16.74922077922078,1474,88,160
16245,24,3,1413.66,0,Potential Loyalists,0,2011-03-28 09:30:00,2011-11-16 10:14:00,15.707333333333334,1014,80,233
16246,460,2,827.25,1,At Risk,1,2010-02-08 12:32:00,2010-09-06 12:04:00,9.294943820224718,338,79,209
16247,170,1,114.56,0,Potential Loyalists,0,2011-06-22 14:23:00,2011-06-22 14:23:00,7.16,182,16,0
16248,62,1,152.94,0,Potential Loyalists,0,2011-10-09 11:32:00,2011-10-09 11:32:00,21.84857142857143,78,7,0
16249,53,5,1800.07,0,Potential Loyalists,0,2011-04-14 13:50:00,2011-10-18 10:07:00,26.08797101449275,950,67,186
16250,261,3,791.38,0,Potential Loyalists,1,2010-11-18 10:43:00,2011-03-23 15:07:00,16.15061224489796,376,29,125
16251,512,1,128.31,1,At Risk,1,2010-07-15 14:55:00,2010-07-15 14:55:00,6.4155,44,20,0
16252,383,1,295.09000000000003,1,At Risk,1,2010-11-22 11:57:00,2010-11-22 11:57:00,14.051904761904764,158,21,0
16253,67,7,7310.15,3,Loyal Customers,0,2009-12-08 17:24:00,2011-10-04 09:09:00,24.205794701986754,6061,218,664
16254,378,3,985.14,1,At Risk,1,2010-03-17 15:43:00,2010-11-26 13:22:00,13.1352,549,65,253
16255,17,15,4906.8,3,Loyal Customers,0,2010-01-24 12:21:00,2011-11-23 12:40:00,9.17158878504673,3050,231,668
16256,267,3,1629.37,0,Potential Loyalists,1,2010-04-21 10:34:00,2011-03-18 12:18:00,56.1851724137931,1590,27,331
16257,177,1,46.95,0,Potential Loyalists,0,2011-06-16 10:11:00,2011-06-16 10:11:00,23.475,2,2,0
16258,45,15,11942.52,3,Loyal Customers,0,2010-03-10 14:19:00,2011-10-25 13:30:00,34.71662790697675,7200,253,593
16259,410,3,361.94,1,At Risk,1,2010-04-13 16:57:00,2010-10-25 14:27:00,3.891827956989247,162,75,194
16260,51,1,1035.45,0,Potential Loyalists,0,2011-10-20 09:40:00,2011-10-20 09:40:00,57.525000000000006,311,18,0
16261,17,6,1059.45,0,Potential Loyalists,0,2010-09-23 16:40:00,2011-11-22 17:23:00,6.30625,459,118,425
16262,378,1,755.15,1,At Risk,1,2010-11-26 13:22:00,2010-11-26 13:22:00,16.416304347826088,446,46,0
16263,423,1,351.01,1,At Risk,1,2010-10-12 14:52:00,2010-10-12 14:52:00,14.625416666666666,200,19,0
16264,438,2,837.53,1,At Risk,1,2010-09-19 16:14:00,2010-09-27 15:00:00,12.689848484848484,632,62,7
16265,9,12,6935.17,3,Loyal Customers,0,2010-10-28 15:18:00,2011-11-30 16:41:00,20.57913946587537,3214,192,398
16266,74,14,1757.95,3,Loyal Customers,0,2010-02-04 16:21:00,2011-09-27 12:08:00,16.127981651376146,791,73,599
16267,591,1,186.66,1,At Risk,1,2010-04-27 14:10:00,2010-04-27 14:10:00,26.665714285714284,198,7,0
16268,71,2,667.65,0,Potential Loyalists,0,2011-09-29 18:30:00,2011-09-29 18:30:00,14.836666666666666,533,45,0
16269,438,1,717.57,1,At Risk,1,2010-09-28 11:50:00,2010-09-28 11:50:00,13.539056603773586,579,53,0
16270,353,1,1141.24,1,At Risk,1,2010-12-21 14:26:00,2010-12-21 14:26:00,21.134074074074075,688,54,0
16271,3,10,3463.02,3,Loyal Customers,0,2010-03-07 12:03:00,2011-12-07 12:45:00,11.354163934426229,2399,176,640
16272,117,1,411.7,0,Potential Loyalists,0,2011-08-15 10:53:00,2011-08-15 10:54:00,16.468,224,25,0
16273,648,2,336.04,1,At Risk,1,2010-02-21 16:02:00,2010-03-01 13:24:00,21.002499999999998,46,15,7
16274,373,1,715.9,1,At Risk,1,2010-12-01 15:35:00,2010-12-01 15:35:00,5.342537313432835,310,64,0
16275,197,3,2151.11,0,Potential Loyalists,1,2010-03-08 14:41:00,2011-05-27 12:41:00,19.37936936936937,1268,105,444
16276,177,3,2629.3900000000003,0,Potential Loyalists,0,2010-04-11 12:02:00,2011-06-16 09:34:00,101.13038461538463,1467,20,430
16277,734,1,188.69,1,At Risk,1,2009-12-06 11:27:00,2009-12-06 11:27:00,8.203913043478261,33,23,0
16278,100,3,1117.84,0,Potential Loyalists,0,2010-07-28 15:40:00,2011-08-31 17:12:00,20.324363636363636,342,50,399
16279,21,9,5705.08,3,Loyal Customers,0,2010-04-22 14:09:00,2011-11-18 15:00:00,16.346934097421205,3691,243,575
16280,725,1,238.05,1,At Risk,1,2009-12-14 15:49:00,2009-12-14 15:49:00,14.878125,101,16,0
16281,72,3,3424.02,0,Potential Loyalists,0,2010-01-26 13:41:00,2011-09-28 14:57:00,87.79538461538462,1570,27,610
16282,340,3,1307.58,1,At Risk,1,2009-12-21 11:52:00,2011-01-04 11:42:00,39.623636363636365,790,31,378
16283,6,8,4403.82,3,Loyal Customers,0,2010-02-28 14:12:00,2011-12-04 12:08:00,7.4263406408094434,2889,385,643
16284,31,3,1029.77,0,Potential Loyalists,0,2010-11-11 13:27:00,2011-11-08 16:12:00,7.40841726618705,683,108,362
16285,646,1,176.9,1,At Risk,1,2010-03-03 16:03:00,2010-03-03 16:03:00,5.706451612903226,60,31,0
16286,477,2,328.95,1,At Risk,1,2010-03-26 09:58:00,2010-08-19 14:48:00,19.349999999999998,101,17,146
16287,170,5,1006.98,0,Potential Loyalists,0,2010-01-19 09:46:00,2011-06-23 09:08:00,23.975714285714286,1426,18,519
16288,470,1,129.85,1,At Risk,1,2010-08-26 14:45:00,2010-08-26 14:45:00,18.55,19,7,0
16289,462,1,136.31,1,At Risk,1,2010-09-03 14:02:00,2010-09-03 14:02:00,6.490952380952381,97,21,0
16290,465,4,2069.3,1,At Risk,1,2010-05-23 11:46:00,2010-09-01 11:52:00,15.796183206106871,1001,85,101
16291,682,1,117.72,1,At Risk,1,2010-01-26 16:26:00,2010-01-26 16:26:00,117.72,1,1,0
16292,122,5,1253.76,0,Potential Loyalists,0,2010-04-14 13:29:00,2011-08-10 12:24:00,20.22193548387097,688,51,482
16293,22,15,4657.95,3,Loyal Customers,0,2009-12-11 09:58:00,2011-11-18 09:58:00,19.32759336099585,2022,168,707
16294,477,1,126.05,1,At Risk,1,2010-08-20 12:01:00,2010-08-20 12:01:00,15.756250000000001,54,8,0
16295,10,4,1328.55,0,Potential Loyalists,0,2011-10-06 10:45:00,2011-11-30 08:17:00,16.817088607594936,841,70,54
16296,626,4,1313.67,1,At Risk,1,2009-12-18 12:03:00,2010-03-23 13:11:00,17.752297297297297,645,56,95
16297,269,1,301.9,0,Potential Loyalists,1,2011-03-16 08:29:00,2011-03-16 08:29:00,15.094999999999999,206,20,0
16298,23,7,1085.7,0,Potential Loyalists,0,2010-09-23 15:23:00,2011-11-17 11:59:00,23.1,308,32,419
16299,477,1,193.65,1,At Risk,1,2010-08-19 17:46:00,2010-08-19 17:46:00,16.1375,107,12,0
16300,430,3,1392.43,1,At Risk,1,2010-02-02 11:40:00,2010-10-05 13:14:00,5.592088353413655,658,190,245
16301,737,1,107.33,1,At Risk,1,2009-12-03 10:20:00,2009-12-03 10:20:00,17.888333333333332,41,6,0
16302,127,1,233.22,0,Potential Loyalists,0,2011-08-05 09:44:00,2011-08-05 09:44:00,21.201818181818183,158,11,0
16303,26,7,7928.27,3,Loyal Customers,0,2010-03-18 14:12:00,2011-11-14 10:49:00,27.721223776223777,3859,156,605
16304,695,1,381.66,1,At Risk,1,2010-01-14 08:30:00,2010-01-14 08:30:00,15.2664,228,25,0
16305,139,1,361.22,0,Potential Loyalists,0,2011-07-24 12:18:00,2011-07-24 12:18:00,16.41909090909091,256,22,0
16306,214,7,1192.82,0,Potential Loyalists,1,2010-10-01 09:36:00,2011-05-10 12:12:00,17.287246376811595,742,55,221
16307,429,3,1194.92,1,At Risk,1,2010-05-11 14:40:00,2010-10-06 14:31:00,15.932266666666667,1123,69,147
16308,38,7,5120.0,0,Potential Loyalists,0,2009-12-15 15:48:00,2011-11-02 11:24:00,731.4285714285714,16000,1,686
16309,106,2,706.57,0,Potential Loyalists,0,2011-04-13 11:46:00,2011-08-25 15:35:00,16.823095238095238,467,39,134
16310,414,2,460.08,1,At Risk,1,2010-03-07 15:41:00,2010-10-21 14:47:00,16.431428571428572,270,26,227
16311,18,2,616.26,0,Potential Loyalists,0,2011-10-21 13:13:00,2011-11-22 08:54:00,16.655675675675674,394,35,31
16312,432,1,171.15,1,At Risk,1,2010-10-03 14:15:00,2010-10-03 14:15:00,17.115000000000002,53,10,0
16313,3,2,274.15000000000003,0,Potential Loyalists,0,2011-10-21 09:04:00,2011-12-06 13:02:00,17.134375000000002,165,16,46
16314,390,3,1491.4,1,At Risk,1,2010-08-24 11:52:00,2010-11-15 12:06:00,24.05483870967742,636,58,83
16315,331,2,402.71,1,At Risk,1,2010-06-21 13:53:00,2011-01-13 11:57:00,17.50913043478261,143,21,205
16316,64,13,5744.91,3,Loyal Customers,0,2010-08-03 14:38:00,2011-10-06 13:48:00,19.343131313131313,3057,193,428
16317,120,5,2192.51,0,Potential Loyalists,0,2010-05-04 10:17:00,2011-08-12 12:46:00,18.73940170940171,1236,103,465
16318,35,1,328.15,0,Potential Loyalists,0,2011-11-04 13:05:00,2011-11-04 13:05:00,17.27105263157895,199,19,0
16319,218,1,404.4,0,Potential Loyalists,1,2011-05-06 11:27:00,2011-05-06 11:27:00,134.8,72,3,0
16320,172,6,5628.99,0,Potential Loyalists,0,2010-01-27 13:29:00,2011-06-20 15:25:00,23.356804979253113,3319,193,509
16321,72,7,604.5500000000001,0,Potential Loyalists,0,2009-12-01 10:36:00,2011-09-28 14:55:00,26.284782608695654,259,15,666
16322,1,2,326.75,0,Potential Loyalists,0,2011-11-03 14:33:00,2011-12-08 15:41:00,8.83108108108108,231,28,35
16323,196,2,353.66,0,Potential Loyalists,1,2010-05-11 09:48:00,2011-05-27 14:48:00,88.415,146,4,381
16324,128,3,428.68,0,Potential Loyalists,0,2011-06-15 14:26:00,2011-08-03 12:58:00,3.6328813559322035,282,100,48
16325,47,12,3597.5,3,Loyal Customers,0,2009-12-04 13:21:00,2011-10-24 08:48:00,26.068840579710145,2464,104,688
16326,6,24,4826.99,3,Loyal Customers,0,2010-01-28 13:23:00,2011-12-04 10:11:00,9.75149494949495,1120,243,674
16327,14,16,10731.34,3,Loyal Customers,0,2009-12-14 13:06:00,2011-11-25 13:23:00,11.33193241816262,8540,289,711
16328,563,1,310.83,1,At Risk,1,2010-05-25 14:02:00,2010-05-25 14:02:00,19.426875,141,16,0
16329,428,4,1703.07,1,At Risk,1,2009-12-01 11:34:00,2010-10-08 12:44:00,14.809304347826087,826,83,311
16330,18,7,634.33,0,Potential Loyalists,0,2010-02-15 12:36:00,2011-11-22 12:24:00,5.375677966101695,327,105,644
16331,432,6,2037.7,1,At Risk,1,2010-03-07 10:55:00,2010-10-03 13:47:00,59.932352941176475,756,33,210
16332,28,11,2010.41,0,Potential Loyalists,0,2010-04-29 13:41:00,2011-11-11 14:22:00,10.102562814070351,1132,158,561
16333,8,22,26626.8,2,Champions,0,2011-02-03 10:50:00,2011-12-02 12:19:00,591.7066666666667,32184,9,302
16334,492,1,277.48,1,At Risk,1,2010-08-04 16:38:00,2010-08-04 16:38:00,4.784137931034483,211,54,0
16335,552,7,2774.0,1,At Risk,1,2009-12-04 10:18:00,2010-06-06 11:35:00,7.579234972677596,1016,193,184
16336,421,4,3517.69,1,At Risk,1,2010-03-18 08:05:00,2010-10-15 12:32:00,51.73073529411765,1473,64,211
16337,37,1,151.05,0,Potential Loyalists,0,2011-11-03 10:03:00,2011-11-03 10:03:00,15.105,87,10,0
16338,157,1,214.8,0,Potential Loyalists,0,2011-07-05 13:56:00,2011-07-05 13:56:00,19.527272727272727,94,11,0
16339,284,1,109.95,1,At Risk,1,2011-02-28 13:41:00,2011-02-28 13:41:00,5.4975000000000005,23,17,0
16340,107,3,1526.06,0,Potential Loyalists,0,2010-06-06 13:26:00,2011-08-24 14:53:00,4.0479045092838195,1345,277,444
16341,25,7,3850.79,0,Potential Loyalists,0,2010-04-09 10:30:00,2011-11-15 09:12:00,24.372088607594936,3022,103,584
16342,75,4,322.41,0,Potential Loyalists,0,2011-06-13 10:10:00,2011-09-25 14:36:00,21.494000000000003,157,10,104
16343,16,3,687.0699999999999,0,Potential Loyalists,0,2010-10-28 14:15:00,2011-11-23 17:45:00,7.989186046511628,422,54,391
16344,158,4,842.42,0,Potential Loyalists,0,2010-02-09 12:16:00,2011-07-04 15:50:00,18.313478260869566,706,43,510
16345,44,2,1198.74,0,Potential Loyalists,0,2010-08-13 17:13:00,2011-10-26 16:03:00,10.79945945945946,620,95,438
16346,385,1,224.51,1,At Risk,1,2010-11-19 15:55:00,2010-11-19 15:55:00,14.967333333333332,289,15,0
16347,11,11,3509.41,3,Loyal Customers,0,2010-03-12 12:41:00,2011-11-28 13:14:00,9.913587570621468,1750,209,626
16348,32,8,1798.22,0,Potential Loyalists,0,2010-10-05 13:57:00,2011-11-07 15:44:00,6.760225563909774,1178,180,398
16349,291,1,53.5,1,At Risk,1,2011-02-22 12:40:00,2011-02-22 12:40:00,5.944444444444445,9,9,0
16350,21,9,2253.89,0,Potential Loyalists,0,2010-10-07 16:33:00,2011-11-18 15:53:00,18.47450819672131,1077,72,406
16351,333,13,3330.03,3,Loyal Customers,1,2009-12-04 16:12:00,2011-01-11 10:26:00,17.80764705882353,2165,124,402
16352,18,2,494.44,0,Potential Loyalists,0,2011-11-02 08:44:00,2011-11-22 10:32:00,17.658571428571427,300,28,20
16353,4,38,9999.46,2,Champions,0,2009-12-07 13:55:00,2011-12-06 12:23:00,57.46816091954024,3531,76,728
16354,63,5,1129.51,0,Potential Loyalists,0,2010-04-27 13:33:00,2011-10-07 14:28:00,7.954295774647887,599,116,528
16355,375,1,416.35,1,At Risk,1,2010-11-29 14:21:00,2010-11-29 14:21:00,8.673958333333333,179,47,0
16356,198,6,415.87,0,Potential Loyalists,1,2010-06-06 11:26:00,2011-05-26 11:51:00,7.0486440677966105,190,27,354
16357,33,4,868.37,0,Potential Loyalists,0,2010-11-23 18:52:00,2011-11-06 16:04:00,18.47595744680851,389,43,347
16358,1,5,2919.65,0,Potential Loyalists,0,2010-11-10 11:36:00,2011-12-08 15:09:00,18.958766233766234,2065,118,393
16359,7,16,2697.75,3,Loyal Customers,0,2010-02-16 10:39:00,2011-12-02 17:04:00,21.582,1764,78,654
16360,5,6,3512.53,0,Potential Loyalists,0,2011-09-12 13:50:00,2011-12-05 12:16:00,5.305936555891239,2144,365,83
16361,10,4,896.66,0,Potential Loyalists,0,2011-09-29 13:13:00,2011-11-30 12:32:00,8.459056603773584,421,87,61
16362,32,6,946.94,0,Potential Loyalists,0,2010-09-28 09:24:00,2011-11-07 13:01:00,10.073829787234043,478,67,405
16363,53,1,109.36,0,Potential Loyalists,0,2011-10-17 14:14:00,2011-10-17 14:14:00,21.872000000000003,52,5,0
16364,12,2,707.04,0,Potential Loyalists,0,2011-07-25 14:35:00,2011-11-28 11:27:00,13.340377358490565,280,48,125
16365,18,15,3307.2,3,Loyal Customers,0,2009-12-11 12:41:00,2011-11-22 11:24:00,25.439999999999998,1135,97,710
16366,19,4,1548.13,0,Potential Loyalists,0,2009-12-16 10:39:00,2011-11-21 08:19:00,19.847820512820515,882,74,704
16367,37,3,1362.4,0,Potential Loyalists,0,2010-11-21 13:23:00,2011-11-02 13:13:00,5.949344978165939,1117,196,345
16368,2,3,640.21,0,Potential Loyalists,0,2010-09-30 11:30:00,2011-12-07 13:12:00,6.5327551020408166,317,74,433
16369,18,7,2664.81,0,Potential Loyalists,0,2010-04-07 16:52:00,2011-11-21 16:25:00,15.67535294117647,1594,115,592
16370,82,4,1320.56,0,Potential Loyalists,0,2011-04-28 16:40:00,2011-09-18 15:55:00,5.791929824561404,647,143,142
16371,449,1,157.2,1,At Risk,1,2010-09-17 12:09:00,2010-09-17 12:09:00,14.29090909090909,108,11,0
16372,33,5,1328.61,0,Potential Loyalists,0,2010-04-11 15:20:00,2011-11-06 13:08:00,3.9898198198198194,748,271,573
16373,382,2,309.49,1,At Risk,1,2010-10-24 13:10:00,2010-11-22 15:50:00,10.672068965517242,119,25,29
16374,66,5,1771.45,0,Potential Loyalists,0,2010-04-30 13:10:00,2011-10-04 15:21:00,4.9481843575419,800,276,522
16375,470,2,104.0,1,At Risk,1,2010-08-26 14:12:00,2010-08-26 14:25:00,8.0,74,11,0
16376,9,2,987.01,0,Potential Loyalists,0,2011-11-22 16:47:00,2011-12-01 11:38:00,7.8960799999999995,694,104,8
16377,267,2,1308.48,0,Potential Loyalists,1,2010-04-01 10:36:00,2011-03-17 15:41:00,130.848,2928,6,350
16378,247,3,362.95,0,Potential Loyalists,1,2011-02-02 12:42:00,2011-04-06 15:07:00,15.780434782608696,267,22,63
16379,4,4,2157.4,0,Potential Loyalists,0,2011-09-22 09:33:00,2011-12-05 15:38:00,19.975925925925928,1410,87,74
16380,61,1,1780.59,0,Potential Loyalists,0,2011-10-09 15:40:00,2011-10-09 15:40:00,55.6434375,1524,28,0
16381,396,2,258.7,1,At Risk,1,2010-10-17 13:06:00,2010-11-09 09:56:00,3.98,112,60,22
16382,408,2,353.1,1,At Risk,1,2010-06-07 12:42:00,2010-10-27 16:23:00,8.025,167,42,142
16383,75,7,2974.84,0,Potential Loyalists,0,2010-02-04 13:18:00,2011-09-26 12:45:00,7.116842105263158,1620,239,598
16384,90,4,1358.95,0,Potential Loyalists,0,2010-04-28 14:01:00,2011-09-11 11:19:00,16.77716049382716,861,80,500
16385,60,5,1030.61,0,Potential Loyalists,0,2010-03-18 12:45:00,2011-10-10 13:12:00,7.522700729927006,549,94,571
16386,29,3,1102.59,0,Potential Loyalists,0,2010-11-17 11:19:00,2011-11-11 12:28:00,7.500612244897958,723,127,359
16387,323,5,918.55,1,At Risk,1,2010-03-11 12:22:00,2011-01-21 11:34:00,9.568229166666667,457,68,315
16388,654,1,186.05,1,At Risk,1,2010-02-24 10:20:00,2010-02-24 10:20:00,14.311538461538463,83,13,0
16389,53,4,1382.07,0,Potential Loyalists,0,2011-03-01 15:47:00,2011-10-17 14:41:00,40.64911764705883,1242,33,229
16390,537,3,467.5,1,At Risk,1,2010-01-29 15:25:00,2010-06-21 10:11:00,22.261904761904763,122,16,142
16391,401,4,1103.61,1,At Risk,1,2010-05-27 11:27:00,2010-11-04 12:27:00,3.33416918429003,748,261,161
16392,270,3,763.05,0,Potential Loyalists,1,2010-05-27 11:17:00,2011-03-15 12:11:00,5.121140939597315,609,125,292
16393,2,23,5561.66,3,Loyal Customers,0,2009-12-01 12:13:00,2011-12-07 12:51:00,7.075903307888041,3132,313,736
16394,57,5,1555.34,0,Potential Loyalists,0,2011-02-23 10:58:00,2011-10-14 09:48:00,18.73903614457831,2604,61,232
16395,61,14,3537.85,3,Loyal Customers,0,2009-12-06 12:26:00,2011-10-10 12:50:00,5.468083462132921,2919,416,673
16396,476,1,137.8,1,At Risk,1,2010-08-20 14:17:00,2010-08-20 14:17:00,17.225,80,8,0
16397,628,1,127.88,1,At Risk,1,2010-03-21 15:36:00,2010-03-21 15:36:00,11.625454545454545,50,9,0
16398,154,2,1705.8,0,Potential Loyalists,0,2011-03-31 09:38:00,2011-07-08 15:16:00,20.802439024390242,758,75,99
16399,19,3,641.82,0,Potential Loyalists,0,2010-11-15 15:03:00,2011-11-20 16:12:00,5.679823008849558,456,97,370
16400,95,9,3159.44,0,Potential Loyalists,0,2009-12-08 12:38:00,2011-09-06 12:27:00,11.24355871886121,2159,214,636
16401,1,23,6849.15,3,Loyal Customers,0,2010-06-02 13:13:00,2011-12-08 18:15:00,18.868181818181817,6035,110,554
16402,265,2,511.4,0,Potential Loyalists,1,2010-12-05 13:42:00,2011-03-20 12:25:00,4.3709401709401705,254,55,104
16403,312,1,177.5,1,At Risk,1,2011-01-31 13:39:00,2011-01-31 13:39:00,17.75,114,10,0
16404,70,1,443.05,0,Potential Loyalists,0,2011-09-30 14:55:00,2011-09-30 14:55:00,19.26304347826087,157,23,0
16405,302,2,167.25,1,At Risk,1,2011-02-02 17:08:00,2011-02-10 15:24:00,33.45,187,3,7
16406,19,3,552.68,0,Potential Loyalists,0,2010-02-24 11:51:00,2011-11-21 11:57:00,3.4759748427672954,271,135,635
16407,13,14,2821.65,3,Loyal Customers,0,2010-10-03 13:56:00,2011-11-27 11:05:00,12.16228448275862,1484,120,419
16408,591,1,231.93,1,At Risk,1,2010-04-27 14:08:00,2010-04-27 14:08:00,5.154,227,45,0
16409,36,12,5709.04,3,Loyal Customers,0,2009-12-13 15:38:00,2011-11-03 16:45:00,7.217496839443742,3706,335,690
16410,734,1,130.32,1,At Risk,1,2009-12-05 14:51:00,2009-12-05 14:51:00,26.064,348,5,0
16411,19,4,910.19,0,Potential Loyalists,0,2010-10-07 15:09:00,2011-11-20 13:23:00,4.397053140096618,543,139,408
16412,54,5,647.23,0,Potential Loyalists,0,2010-02-04 13:46:00,2011-10-17 12:35:00,4.759044117647059,311,84,619
16413,57,2,528.98,0,Potential Loyalists,0,2010-11-29 12:49:00,2011-10-14 12:08:00,7.666376811594203,284,55,318
16414,22,5,559.71,0,Potential Loyalists,0,2010-01-14 10:21:00,2011-11-18 09:42:00,8.74546875,202,58,672
16415,44,3,719.44,0,Potential Loyalists,0,2010-02-01 12:30:00,2011-10-26 13:35:00,4.440987654320988,527,120,632
16416,27,9,2972.88,0,Potential Loyalists,0,2010-02-23 12:00:00,2011-11-13 12:50:00,15.897754010695188,2210,146,628
16417,493,1,35.7,1,At Risk,1,2010-08-04 09:08:00,2010-08-04 09:08:00,35.7,6,1,0
16418,45,5,1101.94,0,Potential Loyalists,0,2010-10-13 12:31:00,2011-10-26 12:39:00,6.520355029585799,580,121,378
16419,113,8,1487.42,0,Potential Loyalists,0,2010-02-09 13:26:00,2011-08-19 12:33:00,16.167608695652174,721,62,555
16420,396,1,75.0,1,At Risk,1,2010-11-08 15:15:00,2010-11-08 15:15:00,37.5,120,2,0
16421,376,3,526.27,1,At Risk,1,2010-08-27 12:02:00,2010-11-28 13:31:00,13.849210526315789,123,35,93
16422,17,46,29730.420199999626,2,Champions,0,2010-01-12 11:57:00,2011-11-22 14:00:00,89.39813202247191,66369,111,679
16423,25,1,346.12,0,Potential Loyalists,0,2011-11-15 09:21:00,2011-11-15 09:21:00,19.22888888888889,230,18,0
16424,191,2,443.06,0,Potential Loyalists,1,2010-11-22 11:24:00,2011-06-01 13:40:00,34.081538461538464,212,10,191
16425,302,1,302.7,1,At Risk,1,2011-02-10 14:30:00,2011-02-10 14:30:00,14.414285714285715,199,21,0
16426,2,10,1908.25,0,Potential Loyalists,0,2011-03-08 15:45:00,2011-12-07 14:01:00,5.129704301075269,1243,211,273
16427,263,2,241.06,0,Potential Loyalists,1,2011-02-28 15:18:00,2011-03-21 17:10:00,26.784444444444446,156,8,21
16428,414,3,660.28,1,At Risk,1,2010-07-30 12:10:00,2010-10-22 12:22:00,4.8549999999999995,595,121,84
16429,106,1,284.55,0,Potential Loyalists,0,2011-08-25 13:54:00,2011-08-25 13:54:00,142.275,9,2,0
16430,57,7,1117.94,0,Potential Loyalists,0,2010-01-27 12:45:00,2011-10-13 14:47:00,39.92642857142857,307,19,624
16431,213,3,642.81,0,Potential Loyalists,1,2011-02-15 14:02:00,2011-05-10 14:09:00,7.744698795180722,453,51,84
16432,64,1,287.4,0,Potential Loyalists,0,2011-10-06 13:59:00,2011-10-06 13:59:00,35.925000000000004,276,8,0
16433,28,2,384.52,0,Potential Loyalists,0,2010-10-27 12:26:00,2011-11-11 14:09:00,11.309411764705882,214,33,380
16434,29,12,2741.74,3,Loyal Customers,0,2010-01-17 14:51:00,2011-11-10 14:28:00,14.661711229946523,1338,126,661
16435,512,3,1011.57,1,At Risk,1,2010-07-13 13:29:00,2010-07-15 18:22:00,8.028333333333332,609,119,2
16436,668,3,329.34,1,At Risk,1,2009-12-06 16:02:00,2010-02-09 13:19:00,8.032682926829267,239,37,64
16437,381,2,301.25,1,At Risk,1,2010-10-06 12:34:00,2010-11-23 16:59:00,14.345238095238095,197,17,48
16438,6,5,798.35,0,Potential Loyalists,0,2011-09-18 13:31:00,2011-12-04 10:51:00,6.04810606060606,463,74,76
16439,722,1,310.70000000000005,1,At Risk,1,2009-12-17 14:22:00,2009-12-17 14:22:00,34.522222222222226,74,9,0
16440,8,6,3856.97,0,Potential Loyalists,0,2010-08-03 11:32:00,2011-12-02 12:02:00,12.563420195439738,2108,202,486
16441,67,5,1034.43,0,Potential Loyalists,0,2010-03-22 18:00:00,2011-10-03 17:48:00,12.02825581395349,484,67,559
16442,2,5,899.47,0,Potential Loyalists,0,2009-12-13 11:05:00,2011-12-08 11:43:00,3.59788,583,226,725
16443,521,1,162.24,1,At Risk,1,2010-07-07 11:57:00,2010-07-07 11:57:00,162.24,96,1,0
16444,46,17,3656.58,3,Loyal Customers,0,2010-03-24 14:06:00,2011-10-24 13:50:00,9.724946808510639,1959,217,578
16445,34,4,602.73,0,Potential Loyalists,0,2010-10-24 12:39:00,2011-11-06 12:32:00,3.13921875,299,143,377
16446,1,2,29730.420199999626,2,Champions,0,2011-05-18 09:52:00,2011-12-09 09:15:00,56157.5,80997,3,204
16447,136,3,775.14,0,Potential Loyalists,0,2010-02-17 14:09:00,2011-07-27 12:45:00,10.618356164383561,323,59,524
16448,198,2,367.87,0,Potential Loyalists,1,2010-08-25 16:58:00,2011-05-25 16:28:00,7.074423076923077,179,45,272
16449,198,2,707.69,0,Potential Loyalists,1,2011-03-04 12:15:00,2011-05-26 10:25:00,17.69225,367,40,82
16450,150,3,1505.73,0,Potential Loyalists,0,2010-02-21 15:46:00,2011-07-13 11:47:00,35.016976744186046,681,36,506
16451,88,3,1013.15,0,Potential Loyalists,0,2009-12-04 15:11:00,2011-09-13 09:17:00,15.586923076923076,524,61,647
16452,631,2,332.17,1,At Risk,1,2010-01-15 12:22:00,2010-03-19 12:39:00,18.45388888888889,199,14,63
16453,531,2,251.71,1,At Risk,1,2010-06-09 13:15:00,2010-06-27 12:46:00,16.78066666666667,139,15,17
16454,45,4,30.950000000000003,0,Potential Loyalists,0,2010-04-07 15:54:00,2011-10-26 11:40:00,7.737500000000001,9,4,566
16455,64,11,4384.37,3,Loyal Customers,0,2010-03-30 10:31:00,2011-10-07 12:17:00,19.48608888888889,3103,111,556
16456,99,13,6862.91,3,Loyal Customers,0,2010-03-29 11:16:00,2011-09-01 13:50:00,16.53713253012048,3725,226,521
16457,218,1,208.36,0,Potential Loyalists,1,2011-05-05 13:19:00,2011-05-05 13:19:00,23.151111111111113,140,9,0
16458,3,30,5715.34,3,Loyal Customers,0,2010-05-26 14:38:00,2011-12-07 09:34:00,14.922558746736293,3406,91,559
16459,730,1,71.78999999999999,1,At Risk,1,2009-12-10 12:42:00,2009-12-10 12:42:00,14.357999999999999,59,5,0
16460,28,3,814.72,0,Potential Loyalists,0,2011-09-19 10:15:00,2011-11-11 13:46:00,6.034962962962963,879,128,53
16461,178,3,1615.22,0,Potential Loyalists,0,2010-03-03 13:57:00,2011-06-15 12:07:00,6.00453531598513,1039,223,468
16462,74,3,136.0,0,Potential Loyalists,0,2011-03-01 08:58:00,2011-09-27 10:24:00,45.333333333333336,16,1,210
16463,21,4,1422.4,0,Potential Loyalists,0,2011-05-19 14:45:00,2011-11-18 14:01:00,17.346341463414635,1163,74,182
16464,20,3,1314.68,0,Potential Loyalists,0,2011-07-20 13:53:00,2011-11-20 12:11:00,5.570677966101695,963,152,122
16465,421,2,746.24,1,At Risk,1,2010-09-21 10:46:00,2010-10-15 09:27:00,15.546666666666667,504,45,23
16466,34,15,3838.59,3,Loyal Customers,0,2010-03-07 14:31:00,2011-11-06 11:35:00,10.9674,1806,207,608
16467,509,7,2869.16,1,At Risk,1,2009-12-02 11:59:00,2010-07-19 11:49:00,119.54833333333333,7384,14,228
16468,74,3,787.52,0,Potential Loyalists,0,2010-08-15 13:10:00,2011-09-26 14:13:00,17.500444444444444,371,38,407
16469,24,5,828.91,0,Potential Loyalists,0,2010-07-13 13:17:00,2011-11-16 12:25:00,4.043463414634147,345,167,490
16470,52,11,2458.6,3,Loyal Customers,0,2009-12-11 12:21:00,2011-10-19 12:11:00,5.090269151138716,1357,286,676
16471,275,4,1189.98,0,Potential Loyalists,1,2010-02-25 10:07:00,2011-03-10 09:41:00,19.193225806451615,670,48,377
16472,434,2,789.6,1,At Risk,1,2010-04-21 11:48:00,2010-10-01 13:56:00,20.246153846153845,252,39,163
16473,165,4,470.83,0,Potential Loyalists,0,2010-11-30 16:29:00,2011-06-28 09:10:00,16.815357142857142,296,26,209
16474,7,7,1871.5,0,Potential Loyalists,0,2011-07-17 14:51:00,2011-12-02 13:02:00,5.198611111111111,943,237,137
16475,88,4,544.3,0,Potential Loyalists,0,2011-03-11 09:39:00,2011-09-12 14:37:00,19.439285714285713,319,23,185
16476,432,1,350.35,1,At Risk,1,2010-10-04 10:29:00,2010-10-04 10:29:00,14.597916666666668,187,24,0
16477,64,11,4320.02,3,Loyal Customers,0,2010-08-12 09:43:00,2011-10-07 09:44:00,16.615461538461542,2632,177,421
16478,25,3,331.0,0,Potential Loyalists,0,2011-10-05 12:02:00,2011-11-14 15:51:00,19.470588235294116,224,15,40
16479,10,2,300.83,0,Potential Loyalists,0,2011-11-29 13:04:00,2011-11-29 13:40:00,8.595142857142857,102,35,0
16480,76,1,769.29,0,Potential Loyalists,0,2011-09-25 11:40:00,2011-09-25 11:40:00,14.514905660377357,455,51,0
16481,682,1,453.38,1,At Risk,1,2010-01-26 13:09:00,2010-01-26 13:09:00,28.33625,201,16,0
16482,16,1,220.62,0,Potential Loyalists,0,2011-11-24 12:33:00,2011-11-24 12:33:00,12.256666666666668,346,18,0
16483,192,1,139.35,0,Potential Loyalists,1,2011-05-31 13:08:00,2011-05-31 13:08:00,7.334210526315789,44,19,0
16484,174,2,404.3,0,Potential Loyalists,0,2011-06-02 10:39:00,2011-06-19 12:06:00,16.172,200,25,17
16485,77,5,2294.68,0,Potential Loyalists,0,2009-12-06 12:28:00,2011-09-23 15:50:00,15.825379310344827,1154,126,656
16486,538,1,134.36,1,At Risk,1,2010-06-20 12:16:00,2010-06-20 12:16:00,19.194285714285716,24,7,0
16487,577,2,209.4,1,At Risk,1,2010-02-18 17:36:00,2010-05-11 13:38:00,5.982857142857143,163,28,81
16488,33,3,498.8,0,Potential Loyalists,0,2011-07-14 11:46:00,2011-11-06 13:42:00,17.2,728,28,115
16489,380,2,303.7,1,At Risk,1,2010-09-29 15:02:00,2010-11-24 14:40:00,50.61666666666667,38,4,55
16490,436,1,205.41000000000005,1,At Risk,1,2010-09-29 16:30:00,2010-09-29 16:30:00,15.800769230769232,113,13,0
16491,47,2,1533.16,0,Potential Loyalists,0,2010-10-22 15:42:00,2011-10-24 10:18:00,17.622528735632184,1060,86,366
16492,541,1,385.56,1,At Risk,1,2010-06-17 08:20:00,2010-06-17 08:20:00,16.763478260869565,235,23,0
16493,80,7,2132.09,0,Potential Loyalists,0,2010-03-26 13:05:00,2011-09-21 11:10:00,19.20801801801802,1988,77,543
16494,297,1,826.53,1,At Risk,1,2011-02-16 12:49:00,2011-02-16 12:49:00,16.5306,675,47,0
16495,3,3,684.41,0,Potential Loyalists,0,2011-03-08 16:38:00,2011-12-06 13:20:00,7.055773195876288,337,78,272
16496,9,6,2330.77,0,Potential Loyalists,0,2010-07-18 13:42:00,2011-12-01 10:31:00,16.88963768115942,1764,120,500
16497,50,23,6695.28,3,Loyal Customers,0,2009-12-03 14:11:00,2011-10-21 10:55:00,19.867299703264095,3050,239,686
16498,161,2,100.97,0,Potential Loyalists,0,2011-06-30 19:52:00,2011-07-01 15:07:00,6.731333333333334,45,15,0
16499,360,8,2578.34,1,At Risk,1,2010-06-11 12:22:00,2010-12-14 13:31:00,17.90513888888889,1364,104,186
16500,5,9,843.9100000000001,0,Potential Loyalists,0,2010-06-14 14:54:00,2011-12-05 12:04:00,24.82088235294118,386,24,538
16501,383,1,1237.23,1,At Risk,1,2010-11-21 14:10:00,2010-11-21 14:10:00,5.9769565217391305,642,181,0
16502,620,2,266.5,1,At Risk,1,2010-03-29 13:39:00,2010-03-29 13:44:00,6.1976744186046515,251,41,0
16503,107,11,3614.34,3,Loyal Customers,0,2010-06-21 14:07:00,2011-08-25 11:46:00,16.9687323943662,1535,161,429
16504,25,1,484.38,0,Potential Loyalists,0,2011-11-14 15:18:00,2011-11-14 15:18:00,5.632325581395349,524,76,0
16505,32,1,777.6,0,Potential Loyalists,0,2011-11-08 12:14:00,2011-11-08 12:14:00,194.4,576,4,0
16506,20,2,90.3,0,Potential Loyalists,0,2011-10-30 15:50:00,2011-11-20 12:17:00,30.100000000000005,42,3,20
16507,572,1,152.76,1,At Risk,1,2010-05-16 12:56:00,2010-05-16 12:56:00,3.5525581395348835,116,37,0
16508,630,1,248.8,1,At Risk,1,2010-03-19 13:41:00,2010-03-19 13:41:00,5.528888888888889,106,42,0
16509,297,1,363.7,1,At Risk,1,2011-02-16 09:25:00,2011-02-16 09:25:00,27.97692307692308,64,13,0
16510,372,6,2100.0,1,At Risk,1,2010-01-17 12:30:00,2010-12-02 13:39:00,16.03053435114504,1076,94,319
16511,22,6,1819.02,0,Potential Loyalists,0,2010-03-01 12:21:00,2011-11-18 10:41:00,5.6844375,787,235,626
16513,5,4,874.59,0,Potential Loyalists,0,2011-10-27 14:56:00,2011-12-05 10:18:00,24.988285714285716,407,33,38
16515,52,10,3216.3,3,Loyal Customers,0,2010-06-17 12:17:00,2011-10-18 13:10:00,13.401250000000001,1601,184,488
16516,30,1,101.7,0,Potential Loyalists,0,2011-11-09 14:59:00,2011-11-09 14:59:00,16.95,58,6,0
16517,277,1,162.7,1,At Risk,1,2011-03-07 13:50:00,2011-03-07 13:50:00,9.57058823529412,96,17,0
16518,61,4,959.37,0,Potential Loyalists,0,2010-06-01 13:31:00,2011-10-09 15:04:00,14.108382352941177,524,61,495
16519,25,4,556.26,0,Potential Loyalists,0,2010-03-01 13:51:00,2011-11-14 15:41:00,13.244285714285715,176,32,623
16520,186,6,2482.62,0,Potential Loyalists,1,2010-03-02 16:50:00,2011-06-06 13:24:00,5.982216867469879,1266,251,460
16521,415,3,1148.01,1,At Risk,1,2010-03-01 13:22:00,2010-10-20 13:09:00,4.803389121338912,1016,212,232
16522,436,2,433.36,1,At Risk,1,2010-09-15 13:32:00,2010-09-30 10:54:00,24.075555555555557,212,16,14
16523,2,28,11916.33,2,Champions,0,2010-01-24 13:14:00,2011-12-08 09:06:00,32.11948787061995,4979,180,682
16524,446,2,308.14,1,At Risk,1,2010-01-17 13:16:00,2010-09-19 13:37:00,5.706296296296296,260,50,245
16525,2,46,24582.64,2,Champions,0,2009-12-02 13:53:00,2011-12-07 15:07:00,67.53472527472528,14630,115,735
16526,172,2,717.21,0,Potential Loyalists,0,2010-05-04 16:34:00,2011-06-21 12:02:00,20.491714285714288,279,30,412
16527,81,2,1272.44,0,Potential Loyalists,0,2010-10-11 13:25:00,2011-09-19 16:21:00,16.525194805194808,726,66,343
16528,4,1,244.41,0,Potential Loyalists,0,2011-12-06 12:45:00,2011-12-06 12:45:00,14.377058823529412,171,17,0
16529,190,4,2012.0,0,Potential Loyalists,1,2010-06-27 13:29:00,2011-06-02 17:23:00,15.5968992248062,751,87,340
16530,668,1,48.35,1,At Risk,1,2010-02-09 15:30:00,2010-02-09 15:30:00,16.116666666666667,17,3,0
16531,22,11,2298.33,3,Loyal Customers,0,2010-09-24 09:49:00,2011-11-17 16:29:00,16.654565217391305,1863,109,419
16532,18,5,8756.64,3,Loyal Customers,0,2010-03-29 10:26:00,2011-11-22 11:08:00,1459.4399999999998,2544,2,603
16533,19,3,1095.56,0,Potential Loyalists,0,2011-10-02 15:07:00,2011-11-20 13:08:00,6.189604519774011,612,112,48
16534,642,1,635.9,1,At Risk,1,2010-03-07 15:47:00,2010-03-07 15:47:00,17.663888888888888,168,36,0
16535,5,3,1001.59,0,Potential Loyalists,0,2010-01-28 15:26:00,2011-12-04 15:18:00,13.178815789473685,685,67,674
16536,110,1,548.97,0,Potential Loyalists,0,2011-08-21 15:54:00,2011-08-21 15:54:00,9.981272727272728,251,49,0
16537,641,1,23.35,1,At Risk,1,2010-03-08 13:41:00,2010-03-08 13:41:00,5.8375,59,3,0
16538,541,3,399.62,1,At Risk,1,2010-04-23 16:25:00,2010-06-16 16:59:00,9.293488372093023,257,35,54
16539,3,10,3732.01,3,Loyal Customers,0,2010-06-25 15:24:00,2011-12-07 08:41:00,24.552697368421054,1315,83,529
16540,414,1,226.7,1,At Risk,1,2010-10-21 17:22:00,2010-10-21 17:22:00,6.127027027027028,114,25,0
16541,735,1,424.03,1,At Risk,1,2009-12-04 13:22:00,2009-12-04 13:22:00,11.158684210526316,173,38,0
16542,54,2,257.32,0,Potential Loyalists,0,2010-11-03 14:44:00,2011-10-17 10:47:00,18.38,142,13,347
16543,592,1,292.21,1,At Risk,1,2010-04-27 11:38:00,2010-04-27 11:38:00,16.233888888888888,317,18,0
16544,520,4,376.7000000000001,1,At Risk,1,2010-02-15 13:20:00,2010-07-08 11:11:00,34.24545454545455,150,8,142
16545,165,2,689.82,0,Potential Loyalists,0,2010-11-29 10:39:00,2011-06-28 10:37:00,86.22749999999999,322,6,210
16546,291,5,5606.47,0,Potential Loyalists,1,2010-09-23 15:43:00,2011-02-22 11:20:00,59.643297872340426,4367,75,151
16547,546,1,111.71,1,At Risk,1,2010-06-11 13:02:00,2010-06-11 13:02:00,4.137407407407407,113,25,0
16548,599,1,30.15,1,At Risk,1,2010-04-19 16:15:00,2010-04-19 16:15:00,5.0249999999999995,6,6,0
16549,10,34,13182.19,2,Champions,0,2010-03-28 15:45:00,2011-11-29 15:06:00,4.056058461538462,7278,836,610
16550,109,18,9435.13,3,Loyal Customers,0,2009-12-02 11:24:00,2011-08-23 11:12:00,11.605325953259532,5727,274,628
16551,96,7,2237.12,0,Potential Loyalists,0,2009-12-13 16:12:00,2011-09-05 09:38:00,25.421818181818182,2076,67,630
16552,243,2,475.02,0,Potential Loyalists,1,2010-12-01 12:36:00,2011-04-11 10:04:00,21.59181818181818,258,17,130
16553,163,33,16644.01,2,Champions,0,2010-02-11 18:46:00,2011-06-29 15:42:00,56.80549488054607,16475,195,502
16554,42,8,2841.72,0,Potential Loyalists,0,2009-12-15 09:42:00,2011-10-28 14:51:00,17.016287425149702,1346,108,682
16555,35,6,1915.68,0,Potential Loyalists,0,2010-07-22 13:39:00,2011-11-04 14:31:00,29.025454545454547,1816,59,470
16556,67,17,8012.58,3,Loyal Customers,0,2009-12-07 10:51:00,2011-10-04 11:36:00,16.623609958506226,4353,280,666
16557,24,2,281.85,0,Potential Loyalists,0,2011-07-25 13:28:00,2011-11-15 14:04:00,25.622727272727275,111,11,113
16558,1,38,13873.51,2,Champions,0,2009-12-03 18:11:00,2011-12-09 10:20:00,17.78655128205128,8088,383,735
16559,397,1,185.2,1,At Risk,1,2010-11-07 13:52:00,2010-11-07 13:52:00,10.28888888888889,73,17,0
16560,27,8,3048.38,0,Potential Loyalists,0,2009-12-08 12:05:00,2011-11-13 10:35:00,15.395858585858587,1603,140,704
16561,6,2,511.12,0,Potential Loyalists,0,2011-10-11 09:53:00,2011-12-04 11:50:00,16.48774193548387,244,29,54
16562,477,1,223.86,1,At Risk,1,2010-08-20 11:45:00,2010-08-20 11:45:00,6.584117647058824,264,34,0
16563,54,6,4422.76,0,Potential Loyalists,0,2009-12-01 18:35:00,2011-10-17 11:51:00,49.14177777777778,2596,55,684
16564,569,1,87.8,1,At Risk,1,2010-05-19 14:41:00,2010-05-19 14:41:00,17.560000000000002,40,5,0
16565,364,4,773.05,1,At Risk,1,2010-06-02 12:47:00,2010-12-10 15:21:00,70.27727272727272,211,7,191
16566,15,5,614.66,0,Potential Loyalists,0,2011-02-20 10:29:00,2011-11-24 16:34:00,34.147777777777776,362,14,277
16567,194,2,865.6,0,Potential Loyalists,1,2011-01-07 09:31:00,2011-05-29 13:57:00,24.731428571428573,996,34,142
16568,428,2,1020.9,1,At Risk,1,2010-03-08 14:51:00,2010-10-08 10:54:00,204.18,366,5,213
16569,3,5,1455.23,0,Potential Loyalists,0,2009-12-16 15:05:00,2011-12-06 15:32:00,41.578,988,27,720
16570,15,20,7434.31,3,Loyal Customers,0,2010-03-30 09:32:00,2011-11-24 17:02:00,30.847759336099585,4292,114,604
16571,27,10,4248.74,3,Loyal Customers,0,2010-03-18 09:12:00,2011-11-13 11:46:00,16.661725490196076,3703,151,605
16572,127,3,1009.6,0,Potential Loyalists,0,2011-03-09 12:04:00,2011-08-04 16:34:00,17.712280701754388,532,40,148
16573,85,2,663.61,0,Potential Loyalists,0,2011-02-22 15:14:00,2011-09-16 09:13:00,15.800238095238095,360,40,205
16574,71,3,1301.78,0,Potential Loyalists,0,2010-02-19 11:46:00,2011-09-29 13:39:00,15.136976744186047,1002,86,587
16576,420,2,540.87,1,At Risk,1,2010-07-06 10:42:00,2010-10-15 13:37:00,16.39,323,32,101
16577,667,1,380.0,1,At Risk,1,2010-02-11 09:45:00,2010-02-11 09:45:00,16.52173913043478,142,23,0
16578,626,1,156.6,1,At Risk,1,2010-03-23 15:11:00,2010-03-23 15:11:00,17.4,108,9,0
16579,426,1,295.05,1,At Risk,1,2010-10-10 11:58:00,2010-10-10 11:58:00,21.075,119,14,0
16581,183,1,105.84,0,Potential Loyalists,1,2011-06-10 10:05:00,2011-06-10 10:05:00,11.76,134,9,0
16582,113,1,313.62,0,Potential Loyalists,0,2011-08-18 17:02:00,2011-08-18 17:02:00,52.27,164,6,0
16583,374,2,531.4,1,At Risk,1,2010-02-04 12:18:00,2010-12-01 12:03:00,16.60625,264,18,299
16584,80,5,3163.67,0,Potential Loyalists,0,2010-02-16 10:41:00,2011-09-20 13:45:00,38.11650602409639,1919,61,581
16585,594,2,341.59,1,At Risk,1,2010-01-13 13:31:00,2010-04-25 10:34:00,18.977222222222224,151,16,101
16586,249,3,1462.78,0,Potential Loyalists,1,2010-03-14 11:24:00,2011-04-05 09:32:00,52.24214285714286,348,27,386
16587,232,1,225.15,0,Potential Loyalists,1,2011-04-21 15:51:00,2011-04-21 15:51:00,17.31923076923077,71,13,0
16588,386,4,1361.28,1,At Risk,1,2010-05-14 13:43:00,2010-11-18 17:56:00,19.172957746478872,882,64,188
16589,71,4,612.36,0,Potential Loyalists,0,2010-09-15 14:56:00,2011-09-29 14:50:00,13.917272727272728,536,39,378
16590,401,2,605.9,1,At Risk,1,2010-10-21 12:09:00,2010-11-04 09:06:00,20.893103448275863,240,26,13
16591,69,1,213.5,0,Potential Loyalists,0,2011-10-02 10:43:00,2011-10-02 10:43:00,21.35,41,10,0
16592,4,28,7807.91,3,Loyal Customers,0,2009-12-18 15:57:00,2011-12-05 13:49:00,18.242780373831774,5504,221,716
16593,51,8,1071.14,0,Potential Loyalists,0,2009-12-05 10:44:00,2011-10-20 12:41:00,13.732564102564103,377,57,684
16594,75,1,181.09,0,Potential Loyalists,0,2011-09-25 14:08:00,2011-09-25 14:08:00,3.416792452830189,64,53,0
16595,61,5,1810.18,0,Potential Loyalists,0,2010-01-17 12:12:00,2011-10-09 13:15:00,3.818945147679325,1378,337,630
16596,16,4,579.63,0,Potential Loyalists,0,2009-12-10 13:09:00,2011-11-24 10:02:00,19.321,227,23,713
16597,4,1,90.04,0,Potential Loyalists,0,2011-12-05 15:44:00,2011-12-05 15:44:00,12.862857142857143,184,7,0
16598,286,1,145.04999999999998,1,At Risk,1,2011-02-27 11:42:00,2011-02-27 11:42:00,14.505,73,10,0
16599,386,1,172.8,1,At Risk,1,2010-11-19 12:45:00,2010-11-19 12:45:00,14.4,159,12,0
16600,4,13,2153.41,3,Loyal Customers,0,2009-12-18 12:59:00,2011-12-05 16:00:00,15.058811188811188,2420,106,717
16601,41,3,684.25,0,Potential Loyalists,0,2010-03-26 13:39:00,2011-10-30 11:09:00,9.503472222222221,395,60,582
16602,36,2,763.33,0,Potential Loyalists,0,2010-11-16 09:13:00,2011-11-03 15:54:00,19.08325,429,37,352
16603,75,2,482.47,0,Potential Loyalists,0,2011-09-09 13:02:00,2011-09-26 10:06:00,14.19029411764706,480,34,16
16604,563,2,432.45,1,At Risk,1,2010-05-20 16:34:00,2010-05-26 09:10:00,36.0375,175,10,5
16605,724,1,60.48,1,At Risk,1,2009-12-15 19:03:00,2009-12-15 19:03:00,60.48,144,1,0
16606,404,2,357.66,1,At Risk,1,2010-10-01 13:21:00,2010-10-31 13:57:00,16.257272727272728,148,16,30
16607,18,25,5706.87,3,Loyal Customers,0,2010-04-29 14:01:00,2011-11-22 10:24:00,19.15057046979866,4436,212,571
16608,454,2,1288.72,1,At Risk,1,2010-02-14 11:57:00,2010-09-12 11:44:00,10.56327868852459,613,94,209
16609,15,7,5493.46,3,Loyal Customers,0,2011-04-01 10:11:00,2011-11-24 13:32:00,19.903840579710145,2420,155,237
16610,219,1,75.66,0,Potential Loyalists,1,2011-05-04 13:13:00,2011-05-04 13:13:00,12.61,66,6,0
16611,186,6,1785.13,0,Potential Loyalists,1,2010-03-10 16:07:00,2011-06-06 15:46:00,16.228454545454547,874,86,452
16612,33,9,3245.43,0,Potential Loyalists,0,2009-12-03 15:54:00,2011-11-07 07:38:00,19.4337125748503,1419,105,703
16613,70,1,618.59,0,Potential Loyalists,0,2011-09-30 15:52:00,2011-09-30 15:52:00,20.619666666666667,293,30,0
16614,183,3,1179.79,0,Potential Loyalists,1,2010-05-10 15:18:00,2011-06-10 11:36:00,24.07734693877551,349,37,395
16615,626,1,291.5,1,At Risk,1,2010-03-23 15:13:00,2010-03-23 15:13:00,15.342105263157896,211,19,0
16616,15,2,500.42,0,Potential Loyalists,0,2011-07-05 13:38:00,2011-11-24 16:31:00,15.164242424242424,370,31,142
16617,236,1,151.85,0,Potential Loyalists,1,2011-04-18 10:35:00,2011-04-18 10:35:00,30.369999999999997,91,5,0
16618,31,5,2647.59,0,Potential Loyalists,0,2011-01-21 11:55:00,2011-11-08 13:52:00,27.579062500000003,1363,79,291
16619,264,4,1938.33,0,Potential Loyalists,1,2010-02-22 12:05:00,2011-03-21 08:18:00,16.709741379310348,1055,103,391
16620,4,6,1758.93,0,Potential Loyalists,0,2009-12-01 14:35:00,2011-12-06 12:19:00,18.712021276595745,1146,78,734
16621,52,4,813.48,0,Potential Loyalists,0,2011-03-07 11:32:00,2011-10-19 11:38:00,28.05103448275862,302,22,226
16622,544,1,225.4,1,At Risk,1,2010-06-14 10:44:00,2010-06-14 10:44:00,18.783333333333335,44,12,0
16623,246,4,1015.24,0,Potential Loyalists,1,2010-04-26 14:04:00,2011-04-08 10:09:00,19.906666666666666,442,44,346
16624,81,2,810.5699999999999,0,Potential Loyalists,0,2011-05-26 14:20:00,2011-09-20 12:39:00,16.886875,488,44,116
16625,275,5,1654.03,0,Potential Loyalists,1,2010-06-14 11:56:00,2011-03-10 12:50:00,16.707373737373736,1057,82,269
16626,1,17,4413.1,3,Loyal Customers,0,2011-03-18 12:27:00,2011-12-09 11:56:00,24.65418994413408,2690,86,265
16627,79,1,322.8,0,Potential Loyalists,0,2011-09-21 14:38:00,2011-09-21 14:38:00,16.14,162,20,0
16628,30,7,2318.1,0,Potential Loyalists,0,2010-03-08 12:24:00,2011-11-10 12:45:00,18.5448,1260,84,612
16629,74,2,417.73,0,Potential Loyalists,0,2011-09-04 16:12:00,2011-09-27 10:34:00,6.52703125,493,58,22
16630,407,1,106.8,1,At Risk,1,2010-10-28 14:30:00,2010-10-28 14:30:00,26.700000000000003,72,4,0
16631,482,7,1892.52,1,At Risk,1,2010-02-26 10:49:00,2010-08-15 11:20:00,23.6565,775,46,170
16632,486,2,406.4,1,At Risk,1,2010-05-07 16:46:00,2010-08-11 11:39:00,15.05185185185185,256,22,95
16633,17,6,2883.1,0,Potential Loyalists,0,2011-04-19 14:36:00,2011-11-22 13:41:00,18.967763157894737,1138,115,216
16634,223,6,1814.61,0,Potential Loyalists,1,2010-01-21 09:30:00,2011-05-01 12:09:00,19.94076923076923,1321,72,465
16635,407,1,473.0,1,At Risk,1,2010-10-29 09:41:00,2010-10-29 09:41:00,18.92,277,25,0
16636,438,4,3802.04,1,At Risk,1,2010-03-03 14:06:00,2010-09-27 13:13:00,52.0827397260274,2186,62,207
16637,32,4,1154.47,0,Potential Loyalists,0,2011-04-28 10:20:00,2011-11-07 13:17:00,16.73144927536232,927,66,193
16638,23,15,2430.53,3,Loyal Customers,0,2010-08-18 13:33:00,2011-11-17 11:09:00,17.360928571428573,1651,130,455
16639,31,4,1747.98,0,Potential Loyalists,0,2010-10-26 18:23:00,2011-11-08 13:20:00,21.580000000000002,751,76,377
16640,398,1,179.4,1,At Risk,1,2010-11-07 10:48:00,2010-11-07 10:48:00,13.8,146,13,0
16641,106,2,554.5,0,Potential Loyalists,0,2010-01-07 12:22:00,2011-08-26 12:49:00,15.402777777777779,454,36,596
16642,5,3,1077.45,0,Potential Loyalists,0,2010-10-20 14:22:00,2011-12-05 11:31:00,19.95277777777778,775,50,410
16643,246,2,923.11,0,Potential Loyalists,1,2010-10-13 09:47:00,2011-04-08 08:24:00,16.783818181818184,553,48,176
16644,178,2,833.78,0,Potential Loyalists,0,2011-05-11 12:53:00,2011-06-15 12:39:00,13.448064516129032,826,62,34
16645,736,1,160.39,1,At Risk,1,2009-12-04 09:49:00,2009-12-04 09:49:00,11.456428571428571,117,14,0
16646,449,1,678.8,1,At Risk,1,2010-09-16 13:28:00,2010-09-16 13:28:00,23.406896551724138,1072,29,0
16647,170,4,541.9,0,Potential Loyalists,0,2010-06-13 15:52:00,2011-06-23 11:47:00,16.421212121212122,396,28,374
16648,43,3,672.8,0,Potential Loyalists,0,2010-04-28 14:58:00,2011-10-28 08:58:00,18.18378378378378,503,37,547
16649,520,1,306.58000000000004,1,At Risk,1,2010-07-07 15:41:00,2010-07-07 15:41:00,15.328999999999999,82,20,0
16650,72,7,1916.11,0,Potential Loyalists,0,2010-07-08 14:18:00,2011-09-29 09:51:00,19.552142857142854,1511,71,447
16651,587,1,136.2,1,At Risk,1,2010-05-02 11:46:00,2010-05-02 11:46:00,22.7,60,6,0
16652,59,16,17550.39,2,Champions,0,2010-03-17 10:22:00,2011-10-12 09:38:00,63.8196,7477,124,573
16653,16,2,1212.66,0,Potential Loyalists,0,2011-09-29 13:38:00,2011-11-23 14:51:00,17.574782608695653,733,67,55
16654,141,8,1711.47,0,Potential Loyalists,0,2010-04-06 13:29:00,2011-07-21 15:23:00,20.62012048192771,703,64,471
16655,18,13,6548.37,3,Loyal Customers,0,2010-01-31 15:40:00,2011-11-22 11:25:00,10.735032786885245,4013,408,659
16656,22,30,16833.170000000002,2,Champions,0,2009-12-04 12:59:00,2011-11-17 14:43:00,119.38418439716314,15433,22,713
16657,10,4,933.62,0,Potential Loyalists,0,2011-03-30 12:02:00,2011-11-30 11:48:00,4.488557692307692,1229,158,244
16658,368,6,814.07,1,At Risk,1,2010-03-30 16:24:00,2010-12-06 13:47:00,11.306527777777779,317,49,250
16659,189,1,39.12,0,Potential Loyalists,1,2011-06-03 15:03:00,2011-06-03 15:03:00,19.56,72,2,0
16660,16,7,1879.55,0,Potential Loyalists,0,2010-01-14 11:09:00,2011-11-23 14:53:00,78.31458333333333,991,20,678
16661,540,4,986.63,1,At Risk,1,2009-12-17 15:39:00,2010-06-17 15:24:00,15.178923076923077,385,50,181
16662,394,1,163.8,1,At Risk,1,2010-11-10 16:56:00,2010-11-10 16:56:00,5.6482758620689655,36,28,0
16663,729,1,165.0,1,At Risk,1,2009-12-10 13:12:00,2009-12-10 13:12:00,165.0,100,1,0
16664,569,1,109.2,1,At Risk,1,2010-05-19 17:11:00,2010-05-19 17:11:00,13.65,24,8,0
16665,362,1,135.39999999999998,1,At Risk,1,2010-12-12 14:03:00,2010-12-12 14:03:00,15.044444444444444,59,9,0
16666,19,2,225.94,0,Potential Loyalists,0,2010-03-28 15:13:00,2011-11-20 14:01:00,4.5188,367,42,601
16667,68,2,570.13,0,Potential Loyalists,0,2011-02-28 12:57:00,2011-10-02 15:26:00,10.757169811320754,237,52,216
16668,15,13,862.42,3,Loyal Customers,0,2010-03-18 18:25:00,2011-11-24 17:43:00,16.272075471698113,773,28,615
16669,24,3,1374.87,0,Potential Loyalists,0,2011-09-22 14:13:00,2011-11-16 12:26:00,8.5929375,888,141,54
16670,17,20,8030.150000000001,3,Loyal Customers,0,2009-12-10 15:28:00,2011-11-23 09:34:00,16.55701030927835,4534,258,712
16671,28,3,1692.27,0,Potential Loyalists,0,2011-06-28 11:20:00,2011-11-11 13:40:00,282.045,875,3,136
16672,2,20,8134.94,3,Loyal Customers,0,2011-03-18 10:15:00,2011-12-07 16:29:00,71.35912280701754,2832,22,264
16673,679,1,188.83,1,At Risk,1,2010-01-29 14:22:00,2010-01-29 14:22:00,9.441500000000001,101,19,0
16674,55,2,319.61,0,Potential Loyalists,0,2011-09-02 13:59:00,2011-10-16 11:31:00,3.261326530612245,188,89,43
16675,442,2,608.86,1,At Risk,1,2010-08-18 13:11:00,2010-09-24 12:15:00,26.47217391304348,296,21,36
16676,34,6,2361.9,0,Potential Loyalists,0,2010-10-17 13:07:00,2011-11-06 12:01:00,17.758646616541355,927,106,384
16677,411,2,880.62,1,At Risk,1,2010-02-25 16:11:00,2010-10-24 14:53:00,18.73659574468085,457,45,240
16678,3,12,3109.99,3,Loyal Customers,0,2011-03-02 09:24:00,2011-12-07 12:17:00,19.07969325153374,2397,92,280
16679,366,3,793.06,1,At Risk,1,2010-06-10 18:35:00,2010-12-08 13:51:00,37.764761904761905,276,15,180
16680,43,3,821.45,0,Potential Loyalists,0,2010-06-23 09:30:00,2011-10-27 17:35:00,28.32586206896552,377,24,491
16681,73,7,1921.84,0,Potential Loyalists,0,2010-03-08 14:10:00,2011-09-28 11:11:00,39.22122448979592,1492,22,568
16682,5,5,1028.0,0,Potential Loyalists,0,2011-06-05 11:02:00,2011-12-05 12:13:00,34.266666666666666,1040,15,183
16683,534,1,320.25,1,At Risk,1,2010-06-24 10:36:00,2010-06-24 10:36:00,17.791666666666668,190,18,0
16684,4,46,29730.420199999626,2,Champions,0,2009-12-07 12:56:00,2011-12-05 14:06:00,204.93422005571028,104810,184,728
16685,61,2,324.24,0,Potential Loyalists,0,2011-10-09 13:44:00,2011-10-09 13:58:00,5.2296774193548385,396,60,0
16686,47,16,5070.92,3,Loyal Customers,0,2009-12-06 15:48:00,2011-10-23 13:49:00,4.584918625678119,3510,549,685
16687,391,1,157.63,1,At Risk,1,2010-11-14 11:46:00,2010-11-14 11:46:00,19.70375,141,8,0
16688,1,4,1260.86,0,Potential Loyalists,0,2011-10-10 12:23:00,2011-12-08 15:24:00,20.33645161290323,804,52,59
16689,76,2,422.6,0,Potential Loyalists,0,2011-09-18 13:29:00,2011-09-25 11:39:00,32.50769230769231,330,12,6
16690,72,4,353.03,0,Potential Loyalists,0,2010-09-14 15:00:00,2011-09-28 15:02:00,18.580526315789474,209,12,379
16691,418,2,178.83,1,At Risk,1,2010-05-27 14:55:00,2010-10-17 15:03:00,16.257272727272728,92,11,143
16692,256,4,1914.7,0,Potential Loyalists,1,2010-09-24 11:31:00,2011-03-28 14:46:00,382.93999999999994,878,3,185
16693,69,5,1199.46,0,Potential Loyalists,0,2010-02-21 12:42:00,2011-10-02 11:10:00,6.893448275862069,688,149,587
16694,723,1,98.3,1,At Risk,1,2009-12-16 15:45:00,2009-12-16 15:45:00,32.76666666666667,26,3,0
16695,562,2,193.15,1,At Risk,1,2010-05-27 12:24:00,2010-05-27 12:36:00,5.365277777777778,185,30,0
16696,135,4,657.9000000000001,0,Potential Loyalists,0,2011-04-05 15:20:00,2011-07-27 14:23:00,65.78999999999999,146,7,112
16697,241,1,112.75,0,Potential Loyalists,1,2011-04-12 17:12:00,2011-04-12 17:12:00,5.369047619047619,27,20,0
16698,227,2,1998.0,0,Potential Loyalists,1,2011-03-31 13:33:00,2011-04-27 10:52:00,399.6,840,4,26
16699,380,7,994.6,1,At Risk,1,2009-12-04 13:31:00,2010-11-24 14:38:00,16.04193548387097,640,51,355
16700,9,25,9167.71,3,Loyal Customers,0,2009-12-02 10:51:00,2011-12-01 11:00:00,17.330264650283556,6882,263,729
16701,9,26,9916.73,3,Loyal Customers,0,2009-12-01 19:19:00,2011-12-01 11:10:00,36.06083636363636,11046,154,729
16702,415,4,1110.83,1,At Risk,1,2009-12-07 16:40:00,2010-10-20 14:10:00,12.206923076923076,692,84,316
16704,618,2,695.66,1,At Risk,1,2010-02-05 14:14:00,2010-03-31 14:02:00,11.994137931034482,455,50,53
16705,1,42,29730.420199999626,2,Champions,0,2009-12-09 13:34:00,2011-12-09 12:08:00,62.97402460202605,22302,400,729
16706,37,3,531.35,0,Potential Loyalists,0,2011-08-17 15:53:00,2011-11-02 13:50:00,4.319918699186992,249,108,76
16707,400,4,551.11,1,At Risk,1,2010-03-09 15:16:00,2010-11-04 14:39:00,8.350151515151515,402,64,239
16708,46,1,656.63,0,Potential Loyalists,0,2011-10-25 12:20:00,2011-10-25 12:20:00,24.31962962962963,285,27,0
16709,85,14,9087.46,3,Loyal Customers,0,2009-12-09 13:16:00,2011-09-16 10:56:00,29.697581699346408,3276,220,645
16710,19,22,6349.09,3,Loyal Customers,0,2009-12-04 13:41:00,2011-11-20 14:50:00,6.439239350912779,4399,541,716
16711,3,9,2868.48,0,Potential Loyalists,0,2009-12-02 13:22:00,2011-12-06 16:32:00,86.92363636363636,1212,26,734
16712,9,13,4266.99,3,Loyal Customers,0,2010-11-03 15:45:00,2011-11-30 13:48:00,8.050924528301886,2093,301,391
16713,19,32,14560.69,2,Champions,0,2009-12-15 12:49:00,2011-11-21 12:36:00,10.89872005988024,8683,541,705
16714,219,4,1529.8,0,Potential Loyalists,1,2010-02-07 11:17:00,2011-05-05 11:09:00,13.187931034482759,849,95,451
16715,78,2,625.52,0,Potential Loyalists,0,2010-05-26 12:35:00,2011-09-22 18:15:00,22.34,1174,27,484
16716,267,3,2149.6800000000003,0,Potential Loyalists,1,2010-03-19 11:05:00,2011-03-18 10:03:00,268.71000000000004,912,7,363
16717,24,14,6986.2300000000005,3,Loyal Customers,0,2009-12-07 15:55:00,2011-11-16 12:16:00,19.088060109289618,3226,274,708
16718,369,5,3647.53,1,At Risk,1,2009-12-06 13:07:00,2010-12-05 13:03:00,16.35663677130045,2343,123,363
16719,15,14,3973.3,3,Loyal Customers,0,2009-12-13 10:59:00,2011-11-25 09:27:00,8.948873873873874,2536,204,711
16720,26,3,795.48,0,Potential Loyalists,0,2009-12-17 17:54:00,2011-11-13 16:22:00,5.034683544303798,479,130,695
16721,262,1,292.47,0,Potential Loyalists,1,2011-03-22 16:08:00,2011-03-22 16:08:00,7.904594594594595,172,37,0
16722,17,22,8989.08,3,Loyal Customers,0,2009-12-03 19:23:00,2011-11-22 13:28:00,21.45365155131265,8580,145,718
16723,91,4,1301.63,0,Potential Loyalists,0,2009-12-04 13:23:00,2011-09-09 13:01:00,10.012538461538462,1002,108,643
16724,405,1,147.35,1,At Risk,1,2010-10-31 11:40:00,2010-10-31 11:40:00,8.66764705882353,69,17,0
16725,302,14,1882.11,3,Loyal Customers,1,2009-12-13 15:54:00,2011-02-10 16:52:00,4.801301020408163,784,242,424
16726,26,7,2088.41,0,Potential Loyalists,0,2010-10-24 16:09:00,2011-11-13 14:53:00,7.734851851851851,1356,150,384
16727,364,4,1437.42,1,At Risk,1,2010-01-20 10:48:00,2010-12-10 13:48:00,6.748450704225353,1109,158,324
16728,46,4,1054.67,0,Potential Loyalists,0,2011-03-20 13:28:00,2011-10-24 14:36:00,3.9207063197026026,677,218,218
16729,38,21,7239.92,3,Loyal Customers,0,2011-04-12 14:22:00,2011-11-01 14:29:00,10.969575757575758,5783,234,203
16730,52,3,743.11,0,Potential Loyalists,0,2011-01-24 14:01:00,2011-10-18 14:11:00,9.062317073170732,994,75,267
16731,648,1,174.05,1,At Risk,1,2010-03-01 15:05:00,2010-03-01 15:05:00,4.047674418604651,127,40,0
16732,32,4,4387.64,0,Potential Loyalists,0,2009-12-08 13:04:00,2011-11-08 09:54:00,19.853574660633484,2414,199,699
16733,530,1,259.68,1,At Risk,1,2010-06-28 10:12:00,2010-06-28 10:12:00,21.64,112,12,0
16734,52,3,650.51,0,Potential Loyalists,0,2011-08-17 15:00:00,2011-10-18 13:44:00,12.27377358490566,346,44,61
16735,79,14,6270.56,3,Loyal Customers,0,2009-12-08 09:24:00,2011-09-22 11:49:00,20.694917491749177,4281,178,653
16736,506,5,2956.56,1,At Risk,1,2009-12-03 16:12:00,2010-07-22 10:09:00,20.675244755244755,1050,116,230
16737,53,2,835.1999999999999,0,Potential Loyalists,0,2010-05-11 09:53:00,2011-10-17 13:03:00,417.6,576,1,524
16738,298,1,3.75,1,At Risk,1,2011-02-15 09:46:00,2011-02-15 09:46:00,3.75,3,1,0
16739,177,2,786.43,0,Potential Loyalists,0,2010-06-21 09:38:00,2011-06-16 09:17:00,20.695526315789476,391,33,359
16740,395,1,236.81,1,At Risk,1,2010-11-09 13:34:00,2010-11-09 13:34:00,7.176060606060606,116,30,0
16741,625,1,173.06,1,At Risk,1,2010-03-24 15:15:00,2010-03-24 15:15:00,15.732727272727272,81,11,0
16742,47,14,2852.61,3,Loyal Customers,0,2009-12-16 17:22:00,2011-10-24 12:02:00,26.17073394495413,2600,51,676
16743,29,14,4253.26,3,Loyal Customers,0,2010-04-22 13:21:00,2011-11-10 13:13:00,11.342026666666667,3738,118,566
16744,11,7,1304.76,0,Potential Loyalists,0,2011-06-19 15:13:00,2011-11-28 13:06:00,5.391570247933884,805,198,161
16745,87,17,7194.3,3,Loyal Customers,0,2011-02-01 11:31:00,2011-09-14 11:58:00,20.152100840336136,6735,148,225
16746,5,42,18066.4,2,Champions,0,2009-12-04 13:00:00,2011-12-05 12:33:00,18.267340748230538,11906,390,730
16747,38,2,836.06,0,Potential Loyalists,0,2011-10-03 10:18:00,2011-11-02 11:37:00,19.906190476190478,583,34,30
16748,18,14,3637.33,3,Loyal Customers,0,2009-12-10 12:28:00,2011-11-22 10:17:00,22.044424242424242,2127,55,711
16749,591,2,4387.08,1,At Risk,1,2009-12-15 14:05:00,2010-04-27 13:06:00,56.975064935064935,2078,53,132
16750,45,5,623.93,0,Potential Loyalists,0,2011-04-21 16:53:00,2011-10-26 12:48:00,6.567684210526315,214,74,187
16751,31,1,1764.72,0,Potential Loyalists,0,2011-11-09 10:48:00,2011-11-09 10:48:00,70.5888,1031,24,0
16752,373,1,415.0,1,At Risk,1,2010-12-02 12:18:00,2010-12-02 12:18:00,23.055555555555557,108,9,0
16753,58,1,223.92,0,Potential Loyalists,0,2011-10-12 13:14:00,2011-10-12 13:14:00,6.5858823529411765,189,34,0
16754,372,29,29730.420199999626,2,Champions,1,2010-03-08 11:32:00,2010-12-02 17:38:00,475.36950704225353,67831,38,269
16755,114,7,2900.58,0,Potential Loyalists,0,2009-12-09 14:25:00,2011-08-17 13:21:00,8.816352583586626,1999,219,615
16756,215,7,1312.37,0,Potential Loyalists,1,2010-03-09 15:56:00,2011-05-09 09:33:00,16.61227848101266,707,64,425
16757,319,2,270.48,1,At Risk,1,2010-10-26 15:09:00,2011-01-25 11:59:00,18.032,180,13,90
16758,65,1,369.34,0,Potential Loyalists,0,2011-10-05 14:47:00,2011-10-05 14:47:00,16.78818181818182,203,22,0
16759,8,3,789.79,0,Potential Loyalists,0,2011-11-09 09:06:00,2011-12-02 12:42:00,18.804523809523808,609,40,23
16760,430,1,228.0,1,At Risk,1,2010-10-05 15:55:00,2010-10-05 15:55:00,13.411764705882353,168,17,0
16761,97,1,316.62,0,Potential Loyalists,0,2011-09-04 11:15:00,2011-09-04 11:15:00,24.355384615384615,341,13,0
16762,20,3,1501.38,0,Potential Loyalists,0,2011-07-18 12:52:00,2011-11-20 11:43:00,16.869438202247192,618,51,124
16763,199,2,964.7,0,Potential Loyalists,1,2009-12-01 15:26:00,2011-05-25 11:52:00,21.924999999999997,492,44,539
16764,4,13,2799.25,3,Loyal Customers,0,2011-07-19 17:17:00,2011-12-06 11:41:00,3.9649433427762037,1259,209,139
16765,294,2,454.75,1,At Risk,1,2010-11-22 13:42:00,2011-02-18 15:41:00,8.745192307692308,311,52,88
16766,273,2,1145.6,0,Potential Loyalists,1,2011-03-11 13:34:00,2011-03-11 15:22:00,33.69411764705882,536,17,0
16767,31,15,8073.8,3,Loyal Customers,0,2010-04-28 16:49:00,2011-11-09 09:42:00,24.919135802469135,7121,209,559
16768,48,9,1708.12,0,Potential Loyalists,0,2009-12-07 11:47:00,2011-10-23 10:38:00,10.415365853658537,777,108,684
16769,260,4,1141.75,0,Potential Loyalists,1,2009-12-14 11:10:00,2011-03-24 13:41:00,11.4175,301,76,465
16770,58,9,1932.13,0,Potential Loyalists,0,2010-08-22 16:08:00,2011-10-13 12:21:00,5.457994350282486,1120,202,416
16771,33,10,3967.6,3,Loyal Customers,0,2009-12-09 11:52:00,2011-11-06 13:28:00,9.63009708737864,2314,303,697
16772,423,3,3723.55,1,At Risk,1,2009-12-18 10:50:00,2010-10-12 13:19:00,53.96449275362319,689,54,298
16773,57,3,421.24,0,Potential Loyalists,0,2009-12-06 15:01:00,2011-10-13 14:37:00,6.480615384615385,252,53,675
16774,68,8,1594.45,0,Potential Loyalists,0,2010-02-16 16:53:00,2011-10-03 12:41:00,11.81074074074074,785,89,593
16775,10,16,3056.89,3,Loyal Customers,0,2010-09-23 17:34:00,2011-11-29 15:22:00,10.996007194244603,1020,132,431
16776,60,2,619.85,0,Potential Loyalists,0,2010-10-20 12:13:00,2011-10-10 13:04:00,4.524452554744526,450,105,355
16777,80,5,1307.76,0,Potential Loyalists,0,2010-03-17 12:42:00,2011-09-20 13:41:00,8.957260273972603,475,125,552
16778,74,2,245.94,0,Potential Loyalists,0,2011-03-10 15:21:00,2011-09-26 13:48:00,15.37125,194,16,199
16779,2,46,29730.420199999626,2,Champions,0,2009-12-03 13:03:00,2011-12-07 14:54:00,31.56379506641366,19626,293,734
16780,100,3,605.55,0,Potential Loyalists,0,2010-10-28 19:41:00,2011-08-31 16:09:00,6.116666666666666,355,73,306
16781,372,2,934.25,1,At Risk,1,2010-02-08 13:56:00,2010-12-02 14:26:00,16.683035714285715,305,36,297
16782,10,38,10438.41,2,Champions,0,2009-12-09 11:58:00,2011-11-29 13:20:00,5.543499734466277,4285,575,720
16783,437,1,391.95,1,At Risk,1,2010-09-29 11:53:00,2010-09-29 11:53:00,15.677999999999999,163,25,0
16784,20,5,896.53,0,Potential Loyalists,0,2010-03-28 12:55:00,2011-11-20 12:20:00,5.6033124999999995,496,138,601
16785,410,1,533.78,1,At Risk,1,2010-10-26 10:36:00,2010-10-26 10:36:00,15.250857142857143,313,35,0
16786,394,1,51.84,1,At Risk,1,2010-11-11 08:25:00,2010-11-11 08:25:00,51.84,72,1,0
16787,398,4,1035.43,1,At Risk,1,2010-01-10 11:12:00,2010-11-07 11:01:00,9.082719298245614,474,102,300
16788,123,5,1950.3,0,Potential Loyalists,0,2010-02-07 12:40:00,2011-08-08 14:53:00,3.94,985,348,547
16789,8,1,80.8,0,Potential Loyalists,0,2011-12-01 15:12:00,2011-12-01 15:12:00,16.160000000000004,32,5,0
16790,4,6,1545.62,0,Potential Loyalists,0,2011-11-02 11:23:00,2011-12-06 11:53:00,16.61956989247312,898,88,34
16791,29,15,4038.69,3,Loyal Customers,0,2009-12-03 18:08:00,2011-11-10 19:12:00,5.786088825214899,1874,393,707
16792,282,5,623.46,0,Potential Loyalists,1,2010-01-04 13:47:00,2011-03-02 14:41:00,6.1123529411764705,324,90,422
16793,57,1,243.84,0,Potential Loyalists,0,2011-10-13 15:08:00,2011-10-13 15:08:00,15.24,146,16,0
16794,1,15,2090.91,3,Loyal Customers,0,2010-03-25 15:17:00,2011-12-08 17:54:00,4.036505791505792,1602,245,623
16795,365,3,2492.39,1,At Risk,1,2010-01-25 13:14:00,2010-12-09 14:08:00,6.108799019607843,1459,306,318
16796,89,1,305.62,0,Potential Loyalists,0,2011-09-11 14:01:00,2011-09-11 14:01:00,16.97888888888889,186,18,0
16797,393,5,1827.77,1,At Risk,1,2009-12-02 13:33:00,2010-11-11 19:14:00,4.490835380835381,909,289,344
16798,554,3,848.71,1,At Risk,1,2009-12-10 19:35:00,2010-06-03 19:01:00,4.905838150289018,209,141,174
16799,432,2,495.98,1,At Risk,1,2010-09-12 12:46:00,2010-10-03 14:28:00,4.679056603773585,176,81,21
16800,11,1,1201.49,0,Potential Loyalists,0,2011-11-28 14:06:00,2011-11-28 14:06:00,7.326158536585366,540,148,0
16801,163,4,1619.73,0,Potential Loyalists,0,2011-03-11 13:56:00,2011-06-29 15:33:00,21.312236842105264,499,72,110
16802,679,2,582.61,1,At Risk,1,2009-12-09 13:00:00,2010-01-29 13:44:00,10.992641509433962,369,48,51
16803,65,1,332.3,0,Potential Loyalists,0,2011-10-05 14:28:00,2011-10-05 14:28:00,13.845833333333333,245,24,0
16804,23,3,536.99,0,Potential Loyalists,0,2011-03-14 15:48:00,2011-11-16 16:43:00,8.949833333333334,246,59,247
16805,174,5,1097.24,0,Potential Loyalists,0,2009-12-08 14:29:00,2011-06-19 11:23:00,4.3714741035856575,1122,213,557
16806,103,4,801.49,0,Potential Loyalists,0,2011-04-14 19:59:00,2011-08-28 15:27:00,7.781456310679611,378,68,135
16807,143,6,2123.88,0,Potential Loyalists,0,2010-03-26 14:38:00,2011-07-20 12:00:00,14.956901408450705,1433,107,480
16808,99,2,288.42,0,Potential Loyalists,0,2011-03-10 19:05:00,2011-09-01 19:34:00,12.540000000000001,196,21,175
16809,23,9,1727.43,0,Potential Loyalists,0,2010-04-13 15:34:00,2011-11-16 15:45:00,6.6696138996139,1093,113,582
16810,192,2,842.0400000000001,0,Potential Loyalists,1,2010-10-15 15:32:00,2011-05-31 15:32:00,24.765882352941176,372,34,228
16811,5,2,547.07,0,Potential Loyalists,0,2011-11-22 17:19:00,2011-12-05 11:39:00,19.538214285714286,477,26,12
16812,361,4,2392.0,1,At Risk,1,2010-11-22 14:36:00,2010-12-14 12:35:00,20.8,1116,98,21
16813,8,10,1692.98,0,Potential Loyalists,0,2011-05-19 13:28:00,2011-12-01 14:03:00,3.7705567928730512,1525,248,196
16814,14,36,12499.71,2,Champions,0,2010-04-11 12:45:00,2011-11-25 13:27:00,15.546902985074627,5066,247,593
16815,454,2,410.97,1,At Risk,1,2010-06-21 12:05:00,2010-09-12 10:59:00,5.553648648648649,238,66,82
16816,103,4,417.06,0,Potential Loyalists,0,2010-12-16 17:01:00,2011-08-28 14:16:00,14.895,274,28,254
16817,3,13,2804.9,3,Loyal Customers,0,2010-10-04 09:06:00,2011-12-07 11:03:00,18.575496688741723,1565,107,429
16818,11,11,3349.57,3,Loyal Customers,0,2011-05-18 11:42:00,2011-11-29 10:41:00,17.81686170212766,2164,172,194
16819,465,2,182.59,1,At Risk,1,2010-08-31 17:31:00,2010-08-31 17:37:00,10.740588235294117,253,17,0
16820,96,1,497.61,0,Potential Loyalists,0,2011-09-05 12:06:00,2011-09-05 12:06:00,19.138846153846153,307,26,0
16821,382,1,113.35,1,At Risk,1,2010-11-23 10:04:00,2010-11-23 10:04:00,16.192857142857143,13,7,0
16822,686,1,181.39,1,At Risk,1,2010-01-22 14:22:00,2010-01-22 14:22:00,16.49,171,11,0
16823,227,7,2260.09,0,Potential Loyalists,1,2009-12-02 09:57:00,2011-04-26 15:00:00,12.914800000000001,1168,149,510
16824,16,3,686.24,0,Potential Loyalists,0,2010-11-11 12:21:00,2011-11-24 12:38:00,17.595897435897434,390,34,378
16825,39,5,1826.89,0,Potential Loyalists,0,2010-06-23 13:14:00,2011-11-01 11:51:00,28.54515625,1297,48,495
16826,51,1,341.7,0,Potential Loyalists,0,2011-10-19 14:05:00,2011-10-19 14:05:00,15.531818181818181,158,22,0
16827,393,5,392.13,1,At Risk,1,2010-04-29 19:07:00,2010-11-11 14:04:00,32.6775,125,10,195
16828,93,2,128.5,0,Potential Loyalists,0,2011-08-19 13:24:00,2011-09-07 15:10:00,16.0625,59,8,19
16829,157,2,513.32,0,Potential Loyalists,0,2010-11-16 18:11:00,2011-07-06 10:48:00,19.011851851851855,215,25,231
16830,39,4,1207.5,0,Potential Loyalists,0,2009-12-13 12:11:00,2011-11-01 11:35:00,16.1,699,65,687
16831,565,1,91.8,1,At Risk,1,2010-05-24 09:08:00,2010-05-24 09:08:00,15.299999999999999,48,6,0
16832,184,5,417.61,0,Potential Loyalists,1,2010-09-07 12:35:00,2011-06-08 15:36:00,19.886190476190478,179,19,274
16833,1,6,2409.04,0,Potential Loyalists,0,2010-03-26 15:31:00,2011-12-08 14:39:00,26.18521739130435,878,87,621
16834,228,2,898.96,0,Potential Loyalists,1,2010-02-03 14:24:00,2011-04-26 09:37:00,18.728333333333335,760,43,446
16835,128,6,1538.41,0,Potential Loyalists,0,2010-05-19 08:41:00,2011-08-03 13:50:00,17.68287356321839,515,58,441
16836,40,4,782.37,0,Potential Loyalists,0,2010-05-14 12:52:00,2011-10-31 10:05:00,18.627857142857142,539,42,534
16837,31,11,3170.98,3,Loyal Customers,0,2011-04-08 08:48:00,2011-11-08 14:27:00,19.218060606060607,1563,123,214
16838,197,4,1159.61,0,Potential Loyalists,1,2010-02-14 15:27:00,2011-05-26 13:13:00,19.65440677966102,509,53,465
16839,9,44,22310.49,2,Champions,0,2010-02-11 15:02:00,2011-12-01 09:03:00,62.846450704225354,11527,132,657
16840,603,2,139.85,1,At Risk,1,2010-02-03 12:42:00,2010-04-15 15:48:00,15.538888888888888,117,9,71
16841,37,12,4006.06,3,Loyal Customers,0,2010-01-12 11:32:00,2011-11-03 11:51:00,18.292511415525112,3478,187,660
16842,101,3,1264.19,0,Potential Loyalists,0,2011-02-10 14:51:00,2011-08-31 10:42:00,20.066507936507936,693,45,201
16843,43,35,19571.43,2,Champions,0,2009-12-10 11:40:00,2011-10-28 09:06:00,32.83796979865772,18502,317,686
16844,563,2,614.34,1,At Risk,1,2010-05-06 09:16:00,2010-05-26 10:29:00,19.198125,281,26,20
16845,618,1,253.88,1,At Risk,1,2010-03-31 13:09:00,2010-03-31 13:09:00,12.693999999999999,167,20,0
16846,50,3,842.41,0,Potential Loyalists,0,2010-03-10 12:03:00,2011-10-20 13:55:00,17.923617021276595,517,47,589
16847,43,2,614.89,0,Potential Loyalists,0,2010-03-31 13:32:00,2011-10-27 13:29:00,16.618648648648648,255,37,574
16848,53,4,1411.62,0,Potential Loyalists,0,2010-10-03 11:01:00,2011-10-18 08:42:00,16.607294117647058,780,75,379
16849,187,1,124.57,0,Potential Loyalists,1,2011-06-06 09:16:00,2011-06-06 09:16:00,15.57125,33,8,0
16850,334,1,332.41,1,At Risk,1,2011-01-10 11:09:00,2011-01-10 11:09:00,17.495263157894737,249,19,0
16851,4,3,342.45,0,Potential Loyalists,0,2011-10-19 09:48:00,2011-12-05 13:32:00,17.1225,271,17,47
16852,10,2,144.91000000000005,0,Potential Loyalists,0,2011-06-16 15:49:00,2011-11-29 13:22:00,16.10111111111111,56,9,165
16854,417,2,1408.96,1,At Risk,1,2010-03-09 14:32:00,2010-10-18 16:31:00,18.786133333333336,997,72,223
16855,24,2,328.4,0,Potential Loyalists,0,2011-10-27 16:31:00,2011-11-16 12:03:00,17.284210526315793,164,19,19
16856,15,3,358.49,0,Potential Loyalists,0,2010-09-23 13:11:00,2011-11-25 08:59:00,18.867894736842107,171,16,427
16857,443,1,352.8,1,At Risk,1,2010-09-23 10:49:00,2010-09-23 10:49:00,32.07272727272727,168,11,0
16858,369,10,4668.28,1,At Risk,1,2009-12-15 11:09:00,2010-12-06 09:52:00,34.32558823529411,1514,75,355
16859,145,7,1932.41,0,Potential Loyalists,0,2010-03-04 12:37:00,2011-07-18 12:19:00,17.567363636363638,1899,87,500
16860,453,3,1610.62,1,At Risk,1,2010-02-15 13:46:00,2010-09-13 10:05:00,37.45627906976744,625,35,209
16861,60,5,946.59,0,Potential Loyalists,0,2010-07-19 11:44:00,2011-10-11 09:05:00,19.318163265306122,616,39,448
16862,547,4,662.33,1,At Risk,1,2010-01-07 12:57:00,2010-06-10 13:05:00,18.923714285714286,513,34,154
16863,31,3,998.52,0,Potential Loyalists,0,2010-10-26 10:03:00,2011-11-08 15:26:00,17.830714285714286,745,43,378
16864,434,2,409.25,1,At Risk,1,2010-04-20 11:56:00,2010-10-01 16:16:00,24.073529411764707,283,17,164
16865,402,1,130.95,1,At Risk,1,2010-11-03 11:34:00,2010-11-03 11:34:00,8.184375,157,15,0
16866,141,3,207.74,0,Potential Loyalists,0,2011-07-01 12:34:00,2011-07-22 10:06:00,18.885454545454547,60,10,20
16867,690,1,76.74000000000001,1,At Risk,1,2010-01-19 09:11:00,2010-01-19 09:11:00,12.790000000000001,58,6,0
16868,394,3,393.39,1,At Risk,1,2010-04-25 11:31:00,2010-11-10 13:17:00,7.285,116,47,199
16869,23,4,825.42,0,Potential Loyalists,0,2011-06-17 13:01:00,2011-11-17 12:02:00,6.448593750000001,585,113,152
16870,469,1,450.16,1,At Risk,1,2010-08-27 13:53:00,2010-08-27 13:53:00,16.077142857142857,278,28,0
16871,22,6,2812.34,0,Potential Loyalists,0,2011-03-14 10:31:00,2011-11-17 19:27:00,20.528029197080293,1253,131,248
16872,77,6,1213.13,0,Potential Loyalists,0,2010-09-02 17:36:00,2011-09-23 16:05:00,67.39611111111111,1079,12,385
16873,5,12,14617.39,3,Loyal Customers,0,2010-02-09 14:17:00,2011-12-05 12:05:00,28.54958984375,8601,252,663
16874,379,1,217.74,1,At Risk,1,2010-11-25 13:08:00,2010-11-25 13:08:00,6.404117647058824,81,31,0
16875,67,11,4234.53,3,Loyal Customers,0,2010-01-05 09:16:00,2011-10-03 13:39:00,18.410999999999998,2099,161,636
16876,404,1,136.01,1,At Risk,1,2010-11-01 11:59:00,2010-11-01 11:59:00,4.2503125,181,32,0
16877,12,6,853.72,0,Potential Loyalists,0,2011-05-15 16:13:00,2011-11-27 13:47:00,5.369308176100629,463,111,195
16878,84,1,13.3,0,Potential Loyalists,0,2011-09-16 17:39:00,2011-09-16 17:39:00,4.433333333333334,12,3,0
16880,31,8,1840.86,0,Potential Loyalists,0,2010-08-03 13:54:00,2011-11-09 11:33:00,9.844171122994652,911,130,462
16881,67,1,432.0,0,Potential Loyalists,0,2011-10-04 10:33:00,2011-10-04 10:33:00,432.0,600,1,0
16882,67,3,705.12,0,Potential Loyalists,0,2011-01-26 17:43:00,2011-10-04 10:42:00,18.080000000000002,424,39,250
16883,187,19,2396.59,3,Loyal Customers,1,2009-12-04 12:07:00,2011-06-05 12:51:00,8.321493055555557,1080,159,548
16884,38,4,1073.92,0,Potential Loyalists,0,2010-05-18 12:00:00,2011-11-02 11:52:00,14.318933333333334,521,64,532
16885,15,4,710.74,0,Potential Loyalists,0,2010-11-19 12:51:00,2011-11-24 13:40:00,5.005211267605634,376,121,370
16886,456,1,134.0,1,At Risk,1,2010-09-09 15:08:00,2010-09-09 15:08:00,16.75,48,8,0
16887,35,3,660.72,0,Potential Loyalists,0,2009-12-01 13:41:00,2011-11-04 14:07:00,6.477647058823529,424,94,703
16888,401,3,437.15,1,At Risk,1,2010-01-07 13:07:00,2010-11-04 12:39:00,8.09537037037037,147,44,300
16889,195,6,2530.9,0,Potential Loyalists,1,2010-05-23 10:46:00,2011-05-29 11:05:00,11.609633027522936,1616,163,371
16890,477,3,285.41,1,At Risk,1,2010-05-06 16:27:00,2010-08-20 11:23:00,15.021578947368422,243,17,105
16891,2,11,2056.82,3,Loyal Customers,0,2009-12-04 12:37:00,2011-12-08 11:15:00,3.9860852713178296,774,335,733
16892,1,7,762.1,0,Potential Loyalists,0,2009-12-08 14:20:00,2011-12-08 13:18:00,5.482733812949641,370,119,729
16893,367,2,401.77,1,At Risk,1,2010-11-28 15:14:00,2010-12-08 12:06:00,2.976074074074074,182,80,9
16894,502,3,1324.06,1,At Risk,1,2010-06-22 14:21:00,2010-07-25 15:43:00,6.932251308900523,507,186,33
16895,65,5,1121.42,0,Potential Loyalists,0,2010-02-12 11:07:00,2011-10-06 12:15:00,6.558011695906433,433,135,601
16896,555,1,103.95,1,At Risk,1,2010-06-02 15:40:00,2010-06-02 15:40:00,5.775,18,18,0
16897,299,2,289.78,1,At Risk,1,2011-01-30 11:52:00,2011-02-13 15:02:00,7.831891891891891,73,37,14
16898,26,5,1016.37,0,Potential Loyalists,0,2010-05-12 12:18:00,2011-11-13 15:44:00,3.468839590443686,805,223,550
16899,8,8,1721.02,0,Potential Loyalists,0,2010-11-07 15:00:00,2011-12-02 12:03:00,9.61463687150838,818,101,389
16900,17,3,887.11,0,Potential Loyalists,0,2011-10-07 13:17:00,2011-11-23 10:32:00,11.229240506329115,833,78,46
16901,729,1,204.26,1,At Risk,1,2009-12-10 16:30:00,2009-12-10 16:30:00,8.880869565217392,42,23,0
16902,116,1,1706.88,0,Potential Loyalists,0,2011-08-15 14:17:00,2011-08-15 14:17:00,38.79272727272728,629,43,0
16903,29,3,1062.28,0,Potential Loyalists,0,2010-10-20 14:42:00,2011-11-10 15:32:00,5.590947368421053,747,148,386
16904,4,21,5132.37,3,Loyal Customers,0,2010-10-24 16:03:00,2011-12-05 13:10:00,5.226446028513238,2809,484,406
16905,5,17,5034.15,3,Loyal Customers,0,2009-12-10 20:04:00,2011-12-04 14:01:00,14.719736842105261,2059,171,723
16906,82,7,1448.8,0,Potential Loyalists,0,2010-05-13 13:23:00,2011-09-19 11:49:00,6.439111111111111,613,180,493
16907,29,9,1707.9,0,Potential Loyalists,0,2010-07-01 17:30:00,2011-11-10 18:04:00,6.69764705882353,532,109,497
16908,722,1,252.59,1,At Risk,1,2009-12-17 13:35:00,2009-12-17 13:35:00,12.6295,61,20,0
16909,72,1,379.14,0,Potential Loyalists,0,2011-09-28 16:45:00,2011-09-28 16:45:00,21.063333333333333,436,18,0
16910,4,8,1510.06,0,Potential Loyalists,0,2011-09-09 14:14:00,2011-12-05 12:51:00,2.7606215722120657,886,318,86
16911,636,2,255.25,1,At Risk,1,2010-02-16 16:12:00,2010-03-14 12:18:00,7.292857142857143,161,30,25
16912,29,15,4480.31,3,Loyal Customers,0,2009-12-09 12:32:00,2011-11-11 12:18:00,25.897745664739887,1693,130,701
16913,290,3,423.91,1,At Risk,1,2010-02-26 12:06:00,2011-02-22 12:56:00,23.550555555555558,229,18,361
16914,36,1,208.46,0,Potential Loyalists,0,2011-11-03 15:27:00,2011-11-03 15:27:00,5.4857894736842105,121,25,0
16915,9,11,1543.18,0,Potential Loyalists,0,2010-05-19 13:32:00,2011-11-30 16:39:00,20.853783783783786,190,54,560
16916,24,4,1123.4,0,Potential Loyalists,0,2010-10-20 12:56:00,2011-11-16 12:08:00,4.255303030303031,764,180,391
16917,277,2,1857.83,0,Potential Loyalists,1,2010-03-17 15:24:00,2011-03-08 11:55:00,36.428039215686276,793,45,355
16918,50,16,3213.29,3,Loyal Customers,0,2009-12-03 12:27:00,2011-10-21 12:50:00,7.031269146608315,2069,280,687
16919,156,24,5125.91,3,Loyal Customers,0,2010-08-19 15:28:00,2011-07-06 13:35:00,8.009234375,2425,230,320
16920,411,1,355.45,1,At Risk,1,2010-10-24 14:07:00,2010-10-24 14:07:00,15.454347826086956,81,23,0
16921,61,3,446.67,0,Potential Loyalists,0,2010-04-18 15:34:00,2011-10-09 16:22:00,4.701789473684211,299,78,539
16922,573,1,611.08,1,At Risk,1,2010-05-16 11:24:00,2010-05-16 11:24:00,5.008852459016394,281,122,0
16923,12,32,13378.36,2,Champions,0,2010-01-31 11:14:00,2011-11-27 13:00:00,11.818339222614842,6269,431,665
16924,21,3,846.75,0,Potential Loyalists,0,2011-09-16 12:54:00,2011-11-18 12:53:00,10.201807228915662,493,69,62
16925,540,1,125.65,1,At Risk,1,2010-06-17 15:03:00,2010-06-17 15:03:00,6.980555555555556,123,18,0
16926,371,5,1421.35,1,At Risk,1,2010-07-01 12:57:00,2010-12-03 13:42:00,12.46798245614035,237,63,155
16927,116,3,543.05,0,Potential Loyalists,0,2010-12-13 11:57:00,2011-08-16 11:10:00,90.50833333333333,993,5,245
16928,80,29,4113.23,3,Loyal Customers,0,2010-02-03 12:30:00,2011-09-20 15:10:00,12.278298507462685,2755,135,594
16929,4,7,1295.39,0,Potential Loyalists,0,2011-07-07 12:39:00,2011-12-06 08:37:00,16.823246753246753,929,51,151
16930,26,3,380.55,0,Potential Loyalists,0,2011-10-02 14:25:00,2011-11-13 16:13:00,7.0472222222222225,341,47,42
16931,5,23,5233.62,3,Loyal Customers,0,2010-11-07 13:24:00,2011-12-04 13:15:00,5.228391608391608,3463,466,391
16932,53,3,440.71,0,Potential Loyalists,0,2010-05-17 14:15:00,2011-10-17 14:12:00,3.060486111111111,229,116,517
16933,1,9,3181.25,0,Potential Loyalists,0,2009-12-09 15:03:00,2011-12-08 12:54:00,10.969827586206897,1547,213,728
16934,55,6,2110.99,0,Potential Loyalists,0,2010-03-28 12:43:00,2011-10-16 12:40:00,14.762167832167833,939,128,566
16935,382,3,535.1,1,At Risk,1,2010-10-14 13:09:00,2010-11-23 09:16:00,7.33013698630137,278,55,39
16936,26,2,551.17,0,Potential Loyalists,0,2010-11-19 11:54:00,2011-11-14 11:04:00,3.909007092198581,342,122,359
16937,499,1,202.1,1,At Risk,1,2010-07-28 17:56:00,2010-07-28 17:56:00,3.9627450980392154,126,49,0
16938,9,9,7043.18,3,Loyal Customers,0,2010-02-17 14:47:00,2011-12-01 10:20:00,8.424856459330144,5084,547,651
16939,489,3,449.0,1,At Risk,1,2010-02-28 13:33:00,2010-08-08 12:24:00,10.204545454545455,232,38,160
16940,52,8,6427.66,3,Loyal Customers,0,2009-12-08 13:08:00,2011-10-18 13:15:00,10.218855325914149,4503,360,679
16941,612,1,33.0,1,At Risk,1,2010-04-07 11:13:00,2010-04-07 11:13:00,16.5,12,2,0
16942,13,9,1920.59,0,Potential Loyalists,0,2011-04-26 11:59:00,2011-11-27 12:40:00,6.834839857651246,811,159,215
16943,212,5,1299.49,0,Potential Loyalists,1,2010-03-25 13:34:00,2011-05-12 11:57:00,37.12828571428572,147,24,412
16944,610,1,101.36,1,At Risk,1,2010-04-09 11:03:00,2010-04-09 11:03:00,14.48,27,7,0
16945,22,33,8548.16,3,Loyal Customers,0,2009-12-09 11:33:00,2011-11-18 11:39:00,18.03409282700422,5889,231,709
16946,383,5,1222.04,1,At Risk,1,2010-03-02 10:49:00,2010-11-21 14:06:00,16.293866666666666,509,69,264
16947,236,5,955.21,0,Potential Loyalists,1,2010-03-03 10:54:00,2011-04-18 09:38:00,18.022830188679247,655,50,410
16948,139,7,868.77,0,Potential Loyalists,0,2010-02-21 13:48:00,2011-07-24 12:46:00,20.203953488372093,2091,20,517
16949,4,6,1286.27,0,Potential Loyalists,0,2011-01-27 12:11:00,2011-12-06 11:07:00,21.437833333333334,791,57,312
16950,57,10,3784.37,3,Loyal Customers,0,2010-01-24 11:26:00,2011-10-14 09:06:00,25.229133333333333,2492,111,627
16951,135,3,1277.75,0,Potential Loyalists,0,2011-02-08 14:58:00,2011-07-28 12:05:00,14.857558139534884,1318,73,169
16952,109,5,798.78,0,Potential Loyalists,0,2009-12-11 13:52:00,2011-08-22 13:03:00,9.077045454545454,344,76,618
16953,30,1,20.8,0,Potential Loyalists,0,2011-11-09 15:54:00,2011-11-09 15:54:00,20.8,10,1,0
16954,1,20,6081.88,3,Loyal Customers,0,2010-01-18 14:49:00,2011-12-09 09:46:00,29.52368932038835,4086,83,689
16955,185,6,1309.41,0,Potential Loyalists,1,2010-01-31 11:38:00,2011-06-08 10:36:00,22.972105263157896,823,33,492
16956,18,1,308.74,0,Potential Loyalists,0,2011-11-22 08:56:00,2011-11-22 08:56:00,19.29625,114,16,0
16957,239,2,416.64,0,Potential Loyalists,1,2011-03-03 09:25:00,2011-04-14 13:56:00,26.04,172,15,42
16958,435,1,809.44,1,At Risk,1,2010-09-30 14:25:00,2010-09-30 14:25:00,10.93837837837838,561,69,0
16959,87,1,117.35,0,Potential Loyalists,0,2011-09-13 15:03:00,2011-09-13 15:03:00,16.764285714285716,49,7,0
16960,39,8,2043.43,0,Potential Loyalists,0,2010-03-02 13:36:00,2011-11-01 11:35:00,4.347723404255319,1515,334,608
16961,116,3,794.56,0,Potential Loyalists,0,2010-06-25 14:36:00,2011-08-15 13:46:00,15.28,482,52,415
16962,410,1,251.04,1,At Risk,1,2010-10-26 11:36:00,2010-10-26 11:36:00,16.736,158,15,0
16963,187,1,110.55,0,Potential Loyalists,1,2011-06-05 13:48:00,2011-06-05 13:48:00,15.792857142857144,35,7,0
16964,733,2,207.85,1,At Risk,1,2009-12-06 12:51:00,2009-12-06 12:53:00,34.641666666666666,49,6,0
16965,227,1,201.19,0,Potential Loyalists,1,2011-04-27 12:08:00,2011-04-27 12:08:00,7.738076923076923,291,26,0
16966,8,7,2154.97,0,Potential Loyalists,0,2011-04-13 14:17:00,2011-12-01 13:40:00,76.96321428571427,1981,8,231
16967,189,1,319.02,0,Potential Loyalists,1,2011-06-03 14:24:00,2011-06-03 14:24:00,15.19142857142857,333,21,0
16968,4,2,439.43,0,Potential Loyalists,0,2011-08-24 10:51:00,2011-12-05 15:02:00,14.175161290322581,326,31,103
16969,39,3,650.41,0,Potential Loyalists,0,2011-06-01 12:10:00,2011-10-31 13:12:00,15.48595238095238,816,42,152
16970,626,1,71.4,1,At Risk,1,2010-03-23 13:50:00,2010-03-23 13:50:00,35.7,12,2,0
16971,38,1,357.21,0,Potential Loyalists,0,2011-11-01 15:06:00,2011-11-01 15:06:00,8.712439024390243,72,40,0
16972,383,2,786.25,1,At Risk,1,2010-09-09 11:20:00,2010-11-22 10:59:00,8.934659090909092,190,54,73
16973,386,1,127.0,1,At Risk,1,2010-11-18 13:56:00,2010-11-18 13:56:00,21.166666666666668,60,6,0
16974,523,2,365.5,1,At Risk,1,2010-05-24 10:43:00,2010-07-05 10:18:00,45.6875,70,5,41
16975,423,3,926.12,1,At Risk,1,2010-07-22 11:38:00,2010-10-12 17:53:00,20.580444444444446,586,44,82
16976,267,1,251.52,0,Potential Loyalists,1,2011-03-17 16:33:00,2011-03-17 16:33:00,125.75999999999999,88,2,0
16977,395,4,496.0,1,At Risk,1,2010-03-18 11:06:00,2010-11-09 13:17:00,17.714285714285715,142,25,236
16978,78,3,768.88,0,Potential Loyalists,0,2010-02-11 16:27:00,2011-09-23 12:50:00,11.475820895522387,285,65,588
16979,4,9,2859.74,0,Potential Loyalists,0,2010-09-15 14:30:00,2011-12-06 12:21:00,22.168527131782945,1451,82,446
16980,255,3,1473.3300000000002,0,Potential Loyalists,1,2010-10-07 14:05:00,2011-03-29 16:36:00,13.154732142857142,1039,91,173
16982,61,1,384.06,0,Potential Loyalists,0,2011-10-10 12:28:00,2011-10-10 12:28:00,17.457272727272727,182,22,0
16983,13,11,3710.22,3,Loyal Customers,0,2010-09-19 12:38:00,2011-11-27 12:10:00,14.900481927710844,2508,151,433
16984,88,9,10754.8,3,Loyal Customers,0,2010-03-07 15:34:00,2011-09-12 13:43:00,9.492321270962046,5330,669,553
16985,17,23,10923.16,3,Loyal Customers,0,2009-12-10 13:34:00,2011-11-22 13:33:00,44.95127572016461,3103,130,711
16986,30,11,4888.75,3,Loyal Customers,0,2010-02-04 14:46:00,2011-11-10 11:55:00,28.096264367816094,2539,65,643
16987,3,11,2535.9,3,Loyal Customers,0,2009-12-02 14:34:00,2011-12-06 17:26:00,9.533458646616541,679,155,734
16988,5,2,382.67,0,Potential Loyalists,0,2010-11-25 09:22:00,2011-12-04 16:02:00,19.1335,158,20,374
16989,7,6,1133.25,0,Potential Loyalists,0,2011-07-12 09:11:00,2011-12-02 16:39:00,94.4375,1233,7,143
16990,219,2,344.0,0,Potential Loyalists,1,2010-10-13 11:42:00,2011-05-05 08:30:00,172.0,200,1,203
16991,421,1,1041.21,1,At Risk,1,2010-10-14 14:08:00,2010-10-14 14:08:00,14.070405405405406,793,74,0
16992,11,13,5476.5,3,Loyal Customers,0,2010-02-11 12:36:00,2011-11-29 11:50:00,19.21578947368421,2061,212,655
16993,464,2,1950.95,1,At Risk,1,2010-05-12 13:55:00,2010-09-02 12:16:00,69.67678571428571,285,19,112
16996,30,9,2123.61,0,Potential Loyalists,0,2010-10-18 12:24:00,2011-11-09 16:43:00,28.3148,919,32,387
16997,288,3,702.0,1,At Risk,1,2011-01-18 11:51:00,2011-02-24 17:28:00,58.5,360,7,37
16998,150,5,402.0,0,Potential Loyalists,0,2010-09-21 14:39:00,2011-07-13 09:44:00,67.0,104,2,294
16999,23,2,484.82,0,Potential Loyalists,0,2011-09-26 15:43:00,2011-11-16 13:53:00,21.07913043478261,294,21,50
17000,396,2,406.3,1,At Risk,1,2010-10-27 14:16:00,2010-11-08 13:35:00,13.543333333333333,305,26,11
17001,1,19,6640.8,3,Loyal Customers,0,2010-03-25 12:41:00,2011-12-09 09:38:00,24.148363636363637,3782,108,623
17002,86,7,2571.55,0,Potential Loyalists,0,2010-03-08 15:46:00,2011-09-15 12:40:00,30.613690476190477,1265,64,555
17003,402,4,830.16,1,At Risk,1,2010-05-10 11:20:00,2010-11-02 13:15:00,7.4121428571428565,495,90,176
17004,46,4,2425.16,0,Potential Loyalists,0,2010-10-11 15:43:00,2011-10-24 14:25:00,34.64514285714286,1281,48,377
17005,471,2,742.36,1,At Risk,1,2010-04-30 10:55:00,2010-08-26 10:57:00,37.118,787,14,118
17006,5,8,1636.32,0,Potential Loyalists,0,2010-03-05 13:33:00,2011-12-05 12:09:00,12.587076923076923,573,103,639
17007,51,7,1120.1,0,Potential Loyalists,0,2010-09-28 13:51:00,2011-10-20 10:47:00,16.717910447761195,717,63,386
17008,429,1,81.36,1,At Risk,1,2010-10-06 15:19:00,2010-10-06 15:19:00,81.36,24,1,0
17009,551,1,242.06,1,At Risk,1,2010-06-06 16:01:00,2010-06-06 16:01:00,22.005454545454544,336,10,0
17010,18,1,195.36,0,Potential Loyalists,0,2011-11-21 14:49:00,2011-11-21 14:49:00,17.76,118,11,0
17011,30,3,671.7,0,Potential Loyalists,0,2010-02-26 09:47:00,2011-11-09 13:30:00,23.989285714285717,792,27,621
17012,725,1,384.16,1,At Risk,1,2009-12-14 17:34:00,2009-12-14 17:34:00,9.146666666666667,268,34,0
17014,8,3,586.33,0,Potential Loyalists,0,2011-10-04 11:36:00,2011-12-01 14:09:00,7.923378378378379,245,63,58
17015,29,3,1842.56,0,Potential Loyalists,0,2011-06-07 13:19:00,2011-11-11 10:45:00,8.491059907834101,1981,182,156
17016,577,1,552.4,1,At Risk,1,2010-05-12 12:32:00,2010-05-12 12:32:00,13.473170731707317,309,41,0
17017,3,29,14110.61,2,Champions,0,2009-12-03 13:22:00,2011-12-07 09:32:00,33.27974056603774,10591,120,733
17018,41,6,2287.7,0,Potential Loyalists,0,2009-12-05 10:27:00,2011-10-30 11:42:00,61.82972972972973,456,26,694
17019,11,11,4012.2,3,Loyal Customers,0,2009-12-02 11:52:00,2011-11-28 13:06:00,5.627208976157083,2643,344,726
17020,542,2,935.62,1,At Risk,1,2010-03-03 12:27:00,2010-06-15 13:06:00,13.559710144927536,860,64,104
17021,442,6,1182.22,1,At Risk,1,2010-04-29 20:05:00,2010-09-23 20:01:00,24.629583333333333,992,35,146
17022,31,2,260.0,0,Potential Loyalists,0,2010-10-03 10:27:00,2011-11-08 17:09:00,16.25,180,16,401
17023,417,3,800.18,1,At Risk,1,2010-01-11 15:09:00,2010-10-18 15:37:00,16.330204081632655,530,48,280
17024,45,3,95.85,0,Potential Loyalists,0,2011-07-05 09:31:00,2011-10-25 13:47:00,31.95,69,2,112
17025,61,5,1510.64,0,Potential Loyalists,0,2010-03-08 13:37:00,2011-10-10 09:06:00,35.96761904761905,1024,31,580
17026,185,3,208.98,0,Potential Loyalists,1,2010-10-18 15:22:00,2011-06-07 14:28:00,26.122500000000002,132,4,231
17027,79,9,1327.11,0,Potential Loyalists,0,2009-12-10 12:10:00,2011-09-22 12:24:00,7.135,653,126,651
17028,581,3,1593.83,1,At Risk,1,2009-12-18 14:28:00,2010-05-07 15:33:00,16.777157894736842,856,85,140
17029,111,7,2137.3,0,Potential Loyalists,0,2010-02-14 10:19:00,2011-08-21 11:06:00,73.7,1265,19,553
17030,64,1,146.87,0,Potential Loyalists,0,2011-10-07 08:49:00,2011-10-07 08:49:00,13.351818181818182,146,11,0
17031,12,6,2773.85,0,Potential Loyalists,0,2010-05-07 14:52:00,2011-11-28 10:23:00,55.477,1595,34,569
17032,548,8,3004.6,1,At Risk,1,2009-12-10 15:36:00,2010-06-10 12:16:00,12.571548117154812,1695,183,181
17033,86,4,1332.79,0,Potential Loyalists,0,2010-11-07 12:55:00,2011-09-14 14:34:00,33.31975,871,33,311
17034,16,5,1283.92,0,Potential Loyalists,0,2010-07-14 12:55:00,2011-11-23 15:14:00,21.76135593220339,700,49,497
17035,246,4,613.59,0,Potential Loyalists,1,2009-12-03 10:37:00,2011-04-08 11:23:00,18.593636363636364,327,29,491
17036,383,1,176.9,1,At Risk,1,2010-11-21 14:26:00,2010-11-21 14:26:00,14.741666666666667,76,12,0
17037,88,1,1267.32,0,Potential Loyalists,0,2011-09-13 12:49:00,2011-09-13 12:49:00,16.8976,656,75,0
17038,30,2,743.17,0,Potential Loyalists,0,2010-10-20 16:04:00,2011-11-09 13:50:00,11.796349206349205,535,61,384
17039,604,1,1954.99,1,At Risk,1,2010-04-14 12:56:00,2010-04-14 12:56:00,44.43159090909091,689,44,0
17040,138,2,463.25,0,Potential Loyalists,0,2010-06-07 15:08:00,2011-07-25 10:19:00,28.953125,189,15,412
17041,27,6,1686.28,0,Potential Loyalists,0,2010-04-18 14:25:00,2011-11-13 11:21:00,13.071937984496124,1337,93,573
17042,3,5,1044.38,0,Potential Loyalists,0,2011-04-06 14:53:00,2011-12-07 12:26:00,10.656938775510206,994,74,244
17043,32,8,2616.55,0,Potential Loyalists,0,2009-12-09 15:20:00,2011-11-07 15:33:00,12.763658536585366,1624,175,698
17044,25,12,11962.3,3,Loyal Customers,0,2009-12-07 12:25:00,2011-11-14 14:28:00,80.28389261744967,5722,92,707
17045,113,5,827.6800000000001,0,Potential Loyalists,0,2010-10-06 14:52:00,2011-08-18 17:09:00,15.616603773584908,294,44,316
17046,157,5,1906.07,0,Potential Loyalists,0,2010-03-29 13:46:00,2011-07-05 14:24:00,22.42435294117647,1636,76,463
17047,85,6,2289.23,0,Potential Loyalists,0,2009-12-08 08:48:00,2011-09-15 13:27:00,16.121338028169014,1184,114,646
17048,118,7,2071.68,0,Potential Loyalists,0,2010-01-18 13:55:00,2011-08-14 11:49:00,20.51168316831683,1068,88,572
17049,3,19,9947.48,3,Loyal Customers,0,2010-03-04 10:23:00,2011-12-07 10:48:00,17.795134168157425,4276,316,643
17050,96,11,4691.79,3,Loyal Customers,0,2010-01-26 14:54:00,2011-09-04 13:48:00,13.142268907563025,2451,193,585
17051,194,4,714.39,0,Potential Loyalists,1,2010-03-21 14:55:00,2011-05-29 14:13:00,4.550254777070063,513,107,433
17052,28,1,413.75,0,Potential Loyalists,0,2011-11-11 14:50:00,2011-11-11 14:50:00,4.497282608695652,261,72,0
17053,131,1,498.48,0,Potential Loyalists,0,2011-08-01 10:23:00,2011-08-01 10:23:00,38.34461538461539,122,13,0
17054,28,5,1356.33,0,Potential Loyalists,0,2011-04-08 13:14:00,2011-11-11 12:56:00,16.34132530120482,804,64,216
17055,446,1,239.55,1,At Risk,1,2010-09-20 12:21:00,2010-09-20 12:21:00,7.985,87,24,0
17056,738,1,128.60000000000002,1,At Risk,1,2009-12-01 12:55:00,2009-12-01 12:55:00,16.075000000000003,26,8,0
17057,596,1,294.74,1,At Risk,1,2010-04-22 19:21:00,2010-04-22 19:21:00,5.8948,129,48,0
17058,82,3,1179.89,0,Potential Loyalists,0,2011-04-14 09:18:00,2011-09-19 10:13:00,19.030483870967743,592,51,158
17059,30,9,5602.53,3,Loyal Customers,0,2010-01-26 14:43:00,2011-11-10 12:27:00,6.661747919143876,3584,349,652
17060,266,1,234.24,0,Potential Loyalists,1,2011-03-18 13:27:00,2011-03-18 13:27:00,46.848,216,5,0
17061,74,11,5232.2300000000005,3,Loyal Customers,0,2011-04-21 13:29:00,2011-09-27 11:24:00,52.850808080808086,1526,57,158
17062,314,6,1208.22,1,At Risk,1,2010-09-26 11:57:00,2011-01-30 11:01:00,7.3671951219512195,922,82,125
17063,21,13,3638.53,3,Loyal Customers,0,2009-12-01 12:36:00,2011-11-18 16:19:00,17.748926829268292,1899,150,717
17064,59,3,859.35,0,Potential Loyalists,0,2011-01-16 16:10:00,2011-10-12 10:18:00,13.860483870967743,318,53,268
17065,638,2,194.7,1,At Risk,1,2010-03-12 11:40:00,2010-03-12 11:41:00,16.224999999999998,82,6,0
17066,726,1,228.34,1,At Risk,1,2009-12-13 13:24:00,2009-12-13 13:24:00,12.685555555555556,93,17,0
17067,725,3,454.54,1,At Risk,1,2009-12-08 12:03:00,2009-12-15 08:39:00,34.964615384615385,322,8,6
17068,12,46,9161.08,2,Champions,0,2010-03-28 14:26:00,2011-11-27 13:14:00,8.9463671875,4435,250,608
17069,28,14,5794.28,3,Loyal Customers,0,2009-12-03 12:27:00,2011-11-11 17:13:00,19.641627118644067,3333,202,708
17070,114,2,445.32,0,Potential Loyalists,0,2010-10-25 15:57:00,2011-08-17 17:01:00,4.241142857142857,234,102,296
17071,28,13,3801.2,3,Loyal Customers,0,2010-01-24 13:05:00,2011-11-11 16:31:00,17.930188679245283,1935,141,656
17072,625,1,282.05,1,At Risk,1,2010-03-24 16:33:00,2010-03-24 16:33:00,12.820454545454545,218,20,0
17073,18,4,1446.09,0,Potential Loyalists,0,2011-08-22 14:37:00,2011-11-22 11:47:00,8.310862068965516,759,142,91
17074,563,1,203.05,1,At Risk,1,2010-05-26 12:04:00,2010-05-26 12:04:00,50.7625,19,4,0
17075,18,10,2241.73,0,Potential Loyalists,0,2009-12-14 11:24:00,2011-11-22 11:58:00,11.20865,787,153,708
17076,36,6,1242.75,0,Potential Loyalists,0,2009-12-04 12:12:00,2011-11-03 17:53:00,24.855,514,31,699
17077,578,1,306.0,1,At Risk,1,2010-05-10 16:36:00,2010-05-10 16:36:00,306.0,36,1,0
17078,36,2,378.2,0,Potential Loyalists,0,2011-11-03 18:49:00,2011-11-03 19:17:00,13.507142857142856,788,28,0
17079,78,1,118.8,0,Potential Loyalists,0,2011-09-22 15:34:00,2011-09-22 15:34:00,59.400000000000006,24,2,0
17080,22,7,957.53,0,Potential Loyalists,0,2010-07-01 16:03:00,2011-11-17 12:59:00,29.016060606060606,569,26,503
17081,25,6,964.39,0,Potential Loyalists,0,2010-02-22 13:19:00,2011-11-14 12:56:00,4.506495327102804,389,166,629
17082,33,6,4732.03,0,Potential Loyalists,0,2009-12-15 11:25:00,2011-11-06 15:17:00,27.835470588235292,2526,117,691
17083,109,9,4049.79,3,Loyal Customers,0,2010-02-09 11:46:00,2011-08-22 15:43:00,35.2155652173913,1955,30,559
17084,35,3,5202.97,0,Potential Loyalists,0,2010-11-08 14:20:00,2011-11-04 14:54:00,17.6971768707483,3292,263,361
17085,123,28,7891.41,3,Loyal Customers,0,2009-12-06 12:16:00,2011-08-08 14:15:00,7.915155466399198,3603,411,610
17086,7,6,2050.08,0,Potential Loyalists,0,2011-10-07 11:22:00,2011-12-02 13:54:00,21.355,1859,76,56
17087,738,1,221.53,1,At Risk,1,2009-12-02 10:41:00,2009-12-02 10:41:00,18.460833333333333,113,12,0
17088,28,4,1991.01,0,Potential Loyalists,0,2011-03-31 09:48:00,2011-11-11 14:23:00,17.313130434782607,868,96,225
17089,386,1,128.45,1,At Risk,1,2010-11-18 15:33:00,2010-11-18 15:33:00,32.1125,35,4,0
17090,4,13,3149.48,3,Loyal Customers,0,2010-07-19 16:02:00,2011-12-05 13:44:00,34.23347826086957,1362,54,503
17091,3,19,7811.1,3,Loyal Customers,0,2009-12-16 15:45:00,2011-12-07 10:43:00,16.479113924050633,3845,242,720
17092,50,11,5594.96,3,Loyal Customers,0,2010-02-02 16:42:00,2011-10-20 19:51:00,14.093098236775818,3801,273,625
17093,593,1,235.88,1,At Risk,1,2010-04-26 10:22:00,2010-04-26 10:22:00,18.144615384615385,114,13,0
17094,322,2,402.2000000000001,1,At Risk,1,2010-10-12 10:48:00,2011-01-21 13:09:00,22.34444444444445,212,18,101
17095,23,7,2572.25,0,Potential Loyalists,0,2009-12-15 12:32:00,2011-11-17 12:21:00,18.775547445255473,1695,110,701
17096,15,11,3759.18,3,Loyal Customers,0,2010-06-02 14:48:00,2011-11-24 15:01:00,17.32341013824885,1571,162,540
17097,2,9,1340.45,0,Potential Loyalists,0,2010-10-05 14:09:00,2011-12-07 17:05:00,4.324032258064516,660,182,428
17098,382,3,591.0699999999999,1,At Risk,1,2010-06-17 10:30:00,2010-11-23 12:13:00,32.83722222222222,125,10,159
17099,533,1,582.17,1,At Risk,1,2010-06-24 16:25:00,2010-06-24 16:25:00,14.55425,317,40,0
17100,18,2,971.74,0,Potential Loyalists,0,2011-11-21 16:36:00,2011-11-21 16:36:00,14.949846153846154,800,65,0
17101,10,7,2507.05,0,Potential Loyalists,0,2010-06-07 15:12:00,2011-11-29 13:57:00,34.34315068493151,1175,54,539
17102,262,1,25.5,0,Potential Loyalists,1,2011-03-23 10:08:00,2011-03-23 10:08:00,25.5,2,1,0
17103,722,1,424.3,1,At Risk,1,2009-12-17 14:08:00,2009-12-17 14:08:00,13.259375,471,32,0
17104,424,1,474.03,1,At Risk,1,2010-10-12 12:21:00,2010-10-12 12:21:00,24.948947368421056,149,19,0
17105,159,2,665.78,0,Potential Loyalists,0,2011-02-06 14:46:00,2011-07-03 15:53:00,7.397555555555555,693,80,147
17106,389,1,491.23,1,At Risk,1,2010-11-15 14:11:00,2010-11-15 14:11:00,9.268490566037736,156,51,0
17107,33,10,16075.42,3,Loyal Customers,0,2010-01-31 15:47:00,2011-11-06 14:14:00,23.850771513353116,7544,377,643
17108,664,1,174.95,1,At Risk,1,2010-02-14 12:22:00,2010-02-14 12:22:00,19.438888888888886,31,9,0
17109,29,8,1295.46,0,Potential Loyalists,0,2010-07-30 12:42:00,2011-11-10 16:59:00,9.253285714285715,789,124,468
17110,165,3,510.7,0,Potential Loyalists,0,2010-04-08 13:32:00,2011-06-27 12:58:00,10.013725490196078,142,38,444
17111,47,2,476.58,0,Potential Loyalists,0,2010-10-10 15:21:00,2011-10-23 15:59:00,9.726122448979591,601,44,378
17112,503,1,205.17,1,At Risk,1,2010-07-25 11:14:00,2010-07-25 11:14:00,4.103400000000001,134,44,0
17113,574,6,2322.59,1,At Risk,1,2010-01-11 10:14:00,2010-05-14 13:59:00,14.607484276729561,915,122,123
17114,6,8,808.62,0,Potential Loyalists,0,2011-01-09 11:39:00,2011-12-04 12:17:00,6.367086614173228,219,85,329
17115,8,7,2761.49,0,Potential Loyalists,0,2009-12-05 12:13:00,2011-12-01 14:30:00,23.01241666666667,885,102,726
17116,648,1,389.78,1,At Risk,1,2010-03-01 16:29:00,2010-03-01 16:29:00,8.293191489361702,392,47,0
17117,288,1,116.2,1,At Risk,1,2011-02-24 13:54:00,2011-02-24 13:54:00,12.911111111111111,68,9,0
17118,318,1,157.02,1,At Risk,1,2011-01-26 12:19:00,2011-01-26 12:19:00,15.702000000000002,154,10,0
17119,3,2,606.91,0,Potential Loyalists,0,2011-10-11 11:03:00,2011-12-06 14:40:00,17.340285714285713,334,35,56
17120,233,1,307.46,0,Potential Loyalists,1,2011-04-20 15:21:00,2011-04-20 15:21:00,17.08111111111111,120,18,0
17121,403,1,314.74,1,At Risk,1,2010-11-02 11:47:00,2010-11-02 11:47:00,26.228333333333335,106,12,0
17122,119,4,570.5,0,Potential Loyalists,0,2010-07-28 09:34:00,2011-08-12 14:33:00,19.016666666666666,368,23,380
17123,162,3,977.17,0,Potential Loyalists,0,2010-05-16 11:52:00,2011-07-01 10:47:00,22.724883720930233,676,37,410
17124,185,1,298.89,0,Potential Loyalists,1,2011-06-07 14:02:00,2011-06-07 14:02:00,9.3403125,130,31,0
17125,50,1,259.35,0,Potential Loyalists,0,2011-10-20 14:41:00,2011-10-20 14:41:00,6.483750000000001,291,34,0
17126,152,9,2070.44,0,Potential Loyalists,0,2010-08-31 13:41:00,2011-07-10 13:52:00,4.358821052631579,1468,295,313
17127,429,5,1155.0300000000002,1,At Risk,1,2009-12-04 15:18:00,2010-10-07 09:54:00,31.217027027027033,340,27,306
17128,335,1,157.09,1,At Risk,1,2011-01-09 12:02:00,2011-01-09 12:02:00,11.220714285714285,76,14,0
17129,520,1,31.85,1,At Risk,1,2010-07-07 13:46:00,2010-07-07 13:46:00,15.925,5,2,0
17131,5,5,2463.17,0,Potential Loyalists,0,2011-09-25 12:42:00,2011-12-04 12:52:00,18.38186567164179,983,78,70
17132,452,2,1272.8,1,At Risk,1,2010-08-08 13:49:00,2010-09-13 16:31:00,16.317948717948717,980,62,36
17133,16,12,14622.33,3,Loyal Customers,0,2010-03-21 12:31:00,2011-11-24 12:27:00,261.11303571428573,10107,22,612
17134,107,3,637.1,0,Potential Loyalists,0,2010-09-23 18:32:00,2011-08-25 09:53:00,17.21891891891892,148,31,335
17135,16,10,1954.16,0,Potential Loyalists,0,2010-05-09 16:03:00,2011-11-23 16:48:00,12.2135,1922,98,563
17136,662,1,231.68,1,At Risk,1,2010-02-15 13:13:00,2010-02-15 13:13:00,16.548571428571428,256,14,0
17137,416,6,1133.63,1,At Risk,1,2010-01-31 12:27:00,2010-10-19 14:51:00,6.441079545454546,697,125,261
17138,276,7,4417.27,0,Potential Loyalists,1,2010-02-04 14:19:00,2011-03-09 11:54:00,17.2549609375,2024,234,397
17139,16,25,19584.46,2,Champions,0,2010-01-11 11:31:00,2011-11-24 10:12:00,24.208232385661308,9859,447,681
17140,247,1,465.32,0,Potential Loyalists,1,2011-04-06 13:33:00,2011-04-06 13:33:00,23.266,302,16,0
17141,418,4,754.33,1,At Risk,1,2010-01-24 14:19:00,2010-10-17 14:54:00,4.335229885057472,436,138,266
17142,239,4,1283.75,0,Potential Loyalists,1,2010-01-24 15:23:00,2011-04-14 18:22:00,14.26388888888889,323,78,445
17143,417,2,924.11,1,At Risk,1,2010-07-12 13:26:00,2010-10-18 15:27:00,7.637272727272728,330,82,98
17144,1,2,984.57,0,Potential Loyalists,0,2011-09-16 12:50:00,2011-12-08 17:57:00,20.511875,483,42,83
17145,513,4,3120.91,1,At Risk,1,2010-02-19 12:07:00,2010-07-15 09:02:00,17.33838888888889,2591,168,145
17146,106,13,5860.24,3,Loyal Customers,0,2010-02-02 09:39:00,2011-08-26 12:44:00,19.34072607260726,2192,164,570
17147,23,9,3199.95,0,Potential Loyalists,0,2010-01-11 09:38:00,2011-11-17 12:32:00,23.529044117647057,1308,99,675
17148,52,1,124.88,0,Potential Loyalists,0,2011-10-19 09:59:00,2011-10-19 09:59:00,13.875555555555556,82,9,0
17149,451,1,143.10000000000002,1,At Risk,1,2010-09-14 14:56:00,2010-09-14 14:56:00,23.850000000000005,18,6,0
17150,377,6,1375.65,1,At Risk,1,2009-12-06 10:51:00,2010-11-28 11:27:00,14.791935483870969,403,64,357
17151,735,1,231.90000000000003,1,At Risk,1,2009-12-04 14:56:00,2009-12-04 14:56:00,57.97500000000001,42,4,0
17152,195,4,2016.5,0,Potential Loyalists,1,2010-10-10 12:40:00,2011-05-29 12:19:00,126.03125,577,9,230
17153,24,1,213.78,0,Potential Loyalists,0,2011-11-15 13:42:00,2011-11-15 13:42:00,15.27,104,14,0
17154,75,1,329.34,0,Potential Loyalists,0,2011-09-25 13:42:00,2011-09-25 13:42:00,14.319130434782608,490,23,0
17155,18,7,892.46,0,Potential Loyalists,0,2009-12-03 11:34:00,2011-11-22 12:38:00,12.225479452054795,987,43,719
17156,492,1,591.87,1,At Risk,1,2010-08-05 11:30:00,2010-08-05 11:30:00,15.176153846153847,391,39,0
17157,8,19,5151.9,3,Loyal Customers,0,2009-12-04 13:00:00,2011-12-02 09:10:00,36.53829787234043,2092,78,727
17158,32,5,1980.0,0,Potential Loyalists,0,2010-03-07 15:50:00,2011-11-07 15:15:00,17.52212389380531,1147,74,609
17159,22,5,2099.59,0,Potential Loyalists,0,2010-03-04 14:53:00,2011-11-18 10:52:00,16.15069230769231,1348,115,623
17160,31,17,10209.16,3,Loyal Customers,0,2009-12-04 10:57:00,2011-11-08 14:05:00,15.68227342549923,8390,215,704
17161,444,1,856.01,1,At Risk,1,2010-09-21 16:44:00,2010-09-21 16:44:00,16.46173076923077,537,52,0
17162,29,10,1715.46,0,Potential Loyalists,0,2011-02-07 12:27:00,2011-11-11 11:34:00,16.494807692307692,1001,81,276
17163,22,4,699.78,0,Potential Loyalists,0,2010-02-02 10:39:00,2011-11-18 08:57:00,23.326,531,27,653
17164,33,7,2467.35,0,Potential Loyalists,0,2011-03-11 14:26:00,2011-11-07 09:14:00,17.134375,1501,92,240
17165,284,6,1794.32,0,Potential Loyalists,1,2009-12-11 09:18:00,2011-02-28 16:39:00,17.9432,788,77,444
17166,39,2,206.34,0,Potential Loyalists,0,2011-05-20 08:18:00,2011-11-01 09:46:00,17.195,78,11,165
17167,380,3,867.11,1,At Risk,1,2010-09-20 14:02:00,2010-11-25 10:05:00,10.97607594936709,429,64,65
17168,499,1,400.2,1,At Risk,1,2010-07-29 12:33:00,2010-07-29 12:33:00,19.057142857142857,220,21,0
17169,58,3,1156.73,0,Potential Loyalists,0,2010-05-10 13:00:00,2011-10-13 10:25:00,15.423066666666667,671,64,520
17170,374,2,178.68,1,At Risk,1,2010-11-15 16:23:00,2010-11-30 15:55:00,17.868000000000002,152,8,14
17171,289,2,384.59,1,At Risk,1,2010-02-16 12:02:00,2011-02-23 16:37:00,15.383600000000001,225,25,372
17172,79,3,956.57,0,Potential Loyalists,0,2009-12-13 11:46:00,2011-09-22 09:36:00,24.527435897435897,1215,39,647
17173,5,8,3766.6,0,Potential Loyalists,0,2011-07-31 15:26:00,2011-12-04 14:40:00,43.79767441860465,1122,36,125
17174,218,1,59.9,0,Potential Loyalists,1,2011-05-06 11:47:00,2011-05-06 11:47:00,14.975,41,4,0
17175,44,4,1443.69,0,Potential Loyalists,0,2011-02-16 14:56:00,2011-10-26 15:31:00,22.915714285714287,866,42,252
17176,202,3,902.32,0,Potential Loyalists,1,2010-01-31 15:49:00,2011-05-22 12:41:00,21.483809523809523,576,37,475
17177,505,1,119.5,1,At Risk,1,2010-07-22 14:53:00,2010-07-22 14:53:00,4.120689655172414,40,29,0
17178,731,1,436.71,1,At Risk,1,2009-12-08 16:20:00,2009-12-08 16:20:00,13.647187500000001,101,31,0
17179,178,6,1507.26,0,Potential Loyalists,0,2010-05-26 11:22:00,2011-06-14 16:48:00,9.539620253164557,625,75,384
17180,56,11,2256.98,3,Loyal Customers,0,2010-01-21 17:43:00,2011-10-14 15:46:00,5.5318137254901965,1828,189,630
17181,57,3,465.37,0,Potential Loyalists,0,2010-04-23 11:21:00,2011-10-13 14:48:00,15.512333333333334,484,28,538
17182,423,2,321.3,1,At Risk,1,2009-12-21 15:22:00,2010-10-13 10:09:00,53.550000000000004,54,4,295
17183,8,6,3347.31,0,Potential Loyalists,0,2011-08-26 15:25:00,2011-12-02 10:07:00,45.85356164383562,1296,42,97
17184,569,2,198.41000000000005,1,At Risk,1,2009-12-09 14:17:00,2010-05-19 14:24:00,14.172142857142859,73,14,161
17185,592,3,229.46,1,At Risk,1,2010-04-20 13:49:00,2010-04-27 12:15:00,5.215,119,38,6
17186,47,2,144.0,0,Potential Loyalists,0,2011-10-10 12:52:00,2011-10-24 10:20:00,72.0,200,1,13
17187,227,2,467.71,0,Potential Loyalists,1,2010-07-01 14:38:00,2011-04-27 12:39:00,20.335217391304347,426,21,299
17188,11,13,4592.93,3,Loyal Customers,0,2009-12-08 19:16:00,2011-11-28 13:53:00,26.70308139534884,2569,136,719
17189,106,5,957.63,0,Potential Loyalists,0,2009-12-02 11:45:00,2011-08-25 19:39:00,7.785609756097561,604,101,631
17190,59,7,1743.04,0,Potential Loyalists,0,2010-03-05 13:21:00,2011-10-12 11:33:00,8.938666666666666,2225,160,585
17191,28,15,4836.05,3,Loyal Customers,0,2009-12-01 16:34:00,2011-11-11 16:58:00,8.410521739130434,2536,269,710
17192,536,1,77.83,1,At Risk,1,2010-06-21 16:07:00,2010-06-21 16:07:00,3.7061904761904763,46,20,0
17193,36,9,2310.04,0,Potential Loyalists,0,2009-12-02 10:02:00,2011-11-04 12:47:00,52.50090909090909,1668,28,702
17194,274,3,812.5,0,Potential Loyalists,1,2010-06-27 13:16:00,2011-03-11 12:05:00,13.319672131147541,420,57,256
17195,655,1,562.98,1,At Risk,1,2010-02-22 13:05:00,2010-02-22 13:05:00,18.160645161290322,486,31,0
17196,428,1,352.9,1,At Risk,1,2010-10-08 11:31:00,2010-10-08 11:31:00,3.3932692307692305,168,84,0
17197,30,1,1013.01,0,Potential Loyalists,0,2011-11-10 10:32:00,2011-11-10 10:32:00,34.93137931034483,191,29,0
17198,24,3,1213.88,0,Potential Loyalists,0,2010-12-03 14:54:00,2011-11-16 10:39:00,7.016647398843931,599,89,347
17199,582,1,145.12,1,At Risk,1,2010-05-06 13:53:00,2010-05-06 13:53:00,16.124444444444446,304,8,0
17200,387,4,356.71,1,At Risk,1,2010-02-25 13:23:00,2010-11-17 13:04:00,14.2684,367,25,264
17201,54,4,1242.04,0,Potential Loyalists,0,2010-02-10 12:26:00,2011-10-17 11:55:00,6.677634408602151,1075,154,613
17202,421,1,160.65,1,At Risk,1,2010-10-15 11:25:00,2010-10-15 11:25:00,20.08125,55,8,0
17203,36,10,5575.88,3,Loyal Customers,0,2010-11-16 12:52:00,2011-11-04 12:27:00,20.651407407407408,4606,195,352
17204,175,9,5504.6900000000005,3,Loyal Customers,0,2010-06-10 11:37:00,2011-06-17 14:46:00,31.09994350282486,2651,110,372
17205,54,3,999.35,0,Potential Loyalists,0,2010-05-24 15:36:00,2011-10-17 12:46:00,28.552857142857142,2214,27,510
17206,53,1,204.24,0,Potential Loyalists,0,2011-10-17 13:25:00,2011-10-17 13:25:00,29.177142857142858,76,7,0
17207,652,1,303.22,1,At Risk,1,2010-02-25 19:08:00,2010-02-25 19:08:00,4.525671641791044,241,55,0
17208,396,1,115.35,1,At Risk,1,2010-11-09 12:50:00,2010-11-09 12:50:00,4.8062499999999995,103,21,0
17209,649,3,611.6,1,At Risk,1,2009-12-03 11:10:00,2010-02-28 16:01:00,15.290000000000001,731,36,87
17210,393,1,253.37,1,At Risk,1,2010-11-12 12:15:00,2010-11-12 12:15:00,4.6920370370370375,243,47,0
17211,27,13,4046.65,3,Loyal Customers,0,2009-12-13 13:17:00,2011-11-13 12:03:00,10.733819628647215,2345,217,699
17212,253,3,794.41,0,Potential Loyalists,1,2010-08-10 09:22:00,2011-03-31 19:42:00,27.393448275862067,727,29,233
17213,40,13,5182.3,3,Loyal Customers,0,2009-12-15 10:28:00,2011-10-30 14:53:00,18.4423487544484,2179,130,684
17214,60,6,1069.12,0,Potential Loyalists,0,2010-12-15 15:14:00,2011-10-10 13:17:00,10.37980582524272,276,79,298
17215,464,1,186.15,1,At Risk,1,2010-09-01 13:39:00,2010-09-01 13:39:00,16.922727272727272,104,11,0
17216,554,1,65.05,1,At Risk,1,2010-06-03 13:03:00,2010-06-03 13:03:00,4.646428571428571,22,13,0
17217,234,2,218.0,0,Potential Loyalists,1,2010-03-30 13:35:00,2011-04-19 17:19:00,7.517241379310345,95,27,385
17218,4,18,4192.68,3,Loyal Customers,0,2010-01-25 16:12:00,2011-12-05 13:52:00,7.986057142857144,2200,248,678
17219,32,2,259.13,0,Potential Loyalists,0,2010-10-19 11:29:00,2011-11-08 11:25:00,5.1826,188,43,384
17220,24,21,4481.75,3,Loyal Customers,0,2010-01-20 11:57:00,2011-11-15 13:47:00,6.581130690161527,2699,408,664
17221,7,5,978.52,0,Potential Loyalists,0,2010-04-11 15:34:00,2011-12-02 13:35:00,7.766031746031746,715,115,599
17222,65,6,1605.01,0,Potential Loyalists,0,2010-01-10 15:24:00,2011-10-05 13:58:00,14.203628318584071,863,94,632
17223,310,3,873.53,1,At Risk,1,2010-11-29 17:19:00,2011-02-02 15:57:00,8.648811881188118,222,62,64
17224,501,1,100.86,1,At Risk,1,2010-07-26 13:30:00,2010-07-26 13:30:00,12.607500000000002,65,8,0
17225,582,1,131.15,1,At Risk,1,2010-05-07 11:38:00,2010-05-07 11:38:00,26.23,36,5,0
17226,309,3,900.12,1,At Risk,1,2010-02-12 14:31:00,2011-02-04 11:52:00,14.756065573770492,855,51,356
17227,19,12,2022.03,3,Loyal Customers,0,2010-01-15 15:05:00,2011-11-21 10:51:00,16.17624,1774,58,674
17228,16,13,3177.24,3,Loyal Customers,0,2010-03-12 11:54:00,2011-11-24 10:24:00,8.874972067039106,2568,199,621
17229,96,2,318.76,0,Potential Loyalists,0,2011-07-20 12:38:00,2011-09-04 13:56:00,6.782127659574468,185,39,46
17230,264,18,9924.95,3,Loyal Customers,1,2009-12-08 13:41:00,2011-03-20 16:12:00,44.50650224215247,3903,141,467
17231,12,25,7197.04,3,Loyal Customers,0,2009-12-07 16:38:00,2011-11-27 15:18:00,5.82284789644013,3738,509,719
17232,3,2,421.52,0,Potential Loyalists,0,2011-11-25 12:24:00,2011-12-07 12:21:00,11.708888888888888,203,30,11
17233,35,3,560.86,0,Potential Loyalists,0,2009-12-15 12:03:00,2011-11-04 14:06:00,9.67,298,56,689
17234,183,1,149.89,0,Potential Loyalists,1,2011-06-10 11:20:00,2011-06-10 11:20:00,10.706428571428571,55,14,0
17235,25,8,1904.88,0,Potential Loyalists,0,2010-06-04 17:01:00,2011-11-14 15:51:00,19.241212121212122,971,52,527
17236,13,12,1929.26,3,Loyal Customers,0,2010-03-07 13:00:00,2011-11-27 12:00:00,12.210506329113924,804,123,629
17237,11,4,1002.08,0,Potential Loyalists,0,2010-11-23 11:45:00,2011-11-28 15:02:00,12.526,415,76,370
17238,3,32,7783.1,3,Loyal Customers,0,2009-12-01 10:59:00,2011-12-07 11:35:00,6.322583265637693,3720,486,736
17239,313,4,1189.45,1,At Risk,1,2010-07-01 10:53:00,2011-01-31 09:41:00,37.1703125,515,18,213
17240,596,1,130.6,1,At Risk,1,2010-04-22 15:44:00,2010-04-22 15:44:00,18.657142857142862,108,7,0
17241,385,12,2744.14,1,At Risk,1,2010-02-15 14:47:00,2010-11-19 13:01:00,16.047602339181285,865,116,276
17242,108,5,2889.28,0,Potential Loyalists,0,2010-01-24 10:27:00,2011-08-23 14:55:00,34.396190476190476,1459,44,576
17243,1,46,20889.86,2,Champions,0,2009-12-01 15:36:00,2011-12-08 13:26:00,18.421393298059964,8198,359,736
17244,53,5,1826.04,0,Potential Loyalists,0,2009-12-06 11:27:00,2011-10-17 15:19:00,15.217,1419,109,680
17245,205,2,371.63,0,Potential Loyalists,1,2010-01-19 15:39:00,2011-05-19 10:43:00,14.8652,307,24,484
17246,547,2,38.92,1,At Risk,1,2009-12-01 17:45:00,2010-06-11 12:36:00,6.486666666666667,36,6,191
17247,15,1,282.19,0,Potential Loyalists,0,2011-11-24 15:21:00,2011-11-24 15:21:00,5.130727272727273,106,53,0
17248,120,2,546.16,0,Potential Loyalists,0,2010-08-15 11:55:00,2011-08-11 13:34:00,4.668034188034188,292,85,361
17249,429,1,68.03,1,At Risk,1,2010-10-07 11:33:00,2010-10-07 11:33:00,2.51962962962963,79,27,0
17250,4,2,384.52,0,Potential Loyalists,0,2011-03-23 16:45:00,2011-12-06 12:15:00,6.7459649122807015,168,55,257
17251,363,3,812.4300000000001,1,At Risk,1,2009-12-15 10:36:00,2010-12-12 11:06:00,10.155375000000001,379,65,362
17252,117,2,353.86,0,Potential Loyalists,0,2011-06-06 16:41:00,2011-08-15 09:45:00,4.067356321839081,193,86,69
17253,18,1,178.26,0,Potential Loyalists,0,2011-11-21 12:59:00,2011-11-21 12:59:00,9.903333333333332,43,18,0
17254,5,3,470.73,0,Potential Loyalists,0,2010-11-03 14:00:00,2011-12-05 12:46:00,3.180608108108108,398,129,396
17255,41,4,799.13,0,Potential Loyalists,0,2010-09-19 15:53:00,2011-10-30 12:18:00,4.205947368421053,594,163,405
17256,107,5,498.93,0,Potential Loyalists,0,2010-04-18 13:40:00,2011-08-24 13:30:00,16.094516129032257,299,20,492
17257,436,2,192.73,1,At Risk,1,2010-09-29 12:49:00,2010-09-29 12:51:00,12.848666666666666,188,14,0
17258,397,2,417.3,1,At Risk,1,2010-02-12 15:51:00,2010-11-08 12:37:00,7.587272727272728,188,46,268
17259,148,6,1889.34,0,Potential Loyalists,0,2010-02-22 13:38:00,2011-07-14 15:01:00,5.725272727272727,1158,179,507
17260,411,1,120.95,1,At Risk,1,2010-10-24 13:21:00,2010-10-24 13:21:00,20.158333333333335,23,6,0
17261,510,1,230.44,1,At Risk,1,2010-07-18 11:49:00,2010-07-18 11:49:00,5.009565217391304,98,43,0
17262,52,11,2757.62,3,Loyal Customers,0,2009-12-15 11:26:00,2011-10-18 12:56:00,131.3152380952381,709,12,672
17263,208,1,63.440000000000005,0,Potential Loyalists,1,2011-05-15 14:32:00,2011-05-15 14:32:00,2.7582608695652175,36,23,0
17264,424,1,279.59,1,At Risk,1,2010-10-11 12:52:00,2010-10-11 12:52:00,3.3284523809523807,227,70,0
17265,139,2,562.9,0,Potential Loyalists,0,2011-06-12 12:00:00,2011-07-24 10:49:00,4.432283464566929,394,106,41
17266,2,5,517.73,0,Potential Loyalists,0,2010-03-09 10:42:00,2011-12-07 14:12:00,4.0766141732283465,252,95,638
17267,127,2,317.62,0,Potential Loyalists,0,2011-08-04 17:19:00,2011-08-04 17:22:00,8.358421052631579,159,37,0
17268,108,11,1733.89,0,Potential Loyalists,0,2009-12-08 11:46:00,2011-08-24 10:06:00,57.79633333333333,1395,26,623
17269,386,1,537.46,1,At Risk,1,2010-11-19 11:12:00,2010-11-19 11:12:00,3.681232876712329,336,110,0
17270,469,2,604.4,1,At Risk,1,2009-12-07 17:18:00,2010-08-27 14:09:00,12.33469387755102,421,45,262
17271,736,1,210.39,1,At Risk,1,2009-12-03 13:49:00,2009-12-03 13:49:00,4.045961538461539,117,46,0
17272,42,4,2148.63,0,Potential Loyalists,0,2011-03-22 12:05:00,2011-10-28 16:37:00,18.847631578947368,1778,70,220
17273,424,1,141.12,1,At Risk,1,2010-10-11 15:57:00,2010-10-11 15:57:00,11.76,133,12,0
17274,35,2,577.38,0,Potential Loyalists,0,2010-11-09 12:06:00,2011-11-04 13:16:00,7.308607594936709,273,76,360
17275,383,1,114.52,1,At Risk,1,2010-11-21 13:26:00,2010-11-21 13:26:00,4.7716666666666665,72,23,0
17276,402,1,508.39,1,At Risk,1,2010-11-02 16:20:00,2010-11-02 16:20:00,9.41462962962963,189,50,0
17277,228,2,1065.35,0,Potential Loyalists,1,2011-01-21 12:37:00,2011-04-26 12:47:00,15.43985507246377,430,67,95
17278,241,2,271.24,0,Potential Loyalists,1,2010-05-23 13:49:00,2011-04-12 13:10:00,15.955294117647059,195,17,323
17279,58,1,187.83,0,Potential Loyalists,0,2011-10-13 11:58:00,2011-10-13 11:58:00,20.869999999999997,48,8,0
17280,438,1,118.86,1,At Risk,1,2010-09-27 16:46:00,2010-09-27 16:46:00,19.81,74,6,0
17281,374,6,797.8499999999999,1,At Risk,1,2010-02-04 13:00:00,2010-11-30 18:05:00,132.975,295,2,299
17282,130,5,2339.66,0,Potential Loyalists,0,2010-06-09 12:07:00,2011-08-01 14:29:00,10.78184331797235,2351,168,418
17283,379,1,188.46,1,At Risk,1,2010-11-26 11:53:00,2010-11-26 11:53:00,12.564,179,15,0
17284,60,8,2793.16,0,Potential Loyalists,0,2010-09-20 16:18:00,2011-10-10 14:38:00,7.468342245989304,2071,285,384
17285,628,2,428.34,1,At Risk,1,2010-02-14 14:10:00,2010-03-21 13:38:00,8.741632653061224,140,41,34
17286,22,3,395.48,0,Potential Loyalists,0,2010-11-04 13:43:00,2011-11-18 12:47:00,4.25247311827957,371,89,378
17287,26,21,4111.96,3,Loyal Customers,0,2009-12-03 12:45:00,2011-11-13 13:27:00,8.3069898989899,2101,279,710
17288,9,11,2499.98,3,Loyal Customers,0,2010-11-10 14:44:00,2011-11-30 16:09:00,8.474508474576272,1706,233,385
17289,32,9,2079.39,0,Potential Loyalists,0,2010-03-08 12:52:00,2011-11-08 12:01:00,7.453010752688171,1260,202,609
17290,4,8,1501.44,0,Potential Loyalists,0,2009-12-13 13:28:00,2011-12-06 12:38:00,7.396256157635468,1147,184,722
17291,308,1,550.8000000000001,1,At Risk,1,2011-02-04 13:04:00,2011-02-04 13:04:00,550.8000000000001,72,1,0
17292,472,2,271.75,1,At Risk,1,2010-05-09 14:52:00,2010-08-24 17:14:00,18.116666666666667,131,14,107
17293,8,17,3774.23,3,Loyal Customers,0,2009-12-03 15:09:00,2011-12-01 14:37:00,15.405020408163265,2234,148,727
17294,669,2,467.79,1,At Risk,1,2010-02-08 14:21:00,2010-02-08 16:12:00,27.517058823529414,297,17,0
17295,29,3,556.95,0,Potential Loyalists,0,2011-10-06 12:22:00,2011-11-11 10:49:00,8.071739130434784,294,53,35
17296,730,1,338.13,1,At Risk,1,2009-12-09 14:01:00,2009-12-09 14:01:00,10.246363636363636,216,32,0
17297,17,1,131.78,0,Potential Loyalists,0,2011-11-22 14:43:00,2011-11-22 14:43:00,2.583921568627451,67,49,0
17298,101,5,957.56,0,Potential Loyalists,0,2010-03-08 08:56:00,2011-08-30 16:43:00,13.679428571428572,854,61,540
17299,12,6,1016.08,0,Potential Loyalists,0,2010-08-15 16:00:00,2011-11-28 12:01:00,8.467333333333334,934,96,469
17300,391,2,393.64,1,At Risk,1,2010-08-15 11:02:00,2010-11-14 10:56:00,8.946363636363635,467,37,90
17301,21,2,330.43,0,Potential Loyalists,0,2010-03-25 13:16:00,2011-11-18 13:43:00,2.7308264462809917,229,107,603
17302,15,5,1135.63,0,Potential Loyalists,0,2011-02-07 10:14:00,2011-11-25 09:36:00,14.375063291139242,575,68,290
17303,361,1,250.04,1,At Risk,1,2010-12-13 13:32:00,2010-12-13 13:32:00,4.717735849056604,144,53,0
17304,534,1,111.5,1,At Risk,1,2010-06-23 16:23:00,2010-06-23 16:23:00,22.3,73,5,0
17305,649,1,2135.46,1,At Risk,1,2010-03-01 12:47:00,2010-03-01 12:47:00,237.27333333333334,1006,9,0
17306,11,21,9782.35,3,Loyal Customers,0,2010-11-01 11:38:00,2011-11-29 12:14:00,135.86597222222224,13747,17,393
17307,395,11,3999.89,1,At Risk,1,2010-01-19 16:38:00,2010-11-09 13:40:00,83.33104166666668,3667,22,293
17308,393,2,4511.76,1,At Risk,1,2010-09-13 09:35:00,2010-11-11 13:19:00,644.5371428571428,5148,5,59
17309,95,3,330.59000000000003,0,Potential Loyalists,0,2010-02-04 15:49:00,2011-09-05 15:20:00,8.934864864864863,193,33,577
17310,387,2,1025.1,1,At Risk,1,2010-06-23 11:38:00,2010-11-17 16:00:00,512.55,402,1,147
17311,78,6,3566.56,0,Potential Loyalists,0,2010-02-03 12:38:00,2011-09-22 14:11:00,28.083149606299212,2755,124,596
17312,139,3,644.3,0,Potential Loyalists,0,2011-07-03 13:12:00,2011-07-24 11:52:00,46.021428571428565,372,11,20
17313,31,1,2328.84,0,Potential Loyalists,0,2011-11-08 15:45:00,2011-11-08 15:45:00,97.03500000000001,1402,24,0
17314,25,17,4904.43,3,Loyal Customers,0,2009-12-03 11:25:00,2011-11-15 09:41:00,19.1579296875,3663,200,711
17315,2,43,9650.6,2,Champions,0,2010-09-27 12:45:00,2011-12-08 12:15:00,12.714888010540186,5124,385,436
17316,420,1,124.45,1,At Risk,1,2010-10-15 14:35:00,2010-10-15 14:35:00,3.5557142857142856,44,35,0
17317,46,3,2600.34,0,Potential Loyalists,0,2011-09-11 12:45:00,2011-10-24 17:19:00,288.9266666666667,1146,8,43
17318,725,1,164.28,1,At Risk,1,2009-12-14 13:11:00,2009-12-14 13:11:00,9.126666666666667,60,17,0
17319,669,1,29.1,1,At Risk,1,2010-02-08 15:47:00,2010-02-08 15:47:00,9.7,14,3,0
17320,100,6,2895.77,0,Potential Loyalists,0,2010-01-21 16:29:00,2011-08-31 13:31:00,16.64235632183908,1392,86,586
17321,8,6,1741.18,0,Potential Loyalists,0,2010-05-11 12:10:00,2011-12-01 13:41:00,5.9023050847457625,817,241,569
17322,376,5,922.59,1,At Risk,1,2009-12-03 11:46:00,2010-11-28 14:41:00,5.2123728813559325,631,115,360
17323,15,12,1565.59,3,Loyal Customers,0,2010-01-10 11:58:00,2011-11-24 17:29:00,4.659494047619047,1442,168,683
17324,18,12,2301.87,3,Loyal Customers,0,2009-12-18 15:29:00,2011-11-22 10:34:00,15.143881578947367,1537,111,703
17325,280,3,609.5699999999999,1,At Risk,1,2010-03-08 11:31:00,2011-03-04 13:09:00,15.629999999999999,465,39,361
17326,408,2,321.95,1,At Risk,1,2010-06-28 14:05:00,2010-10-27 15:38:00,3.6174157303370786,140,82,121
17327,410,2,152.35,1,At Risk,1,2010-05-26 11:20:00,2010-10-26 09:54:00,38.0875,59,3,152
17328,673,1,104.7,1,At Risk,1,2010-02-04 17:11:00,2010-02-04 17:11:00,17.45,86,6,0
17329,14,5,1004.43,0,Potential Loyalists,0,2009-12-03 16:09:00,2011-11-25 14:24:00,9.566,432,80,721
17330,23,4,423.8,0,Potential Loyalists,0,2010-03-02 09:20:00,2011-11-17 08:56:00,52.975,122,7,624
17331,124,1,175.2,0,Potential Loyalists,0,2011-08-08 11:55:00,2011-08-08 11:55:00,175.2,16,1,0
17332,528,5,838.27,1,At Risk,1,2010-02-21 14:41:00,2010-06-29 16:10:00,8.823894736842105,794,82,128
17333,86,1,494.25,0,Potential Loyalists,0,2011-09-15 10:11:00,2011-09-15 10:11:00,17.651785714285715,375,28,0
17334,302,3,635.15,1,At Risk,1,2010-10-29 12:16:00,2011-02-10 14:59:00,20.488709677419358,566,20,104
17335,384,2,508.0,1,At Risk,1,2010-01-24 11:15:00,2010-11-21 10:17:00,13.025641025641026,216,34,300
17336,472,1,81.12,1,At Risk,1,2010-08-24 15:37:00,2010-08-24 15:37:00,81.12,48,1,0
17337,151,4,2027.87,0,Potential Loyalists,0,2011-02-02 17:06:00,2011-07-11 14:55:00,3.7345672191528547,1269,421,158
17338,17,17,12142.57,3,Loyal Customers,0,2010-03-10 16:09:00,2011-11-22 14:23:00,8.915249632892804,5879,590,621
17339,94,3,362.36,0,Potential Loyalists,0,2010-07-18 13:08:00,2011-09-06 13:29:00,25.882857142857144,188,10,415
17340,30,18,22404.82,2,Champions,0,2010-02-14 14:54:00,2011-11-10 10:45:00,28.835032175032175,11210,322,633
17341,157,5,1889.83,0,Potential Loyalists,0,2010-06-17 18:17:00,2011-07-06 12:33:00,4.643316953316953,1169,200,383
17342,380,4,1227.54,1,At Risk,1,2010-02-08 09:16:00,2010-11-25 11:07:00,35.07257142857143,521,31,290
17343,355,6,1259.94,1,At Risk,1,2009-12-03 18:30:00,2010-12-19 15:07:00,15.74925,454,61,380
17344,46,2,468.11,0,Potential Loyalists,0,2009-12-11 12:31:00,2011-10-24 12:56:00,6.784202898550725,213,64,682
17345,15,10,1604.68,0,Potential Loyalists,0,2009-12-01 16:17:00,2011-11-24 15:03:00,7.533708920187793,2013,174,722
17346,4,26,5323.0,3,Loyal Customers,0,2010-04-18 12:18:00,2011-12-06 12:18:00,5.275520317145689,3653,517,597
17347,86,1,228.96,0,Potential Loyalists,0,2011-09-14 13:12:00,2011-09-14 13:12:00,228.96,216,1,0
17348,15,9,2476.41,0,Potential Loyalists,0,2010-03-10 12:13:00,2011-11-25 11:25:00,5.371822125813448,2793,326,624
17349,179,5,852.25,0,Potential Loyalists,0,2010-03-18 14:26:00,2011-06-13 14:29:00,9.066489361702128,840,74,452
17350,8,7,1906.041,0,Potential Loyalists,0,2010-02-01 15:38:00,2011-12-01 15:47:00,13.055075342465752,1216,124,668
17351,36,12,1988.23,3,Loyal Customers,0,2009-12-10 18:43:00,2011-11-03 18:45:00,28.814927536231885,383,45,693
17352,696,1,36.25,1,At Risk,1,2010-01-12 16:13:00,2010-01-12 16:13:00,7.25,15,5,0
17353,129,4,3242.0,0,Potential Loyalists,0,2010-03-25 12:52:00,2011-08-02 17:19:00,231.57142857142858,2168,7,495
17354,51,4,3143.46,0,Potential Loyalists,0,2010-10-07 13:22:00,2011-10-20 10:34:00,30.225576923076922,2535,85,377
17355,386,1,285.11,1,At Risk,1,2010-11-18 13:18:00,2010-11-18 13:18:00,7.705675675675676,257,28,0
17356,312,5,946.47,1,At Risk,1,2010-01-20 12:14:00,2011-02-01 11:07:00,11.00546511627907,925,73,376
17357,24,2,388.14,0,Potential Loyalists,0,2011-11-15 16:29:00,2011-11-15 16:30:00,8.625333333333334,153,41,0
17358,303,5,866.05,1,At Risk,1,2010-02-24 16:42:00,2011-02-09 16:57:00,5.891496598639455,442,126,350
17359,11,2,284.46,0,Potential Loyalists,0,2010-03-01 14:48:00,2011-11-28 14:37:00,7.48578947368421,237,36,636
17360,17,6,1231.38,0,Potential Loyalists,0,2010-10-01 12:07:00,2011-11-22 13:11:00,5.13075,636,189,417
17361,49,5,880.64,0,Potential Loyalists,0,2010-02-01 14:30:00,2011-10-21 15:43:00,15.18344827586207,383,51,627
17362,239,7,1024.04,0,Potential Loyalists,1,2010-01-06 10:53:00,2011-04-14 14:43:00,7.1113888888888885,549,99,463
17363,395,3,940.86,1,At Risk,1,2010-11-02 17:25:00,2010-11-09 17:11:00,26.135,523,34,6
17364,1,28,12070.42,2,Champions,0,2009-12-07 15:28:00,2011-12-09 09:00:00,13.120021739130435,7513,513,731
17365,13,15,8224.98,3,Loyal Customers,0,2010-02-01 11:56:00,2011-11-27 12:13:00,10.294092615769712,8056,395,664
17366,432,2,1096.24,1,At Risk,1,2010-09-09 19:46:00,2010-10-03 16:04:00,8.120296296296296,510,120,23
17367,238,1,168.4,0,Potential Loyalists,1,2011-04-15 14:21:00,2011-04-15 14:21:00,4.952941176470588,150,33,0
17368,23,14,2826.14,3,Loyal Customers,0,2009-12-15 17:45:00,2011-11-16 15:26:00,11.775583333333334,2343,195,700
17369,456,1,979.2,1,At Risk,1,2010-09-10 09:49:00,2010-09-10 09:49:00,979.2,1152,1,0
17370,73,4,446.18,0,Potential Loyalists,0,2011-06-23 11:50:00,2011-09-28 10:14:00,13.520606060606061,540,31,96
17371,17,6,662.55,0,Potential Loyalists,0,2009-12-08 12:25:00,2011-11-22 13:30:00,4.538013698630136,283,135,714
17372,41,28,4377.56,3,Loyal Customers,0,2009-12-03 18:41:00,2011-10-30 11:37:00,6.632666666666667,1876,412,695
17373,40,7,1167.5,0,Potential Loyalists,0,2010-02-28 14:17:00,2011-10-30 15:28:00,12.82967032967033,738,65,609
17374,219,3,727.11,0,Potential Loyalists,1,2010-11-09 17:14:00,2011-05-05 09:05:00,17.312142857142856,155,34,176
17375,199,4,660.55,0,Potential Loyalists,1,2010-10-04 09:14:00,2011-05-24 15:45:00,7.6808139534883715,480,77,232
17376,71,4,453.64,0,Potential Loyalists,0,2010-07-05 11:11:00,2011-09-30 12:36:00,8.248,244,41,452
17377,24,46,18319.41,2,Champions,0,2009-12-02 12:39:00,2011-11-16 11:17:00,10.314983108108107,7589,505,713
17378,374,1,10.95,1,At Risk,1,2010-11-30 18:46:00,2010-11-30 18:46:00,10.95,1,1,0
17379,11,1,404.66,0,Potential Loyalists,0,2011-11-28 13:56:00,2011-11-28 13:56:00,4.875421686746988,663,71,0
17380,434,3,645.0,1,At Risk,1,2010-06-23 11:24:00,2010-10-01 16:42:00,64.5,252,5,100
17381,9,38,29730.420199999626,2,Champions,0,2010-06-09 12:55:00,2011-12-01 11:59:00,229.89867816091956,45767,50,539
17382,65,8,902.28,0,Potential Loyalists,0,2010-05-19 11:33:00,2011-10-05 13:05:00,50.126666666666665,457,16,504
17383,4,2,309.99,0,Potential Loyalists,0,2010-09-12 14:54:00,2011-12-05 17:36:00,5.848867924528302,162,51,449
17384,19,3,507.55,0,Potential Loyalists,0,2010-08-29 16:01:00,2011-11-20 15:48:00,25.3775,121,15,447
17385,15,1,261.11,0,Potential Loyalists,0,2011-11-25 11:02:00,2011-11-25 11:02:00,5.555531914893617,201,42,0
17386,8,7,2812.77,0,Potential Loyalists,0,2010-11-19 13:40:00,2011-12-02 11:28:00,74.02026315789473,1955,32,377
17387,20,2,784.11,0,Potential Loyalists,0,2011-11-06 11:25:00,2011-11-20 11:00:00,10.052692307692308,542,71,13
17388,78,11,2691.57,3,Loyal Customers,0,2009-12-10 11:45:00,2011-09-23 10:31:00,47.22052631578948,2567,41,651
17389,1,46,29730.420199999626,2,Champions,0,2009-12-04 12:06:00,2011-12-09 09:38:00,132.77187935034803,17882,63,734
17390,421,1,149.3,1,At Risk,1,2010-10-15 11:29:00,2010-10-15 11:29:00,12.441666666666668,49,12,0
17391,164,2,508.8,0,Potential Loyalists,0,2011-06-28 12:21:00,2011-06-29 09:58:00,169.6,480,2,0
17392,307,3,626.56,1,At Risk,1,2010-09-15 16:17:00,2011-02-06 12:48:00,8.244210526315788,493,66,143
17393,411,2,381.15,1,At Risk,1,2010-08-08 15:53:00,2010-10-25 11:10:00,7.940625000000001,238,45,77
17394,219,1,203.87,0,Potential Loyalists,1,2011-05-04 13:22:00,2011-05-04 13:22:00,50.967499999999994,241,4,0
17395,508,1,97.5,1,At Risk,1,2010-07-19 15:34:00,2010-07-19 15:34:00,32.5,66,3,0
17396,39,14,8807.1,3,Loyal Customers,0,2010-09-24 13:04:00,2011-10-31 14:12:00,176.142,2419,29,402
17397,22,3,1233.18,0,Potential Loyalists,0,2010-10-19 13:20:00,2011-11-17 14:08:00,8.93608695652174,697,132,394
17398,115,3,653.38,0,Potential Loyalists,0,2011-03-29 13:04:00,2011-08-17 09:48:00,17.19421052631579,310,30,140
17400,126,8,4677.05,0,Potential Loyalists,0,2009-12-17 15:41:00,2011-08-05 15:38:00,9.723596673596674,2199,345,595
17401,541,1,114.85,1,At Risk,1,2010-06-16 16:54:00,2010-06-16 16:54:00,9.570833333333333,34,11,0
17402,5,23,5096.18,3,Loyal Customers,0,2009-12-16 17:40:00,2011-12-05 10:15:00,25.104334975369458,1571,105,718
17403,36,2,400.57,0,Potential Loyalists,0,2010-09-15 12:29:00,2011-11-03 15:18:00,8.708043478260869,194,45,414
17404,4,23,29730.420199999626,2,Champions,0,2010-01-07 11:31:00,2011-12-05 16:26:00,163.63397260273973,50679,126,697
17405,1,3,1031.41,0,Potential Loyalists,0,2011-07-12 14:17:00,2011-12-08 17:12:00,12.578170731707319,726,77,149
17406,333,13,4905.05,3,Loyal Customers,1,2009-12-06 13:45:00,2011-01-10 15:07:00,18.93841698841699,2124,155,400
17407,412,1,552.9,1,At Risk,1,2010-10-24 11:57:00,2010-10-24 11:57:00,24.039130434782606,426,23,0
17408,163,3,316.09000000000003,0,Potential Loyalists,0,2010-07-13 14:02:00,2011-06-29 12:53:00,39.511250000000004,163,7,350
17409,185,10,7793.51,3,Loyal Customers,1,2009-12-11 12:17:00,2011-06-08 10:36:00,74.93759615384616,4089,50,543
17410,16,5,1214.72,0,Potential Loyalists,0,2011-05-08 15:21:00,2011-11-23 15:46:00,18.98,616,57,199
17411,12,5,1425.38,0,Potential Loyalists,0,2009-12-03 12:02:00,2011-11-27 14:25:00,19.005066666666668,608,69,724
17412,3,16,4417.52,3,Loyal Customers,0,2009-12-02 13:51:00,2011-12-07 11:36:00,18.718305084745765,2604,161,734
17413,405,2,560.14,1,At Risk,1,2010-05-19 11:11:00,2010-10-31 12:33:00,56.013999999999996,302,10,165
17414,44,6,2249.52,0,Potential Loyalists,0,2009-12-03 16:49:00,2011-10-27 12:13:00,107.12,6256,6,692
17415,80,1,507.84,0,Potential Loyalists,0,2011-09-21 12:50:00,2011-09-21 12:50:00,36.27428571428571,114,14,0
17416,30,22,17298.45,2,Champions,0,2009-12-14 16:29:00,2011-11-10 12:47:00,28.97562814070352,8769,324,695
17417,549,1,164.18,1,At Risk,1,2010-06-09 10:00:00,2010-06-09 10:00:00,10.26125,76,16,0
17418,42,3,670.0600000000001,0,Potential Loyalists,0,2010-11-17 13:42:00,2011-10-28 13:00:00,15.953809523809525,521,40,344
17419,11,18,6500.52,3,Loyal Customers,0,2010-01-25 13:19:00,2011-11-28 13:47:00,20.44188679245283,3087,203,672
17420,50,6,1084.43,0,Potential Loyalists,0,2010-11-03 13:09:00,2011-10-20 14:52:00,19.025087719298245,499,43,351
17421,386,3,1059.41,1,At Risk,1,2009-12-04 15:43:00,2010-11-18 16:57:00,18.265689655172416,807,46,349
17422,16,11,3594.76,3,Loyal Customers,0,2010-06-23 10:19:00,2011-11-23 13:27:00,17.535414634146342,3538,149,518
17423,46,3,1118.95,0,Potential Loyalists,0,2010-11-11 12:26:00,2011-10-24 13:36:00,26.022093023255817,790,39,347
17425,19,2,759.17,0,Potential Loyalists,0,2011-10-10 11:37:00,2011-11-20 15:30:00,17.65511627906977,407,42,41
17426,8,13,8077.77,3,Loyal Customers,0,2010-02-17 13:39:00,2011-12-01 18:07:00,18.917494145199065,5187,248,652
17427,72,1,100.8,0,Potential Loyalists,0,2011-09-29 11:29:00,2011-09-29 11:29:00,50.4,34,2,0
17428,1,45,29730.420199999626,2,Champions,0,2009-12-01 17:28:00,2011-12-09 09:45:00,43.648504801097396,17504,422,737
17429,128,5,1357.46,0,Potential Loyalists,0,2010-10-06 12:30:00,2011-08-03 13:22:00,14.289052631578947,1286,80,301
17430,33,4,735.17,0,Potential Loyalists,0,2010-08-17 11:52:00,2011-11-07 09:24:00,17.50404761904762,515,30,446
17431,313,1,403.3,1,At Risk,1,2011-01-30 14:36:00,2011-01-30 14:36:00,9.37906976744186,292,41,0
17432,18,9,1751.39,0,Potential Loyalists,0,2009-12-03 19:13:00,2011-11-21 17:33:00,6.322707581227437,1016,213,717
17433,88,2,569.96,0,Potential Loyalists,0,2010-11-19 13:37:00,2011-09-12 14:24:00,6.128602150537635,305,81,297
17434,2,7,2373.82,0,Potential Loyalists,0,2011-09-15 13:54:00,2011-12-07 13:16:00,17.715074626865672,1693,100,82
17435,411,1,331.35,1,At Risk,1,2010-10-24 13:55:00,2010-10-24 13:55:00,22.09,195,15,0
17436,2,5,534.06,0,Potential Loyalists,0,2009-12-07 12:31:00,2011-12-08 12:30:00,31.41529411764706,178,8,730
17437,530,1,373.17,1,At Risk,1,2010-06-28 11:11:00,2010-06-28 11:11:00,7.040943396226416,284,52,0
17438,254,5,1422.77,0,Potential Loyalists,1,2010-03-08 16:53:00,2011-03-31 10:26:00,20.03901408450704,553,49,387
17439,656,1,325.74,1,At Risk,1,2010-02-22 12:48:00,2010-02-22 12:48:00,40.7175,370,8,0
17440,157,4,323.58,0,Potential Loyalists,0,2010-06-08 14:40:00,2011-07-06 11:54:00,53.93,282,4,392
17441,732,1,293.35,1,At Risk,1,2009-12-07 13:32:00,2009-12-07 13:32:00,13.96904761904762,245,21,0
17442,37,15,4620.3,3,Loyal Customers,0,2010-02-15 15:54:00,2011-11-03 09:17:00,16.326148409893992,3134,188,625
17443,220,1,534.24,0,Potential Loyalists,1,2011-05-04 10:47:00,2011-05-04 10:47:00,534.24,504,1,0
17444,148,3,2940.04,0,Potential Loyalists,0,2011-06-20 09:04:00,2011-07-15 12:05:00,21.778074074074073,2119,132,25
17446,177,2,120.9,0,Potential Loyalists,0,2011-02-02 14:40:00,2011-06-16 10:42:00,13.433333333333332,198,6,133
17447,40,2,541.53,0,Potential Loyalists,0,2011-09-29 10:10:00,2011-10-30 14:18:00,15.042499999999999,443,33,31
17448,497,46,14556.97,2,Champions,1,2010-03-04 17:29:00,2010-07-30 14:07:00,13.032202327663384,11548,569,147
17449,2,13,4951.15,3,Loyal Customers,0,2009-12-09 14:16:00,2011-12-07 16:56:00,8.279515050167223,2535,292,728
17450,8,46,29730.420199999626,2,Champions,0,2010-09-27 16:59:00,2011-12-01 13:29:00,582.4837028301887,84720,144,429
17451,1,7,1721.4,0,Potential Loyalists,0,2011-08-26 11:54:00,2011-12-08 15:02:00,17.214000000000002,1203,83,104
17453,18,2,486.72,0,Potential Loyalists,0,2011-10-06 17:02:00,2011-11-22 09:42:00,25.61684210526316,219,19,46
17454,192,10,1547.94,0,Potential Loyalists,1,2010-01-15 15:40:00,2011-05-31 13:58:00,12.285238095238096,727,98,500
17455,204,1,131.7,0,Potential Loyalists,1,2011-05-20 12:31:00,2011-05-20 12:31:00,16.4625,66,8,0
17456,365,2,1225.42,1,At Risk,1,2010-09-09 15:28:00,2010-12-09 15:23:00,15.914545454545456,730,59,90
17457,127,14,5984.81,3,Loyal Customers,0,2009-12-07 14:52:00,2011-08-05 12:48:00,93.51265625,2695,30,605
17458,15,2,529.58,0,Potential Loyalists,0,2010-11-23 11:43:00,2011-11-24 13:01:00,6.1579069767441865,282,81,366
17459,43,2,657.3,0,Potential Loyalists,0,2011-10-10 17:00:00,2011-10-27 13:25:00,5.921621621621621,537,88,16
17460,94,16,2228.27,3,Loyal Customers,0,2010-01-22 13:25:00,2011-09-06 15:04:00,16.030719424460433,980,93,592
17461,23,3,757.46,0,Potential Loyalists,0,2011-11-10 12:01:00,2011-11-17 10:21:00,6.823963963963965,799,104,6
17462,60,2,675.69,0,Potential Loyalists,0,2011-02-28 17:01:00,2011-10-10 13:56:00,25.025555555555556,227,25,223
17463,16,7,2557.91,0,Potential Loyalists,0,2010-04-29 17:57:00,2011-11-23 13:40:00,7.894783950617284,1490,234,572
17464,158,3,1000.94,0,Potential Loyalists,0,2010-03-30 13:15:00,2011-07-04 13:19:00,23.831904761904763,652,35,461
17465,426,7,2542.79,1,At Risk,1,2009-12-03 13:25:00,2010-10-10 11:56:00,17.906971830985917,1477,103,310
17466,10,2,763.28,0,Potential Loyalists,0,2011-09-22 09:16:00,2011-11-29 13:15:00,18.61658536585366,306,41,68
17467,395,1,102.6,1,At Risk,1,2010-11-09 12:58:00,2010-11-09 12:58:00,25.65,20,4,0
17468,10,3,194.8,0,Potential Loyalists,0,2010-11-29 17:25:00,2011-11-29 15:33:00,24.35,184,8,364
17469,16,17,5051.25,3,Loyal Customers,0,2009-12-16 15:06:00,2011-11-23 13:15:00,18.918539325842698,2304,165,706
17470,45,11,2804.87,3,Loyal Customers,0,2010-07-19 16:16:00,2011-10-26 12:42:00,16.896807228915662,2843,111,463
17471,475,1,321.65000000000003,1,At Risk,1,2010-08-22 11:53:00,2010-08-22 11:53:00,16.928947368421053,153,19,0
17472,191,4,935.1,0,Potential Loyalists,1,2010-03-21 13:27:00,2011-06-01 14:57:00,4.065652173913044,558,183,437
17473,409,2,607.0,1,At Risk,1,2010-09-09 19:03:00,2010-10-27 11:45:00,17.852941176470587,270,33,47
17474,600,1,1047.0,1,At Risk,1,2010-04-19 10:43:00,2010-04-19 10:43:00,174.5,200,6,0
17475,79,1,194.37,0,Potential Loyalists,0,2011-09-21 14:55:00,2011-09-21 14:55:00,13.883571428571429,178,14,0
17476,396,2,489.86,1,At Risk,1,2009-12-02 12:09:00,2010-11-09 10:21:00,15.801935483870968,224,29,341
17477,613,2,1144.3,1,At Risk,1,2010-03-02 11:53:00,2010-04-06 10:06:00,26.00681818181818,225,44,34
17478,408,2,1272.8,1,At Risk,1,2010-03-16 14:19:00,2010-10-27 15:01:00,31.820000000000004,516,40,225
17479,633,1,389.2600000000001,1,At Risk,1,2010-03-17 09:26:00,2010-03-17 09:26:00,21.625555555555557,266,18,0
17480,78,2,902.03,0,Potential Loyalists,0,2010-09-21 12:31:00,2011-09-23 11:39:00,16.70425925925926,593,50,366
17481,4,4,1255.59,0,Potential Loyalists,0,2011-09-07 09:57:00,2011-12-06 12:28:00,15.312073170731706,1061,69,90
17482,487,2,778.19,1,At Risk,1,2010-05-10 14:10:00,2010-08-09 15:33:00,14.410925925925927,241,50,91
17483,65,4,591.73,0,Potential Loyalists,0,2010-10-21 12:43:00,2011-10-05 13:10:00,21.133214285714285,265,23,349
17484,576,2,209.57,1,At Risk,1,2010-03-25 16:17:00,2010-05-12 15:41:00,14.969285714285714,339,14,47
17486,261,1,396.87,0,Potential Loyalists,1,2011-03-23 14:00:00,2011-03-23 14:00:00,16.53625,191,24,0
17487,728,1,160.55,1,At Risk,1,2009-12-11 15:06:00,2009-12-11 15:06:00,20.06875,37,8,0
17488,641,1,336.5,1,At Risk,1,2010-03-08 14:07:00,2010-03-08 14:07:00,18.694444444444443,136,18,0
17489,59,2,376.64,0,Potential Loyalists,0,2011-05-11 11:34:00,2011-10-12 08:56:00,12.987586206896552,428,28,153
17490,1,9,2750.5,0,Potential Loyalists,0,2010-05-19 12:40:00,2011-12-09 09:08:00,23.711206896551722,1531,93,568
17491,1,17,5981.07,3,Loyal Customers,0,2010-04-28 11:57:00,2011-12-08 16:18:00,32.863021978021976,3630,105,589
17492,248,3,1122.42,0,Potential Loyalists,1,2010-07-09 13:27:00,2011-04-05 15:21:00,28.78,450,32,270
17493,385,1,100.91,1,At Risk,1,2010-11-19 16:57:00,2010-11-19 16:57:00,12.61375,62,8,0
17494,502,1,54.7,1,At Risk,1,2010-07-26 10:06:00,2010-07-26 10:06:00,18.233333333333334,26,3,0
17495,8,3,806.72,0,Potential Loyalists,0,2010-11-14 11:50:00,2011-12-02 12:08:00,16.80666666666667,367,38,383
17496,359,4,1412.89,1,At Risk,1,2010-01-14 13:36:00,2010-12-16 08:39:00,19.623472222222222,675,54,335
17497,390,2,287.25,1,At Risk,1,2010-04-08 08:01:00,2010-11-14 14:17:00,41.035714285714285,59,7,220
17498,76,1,272.22,0,Potential Loyalists,0,2011-09-25 12:25:00,2011-09-25 12:25:00,16.012941176470587,394,17,0
17499,290,2,1341.39,1,At Risk,1,2010-05-27 09:59:00,2011-02-23 09:14:00,18.892816901408448,1086,66,271
17500,17,3,1138.0,0,Potential Loyalists,0,2011-11-10 09:08:00,2011-11-22 14:25:00,227.6,17,3,12
17501,221,2,288.6,0,Potential Loyalists,1,2011-05-03 09:46:00,2011-05-03 09:47:00,16.033333333333335,160,18,0
17502,9,4,689.1,0,Potential Loyalists,0,2011-11-10 16:39:00,2011-11-30 13:13:00,24.610714285714288,376,25,19
17503,3,2,558.96,0,Potential Loyalists,0,2011-11-01 11:12:00,2011-12-07 09:18:00,14.709473684210527,486,36,35
17504,206,18,9565.12,3,Loyal Customers,1,2010-02-08 09:22:00,2011-05-17 12:59:00,27.644855491329483,5517,244,463
17505,162,5,2435.48,0,Potential Loyalists,0,2010-04-13 16:33:00,2011-07-01 12:50:00,23.877254901960786,1242,83,443
17506,76,1,302.2,0,Potential Loyalists,0,2011-09-25 11:39:00,2011-09-25 11:39:00,21.585714285714285,139,14,0
17507,262,2,605.58,0,Potential Loyalists,1,2011-02-03 18:08:00,2011-03-23 11:48:00,6.881590909090909,359,79,47
17508,281,8,4579.23,0,Potential Loyalists,1,2009-12-07 11:46:00,2011-03-04 08:10:00,19.823506493506493,2891,199,451
17509,58,8,6115.14,3,Loyal Customers,0,2011-10-07 13:14:00,2011-10-13 10:26:00,16.708032786885248,3534,75,5
17510,25,2,514.56,0,Potential Loyalists,0,2010-10-15 10:20:00,2011-11-15 10:00:00,14.701714285714283,422,28,395
17511,3,46,29730.420199999626,2,Champions,0,2009-12-02 10:52:00,2011-12-07 10:12:00,91.89092098377812,119656,657,734
17512,29,18,5467.820000000001,3,Loyal Customers,0,2009-12-10 19:35:00,2011-11-11 12:11:00,27.75543147208122,5434,102,700
17513,72,3,1158.8,0,Potential Loyalists,0,2010-08-17 15:08:00,2011-09-28 16:42:00,64.37777777777778,440,18,407
17514,128,2,542.83,0,Potential Loyalists,0,2010-02-08 14:00:00,2011-08-03 15:45:00,6.2394252873563225,295,72,541
17515,31,9,1617.46,0,Potential Loyalists,0,2010-06-07 13:29:00,2011-11-08 14:04:00,8.985888888888889,528,91,519
17516,15,6,957.55,0,Potential Loyalists,0,2010-11-26 12:50:00,2011-11-24 16:51:00,4.885459183673469,527,150,363
17517,309,1,153.94,1,At Risk,1,2011-02-04 11:48:00,2011-02-04 11:48:00,13.994545454545454,102,11,0
17518,426,2,329.42,1,At Risk,1,2010-03-28 13:31:00,2010-10-10 12:40:00,4.278181818181818,267,71,195
17519,17,15,5109.47,3,Loyal Customers,0,2009-12-01 09:57:00,2011-11-22 16:43:00,23.015630630630632,3414,142,721
17520,54,1,546.81,0,Potential Loyalists,0,2011-10-17 12:04:00,2011-10-17 12:04:00,18.226999999999997,365,30,0
17521,30,5,1278.06,0,Potential Loyalists,0,2010-10-01 11:49:00,2011-11-10 11:22:00,16.385384615384616,806,65,404
17522,2,5,1070.71,0,Potential Loyalists,0,2011-05-05 16:31:00,2011-12-08 12:31:00,14.667260273972603,1034,59,216
17523,11,4,652.74,0,Potential Loyalists,0,2011-11-20 13:40:00,2011-11-28 13:20:00,19.78,872,25,7
17524,361,3,539.14,1,At Risk,1,2010-09-27 16:20:00,2010-12-13 14:32:00,12.53813953488372,362,37,76
17525,360,3,1161.9,1,At Risk,1,2010-10-07 09:12:00,2010-12-15 12:05:00,44.68846153846154,338,19,69
17526,5,12,4166.04,3,Loyal Customers,0,2009-12-17 16:18:00,2011-12-05 11:05:00,42.948865979381445,1482,67,717
17527,54,4,939.37,0,Potential Loyalists,0,2011-05-05 13:43:00,2011-10-17 12:32:00,19.98659574468085,488,45,164
17528,1,8,3628.5,0,Potential Loyalists,0,2011-09-29 13:04:00,2011-12-08 13:27:00,14.34189723320158,2138,183,70
17529,610,2,1240.25,1,At Risk,1,2010-01-11 12:29:00,2010-04-08 17:51:00,15.125,790,78,87
17530,1,12,3141.51,3,Loyal Customers,0,2009-12-06 16:17:00,2011-12-08 18:42:00,5.629946236559141,1965,359,732
17531,190,3,1266.82,0,Potential Loyalists,1,2010-03-31 12:57:00,2011-06-02 19:17:00,21.841724137931035,472,54,428
17532,386,1,65.34,1,At Risk,1,2010-11-19 08:13:00,2010-11-19 08:13:00,16.335,30,4,0
17533,435,1,34.8,1,At Risk,1,2010-10-01 09:14:00,2010-10-01 09:14:00,34.8,24,1,0
17534,54,5,1668.83,0,Potential Loyalists,0,2010-02-25 16:55:00,2011-10-17 12:47:00,18.13945652173913,860,76,598
17535,280,1,164.4,1,At Risk,1,2011-03-04 15:20:00,2011-03-04 15:20:00,12.646153846153847,136,13,0
17536,177,3,364.83,0,Potential Loyalists,0,2010-01-26 12:00:00,2011-06-15 13:23:00,22.801875,201,16,505
17537,30,2,897.62,0,Potential Loyalists,0,2011-02-09 13:37:00,2011-11-10 10:56:00,11.968266666666667,700,74,273
17538,26,1,98.42,0,Potential Loyalists,0,2011-11-14 12:12:00,2011-11-14 12:12:00,10.935555555555556,134,9,0
17539,618,4,1226.57,1,At Risk,1,2009-12-13 12:36:00,2010-04-01 12:07:00,8.232013422818792,747,132,108
17540,25,6,1590.6,0,Potential Loyalists,0,2010-04-19 09:47:00,2011-11-15 11:56:00,24.853125000000002,588,41,575
17541,510,1,124.46,1,At Risk,1,2010-07-18 11:36:00,2010-07-18 11:36:00,3.7715151515151515,46,31,0
17542,270,3,341.7,0,Potential Loyalists,1,2010-03-08 12:08:00,2011-03-15 11:45:00,5.256923076923076,324,57,371
17543,550,1,120.05,1,At Risk,1,2010-06-08 12:41:00,2010-06-08 12:41:00,9.234615384615385,62,13,0
17544,390,3,960.69,1,At Risk,1,2010-11-14 14:47:00,2010-11-14 15:08:00,10.442282608695653,439,80,0
17545,43,6,1448.54,0,Potential Loyalists,0,2010-05-11 10:04:00,2011-10-27 14:04:00,5.210575539568345,733,204,534
17547,376,2,727.85,1,At Risk,1,2010-02-12 14:34:00,2010-11-29 09:41:00,23.479032258064517,223,22,289
17548,234,4,731.26,0,Potential Loyalists,1,2010-11-08 16:19:00,2011-04-20 12:01:00,21.50764705882353,494,22,162
17549,24,2,148.86,0,Potential Loyalists,0,2011-10-19 10:05:00,2011-11-16 09:59:00,24.810000000000002,210,5,27
17550,197,9,2547.64,0,Potential Loyalists,1,2010-02-07 15:07:00,2011-05-26 14:09:00,7.627664670658683,989,250,472
17551,359,1,306.84,1,At Risk,1,2010-12-15 14:12:00,2010-12-15 14:12:00,7.1358139534883716,150,39,0
17552,60,12,3085.29,3,Loyal Customers,0,2010-03-22 09:19:00,2011-10-10 17:00:00,19.7775,2095,78,567
17553,130,4,3757.6,0,Potential Loyalists,0,2010-04-08 09:44:00,2011-08-02 10:00:00,626.2666666666667,2288,2,481
17554,1,5,1952.45,0,Potential Loyalists,0,2011-07-14 20:01:00,2011-12-08 14:15:00,22.18693181818182,1763,58,146
17555,20,5,1057.74,0,Potential Loyalists,0,2010-05-02 16:02:00,2011-11-20 12:22:00,3.88875,747,220,566
17556,206,2,300.67,0,Potential Loyalists,1,2010-11-25 17:00:00,2011-05-18 10:48:00,21.476428571428574,184,13,173
17557,14,4,575.46,0,Potential Loyalists,0,2009-12-07 10:15:00,2011-11-25 12:57:00,16.441714285714287,310,28,718
17558,393,1,259.17,1,At Risk,1,2010-11-11 14:36:00,2010-11-11 14:36:00,9.25607142857143,54,28,0
17559,513,1,167.62,1,At Risk,1,2010-07-15 12:02:00,2010-07-15 12:02:00,13.968333333333334,270,12,0
17560,95,8,1895.8,0,Potential Loyalists,0,2010-02-17 12:11:00,2011-09-06 09:18:00,34.46909090909091,1588,37,565
17561,19,4,722.34,0,Potential Loyalists,0,2009-12-06 13:29:00,2011-11-20 12:53:00,3.5583251231527093,396,163,713
17562,14,7,1122.38,0,Potential Loyalists,0,2011-06-19 13:06:00,2011-11-25 14:21:00,17.81555555555556,817,48,159
17563,578,2,392.38,1,At Risk,1,2010-04-07 10:02:00,2010-05-10 14:54:00,13.530344827586207,256,27,33
17564,24,3,454.01,0,Potential Loyalists,0,2011-09-20 14:00:00,2011-11-15 13:27:00,9.265510204081632,146,38,55
17565,587,1,131.83,1,At Risk,1,2010-05-02 11:54:00,2010-05-02 11:54:00,4.394333333333334,67,30,0
17566,8,2,901.21,0,Potential Loyalists,0,2011-11-14 13:42:00,2011-12-01 19:54:00,5.929013157894737,518,113,17
17567,7,9,5356.03,3,Loyal Customers,0,2010-09-24 10:48:00,2011-12-02 15:48:00,24.018071748878924,3152,128,434
17568,633,1,382.79,1,At Risk,1,2010-03-16 16:45:00,2010-03-16 16:45:00,5.8890769230769235,283,61,0
17569,332,1,344.14,1,At Risk,1,2011-01-11 14:15:00,2011-01-11 14:15:00,11.866896551724137,159,29,0
17570,382,1,100.0,1,At Risk,1,2010-11-23 11:56:00,2010-11-23 11:56:00,100.0,1,1,0
17571,50,5,1703.75,0,Potential Loyalists,0,2010-06-15 12:50:00,2011-10-20 15:57:00,4.826487252124646,1020,290,492
17572,71,10,723.01,0,Potential Loyalists,0,2009-12-15 10:00:00,2011-09-29 17:53:00,20.083611111111114,351,14,653
17573,29,3,380.6,0,Potential Loyalists,0,2011-09-07 10:36:00,2011-11-10 13:01:00,15.224,308,24,64
17574,243,1,185.65,0,Potential Loyalists,1,2011-04-11 09:47:00,2011-04-11 09:47:00,23.20625,77,8,0
17575,667,1,171.7,1,At Risk,1,2010-02-10 13:48:00,2010-02-10 13:48:00,34.339999999999996,72,5,0
17576,8,41,9056.81,2,Champions,0,2009-12-03 16:54:00,2011-12-01 17:56:00,9.759493534482758,4740,417,728
17577,645,2,348.75,1,At Risk,1,2010-02-09 10:10:00,2010-03-04 13:01:00,16.607142857142858,179,20,23
17578,218,7,1047.33,0,Potential Loyalists,1,2010-06-28 11:55:00,2011-05-05 18:38:00,16.11276923076923,529,57,311
17579,5,4,753.28,0,Potential Loyalists,0,2010-05-10 14:28:00,2011-12-05 12:28:00,8.013617021276595,375,89,573
17580,253,5,545.27,0,Potential Loyalists,1,2010-10-13 14:28:00,2011-04-01 12:41:00,5.739684210526316,224,78,169
17581,1,43,18757.75,2,Champions,0,2009-12-03 12:34:00,2011-12-09 12:21:00,22.067941176470587,9972,387,735
17582,236,5,1450.7,0,Potential Loyalists,1,2010-03-26 12:23:00,2011-04-17 13:18:00,11.699193548387097,606,92,387
17583,560,1,135.95,1,At Risk,1,2010-05-28 14:24:00,2010-05-28 14:24:00,19.42142857142857,55,7,0
17584,7,6,5309.42,0,Potential Loyalists,0,2010-01-25 08:17:00,2011-12-02 17:12:00,42.817903225806454,2464,85,676
17585,109,7,2093.3,0,Potential Loyalists,0,2010-08-18 16:39:00,2011-08-22 13:30:00,5.2727959697733,2539,295,368
17586,619,1,167.4,1,At Risk,1,2010-03-30 13:12:00,2010-03-30 13:12:00,20.925,68,8,0
17587,628,1,181.66,1,At Risk,1,2010-03-21 14:16:00,2010-03-21 14:16:00,4.224651162790698,68,42,0
17588,100,7,2939.55,0,Potential Loyalists,0,2010-03-12 12:34:00,2011-08-31 13:37:00,41.40211267605634,1379,35,537
17589,60,18,14049.87,3,Loyal Customers,0,2010-03-07 13:48:00,2011-10-10 16:58:00,10.461556217423679,8788,601,582
17590,2,3,1479.22,0,Potential Loyalists,0,2011-10-30 14:05:00,2011-12-07 12:55:00,7.359303482587065,828,162,37
17591,73,8,2776.67,0,Potential Loyalists,0,2010-01-17 16:09:00,2011-09-27 13:42:00,10.360708955223881,1173,93,617
17592,739,1,148.3,1,At Risk,1,2009-12-01 10:49:00,2009-12-01 10:49:00,11.407692307692308,38,13,0
17593,4,11,8095.8,3,Loyal Customers,0,2009-12-04 14:35:00,2011-12-06 10:30:00,19.794132029339853,5607,311,731
17594,85,4,2497.88,0,Potential Loyalists,0,2010-04-14 08:53:00,2011-09-15 16:34:00,24.018076923076926,1368,70,519
17595,12,2,388.79,0,Potential Loyalists,0,2011-11-02 16:19:00,2011-11-27 16:08:00,4.68421686746988,229,68,24
17596,23,13,4920.67,3,Loyal Customers,0,2009-12-15 13:21:00,2011-11-16 14:11:00,8.834236983842011,7619,274,701
17597,214,5,3484.09,0,Potential Loyalists,1,2010-05-05 15:33:00,2011-05-10 11:54:00,27.219453125,2215,109,369
17598,381,1,409.98,1,At Risk,1,2010-11-23 17:43:00,2010-11-23 17:43:00,40.998000000000005,126,10,0
17599,478,1,52.05,1,At Risk,1,2010-08-19 12:50:00,2010-08-19 12:50:00,17.349999999999998,11,3,0
17600,18,1,161.67000000000002,0,Potential Loyalists,0,2011-11-22 09:43:00,2011-11-22 09:43:00,12.436153846153847,144,13,0
17601,239,2,421.48,0,Potential Loyalists,1,2010-11-24 14:29:00,2011-04-14 18:02:00,5.545789473684211,299,69,141
17602,2,14,7451.13,3,Loyal Customers,0,2010-03-30 17:25:00,2011-12-07 13:53:00,8.03789644012945,5936,450,616
17603,78,4,1793.48,0,Potential Loyalists,0,2009-12-10 09:44:00,2011-09-22 14:18:00,16.761495327102804,640,104,651
17604,217,6,945.93,0,Potential Loyalists,1,2010-01-27 12:19:00,2011-05-06 13:43:00,4.504428571428572,616,142,464
17605,590,1,160.75,1,At Risk,1,2010-04-28 14:45:00,2010-04-28 14:45:00,12.365384615384615,71,13,0
17606,737,1,87.30000000000001,1,At Risk,1,2009-12-02 13:32:00,2009-12-02 13:32:00,14.550000000000002,42,6,0
17607,376,1,333.81,1,At Risk,1,2010-11-28 13:11:00,2010-11-28 13:11:00,15.173181818181819,269,22,0
17608,33,4,498.53,0,Potential Loyalists,0,2010-04-11 13:37:00,2011-11-06 13:06:00,2.9498816568047337,539,134,573
17609,41,11,1894.34,0,Potential Loyalists,0,2010-04-09 16:54:00,2011-10-30 12:28:00,4.869768637532133,1325,317,568
17610,540,5,1529.49,1,At Risk,1,2009-12-06 16:07:00,2010-06-17 16:34:00,9.741974522292994,902,114,193
17611,7,28,8371.98,3,Loyal Customers,0,2009-12-01 13:29:00,2011-12-02 13:29:00,7.448380782918149,5356,722,731
17612,53,18,5394.86,3,Loyal Customers,0,2009-12-17 11:59:00,2011-10-17 14:59:00,15.867235294117647,3521,213,669
17613,23,14,4559.150000000001,3,Loyal Customers,0,2011-02-07 11:20:00,2011-11-17 10:51:00,14.612660256410258,2496,211,282
17614,57,1,390.07,0,Potential Loyalists,0,2011-10-13 16:01:00,2011-10-13 16:01:00,3.9007,238,97,0
17615,130,6,733.2,0,Potential Loyalists,0,2010-08-11 12:54:00,2011-08-01 14:06:00,12.427118644067797,386,47,355
17616,174,4,1060.8,0,Potential Loyalists,0,2010-09-14 10:43:00,2011-06-19 10:11:00,212.16,416,1,277
17617,559,1,395.33,1,At Risk,1,2010-05-30 12:48:00,2010-05-30 12:48:00,20.806842105263158,255,18,0
17618,6,11,4073.24,3,Loyal Customers,0,2010-01-24 11:03:00,2011-12-04 11:50:00,10.861973333333333,1820,202,679
17619,312,1,218.52,1,At Risk,1,2011-01-31 14:18:00,2011-01-31 14:18:00,2.837922077922078,127,71,0
17620,60,1,81.44,0,Potential Loyalists,0,2011-10-11 12:08:00,2011-10-11 12:08:00,20.36,60,4,0
17621,21,6,3175.12,0,Potential Loyalists,0,2010-10-04 09:37:00,2011-11-18 17:11:00,48.10787878787879,1110,61,410
17622,598,2,1130.21,1,At Risk,1,2010-04-20 13:38:00,2010-04-21 12:36:00,29.742368421052632,379,19,0
17623,33,7,2383.67,0,Potential Loyalists,0,2009-12-14 14:36:00,2011-11-07 11:32:00,12.161581632653062,801,130,692
17624,15,4,1568.63,0,Potential Loyalists,0,2009-12-20 12:35:00,2011-11-25 10:52:00,16.171443298969074,958,91,704
17625,18,8,6067.8,3,Loyal Customers,0,2009-12-15 11:49:00,2011-11-21 13:36:00,8.631294452347085,3551,429,706
17626,603,1,254.0,1,At Risk,1,2010-04-16 12:15:00,2010-04-16 12:15:00,14.11111111111111,202,18,0
17627,479,1,296.36,1,At Risk,1,2010-08-18 11:27:00,2010-08-18 11:27:00,29.636000000000003,676,10,0
17628,81,1,75.75,0,Potential Loyalists,0,2011-09-19 15:21:00,2011-09-19 15:21:00,15.15,79,5,0
17629,6,10,2455.52,0,Potential Loyalists,0,2010-10-14 13:35:00,2011-12-04 10:56:00,15.740512820512821,1903,129,415
17630,170,2,503.6,0,Potential Loyalists,0,2011-04-21 14:03:00,2011-06-23 11:58:00,19.36923076923077,158,24,62
17631,2,7,998.49,0,Potential Loyalists,0,2009-12-09 14:15:00,2011-12-08 09:47:00,14.470869565217392,591,66,728
17633,31,7,2057.39,0,Potential Loyalists,0,2010-11-15 14:55:00,2011-11-08 13:25:00,20.37019801980198,899,84,357
17634,36,9,2361.9700000000003,0,Potential Loyalists,0,2011-01-06 12:45:00,2011-11-03 13:09:00,7.952760942760944,840,209,301
17635,424,3,1265.58,1,At Risk,1,2010-04-28 10:51:00,2010-10-11 15:12:00,17.10243243243243,770,60,166
17636,19,1,285.56,0,Potential Loyalists,0,2011-11-20 14:40:00,2011-11-20 14:40:00,14.278,182,20,0
17637,31,2,547.0600000000001,0,Potential Loyalists,0,2011-08-16 13:25:00,2011-11-08 12:51:00,15.630285714285716,280,35,83
17638,647,2,842.4,1,At Risk,1,2009-12-18 09:58:00,2010-03-02 14:32:00,280.8,432,2,74
17639,276,6,615.17,0,Potential Loyalists,1,2010-08-13 11:59:00,2011-03-08 15:22:00,7.7869620253164555,576,59,207
17640,87,6,3168.94,0,Potential Loyalists,0,2010-03-23 09:15:00,2011-09-14 09:13:00,48.014242424242425,1692,48,539
17642,120,5,1824.49,0,Potential Loyalists,0,2009-12-05 16:01:00,2011-08-12 09:11:00,16.893425925925925,1475,88,614
17643,373,2,541.25,1,At Risk,1,2010-07-22 13:07:00,2010-12-01 14:38:00,13.878205128205128,297,30,132
17644,1,20,6028.6,3,Loyal Customers,0,2010-02-16 08:44:00,2011-12-08 13:43:00,18.436085626911318,3469,160,660
17646,219,12,4149.79,3,Loyal Customers,1,2009-12-16 09:37:00,2011-05-04 13:17:00,20.242878048780486,1418,124,504
17647,65,3,331.66,0,Potential Loyalists,0,2010-02-08 14:39:00,2011-10-05 15:38:00,27.638333333333332,82,12,604
17648,61,5,2216.37,0,Potential Loyalists,0,2010-11-19 16:41:00,2011-10-10 09:41:00,17.73096,954,114,324
17649,138,3,1578.89,0,Potential Loyalists,0,2010-08-24 13:01:00,2011-07-24 15:53:00,16.111122448979593,723,88,334
17650,21,1,166.08,0,Potential Loyalists,0,2011-11-18 14:52:00,2011-11-18 14:52:00,20.759999999999998,150,8,0
17651,12,16,5703.52,3,Loyal Customers,0,2010-07-01 12:17:00,2011-11-28 10:29:00,17.179277108433737,4086,198,514
17652,25,12,4867.72,3,Loyal Customers,0,2011-03-03 14:05:00,2011-11-14 12:55:00,18.794285714285714,2509,118,255
17653,37,4,1207.56,0,Potential Loyalists,0,2011-08-11 15:24:00,2011-11-03 12:46:00,27.44454545454545,1409,44,83
17654,277,1,117.55,1,At Risk,1,2011-03-07 13:17:00,2011-03-07 13:17:00,5.343181818181818,41,22,0
17655,11,9,3652.48,3,Loyal Customers,0,2010-10-19 10:20:00,2011-11-29 11:34:00,30.437333333333335,1542,75,406
17656,73,5,1674.69,0,Potential Loyalists,0,2011-08-03 10:45:00,2011-09-27 13:04:00,20.423048780487804,1399,67,55
17657,430,1,126.0,1,At Risk,1,2010-10-05 14:52:00,2010-10-05 14:52:00,18.0,60,7,0
17658,26,2,595.42,0,Potential Loyalists,0,2011-05-12 15:23:00,2011-11-14 12:07:00,31.337894736842102,616,17,185
17659,17,14,3834.79,3,Loyal Customers,0,2010-11-18 14:20:00,2011-11-22 13:29:00,18.79799019607843,1816,150,368
17660,141,2,359.47,0,Potential Loyalists,0,2009-12-02 16:02:00,2011-07-21 13:37:00,4.0389887640449444,268,75,595
17662,662,2,412.92,1,At Risk,1,2009-12-17 09:54:00,2010-02-16 09:38:00,27.528000000000002,184,14,60
17663,26,17,5175.83,3,Loyal Customers,0,2010-03-04 11:42:00,2011-11-14 08:56:00,21.74718487394958,2297,153,619
17664,19,4,1166.23,0,Potential Loyalists,0,2010-03-29 17:17:00,2011-11-21 11:29:00,14.577875,1058,68,601
17665,493,1,563.1,1,At Risk,1,2010-08-03 13:12:00,2010-08-03 13:12:00,29.63684210526316,690,19,0
17666,4,5,2047.8,0,Potential Loyalists,0,2010-06-30 12:03:00,2011-12-06 09:06:00,46.54090909090909,1552,30,523
17667,66,9,3950.7,3,Loyal Customers,0,2010-02-23 09:57:00,2011-10-04 14:32:00,17.17695652173913,2192,140,588
17668,1,2,347.75,0,Potential Loyalists,0,2011-11-01 14:45:00,2011-12-08 13:25:00,23.183333333333334,93,14,36
17669,43,10,6142.35,3,Loyal Customers,0,2010-04-01 18:48:00,2011-10-28 08:53:00,42.655208333333334,3505,85,574
17670,228,1,205.7,0,Potential Loyalists,1,2011-04-26 09:12:00,2011-04-26 09:12:00,18.7,110,11,0
17671,16,5,2403.34,0,Potential Loyalists,0,2010-11-29 11:53:00,2011-11-24 12:21:00,26.123260869565218,1177,54,360
17672,50,7,5778.63,3,Loyal Customers,0,2010-01-26 17:20:00,2011-10-20 14:18:00,28.051601941747574,2758,179,631
17673,2,13,4233.58,3,Loyal Customers,0,2010-03-19 14:02:00,2011-12-08 12:50:00,8.1415,3338,195,628
17674,74,2,851.7,0,Potential Loyalists,0,2010-12-06 10:20:00,2011-09-26 13:35:00,22.413157894736845,1021,19,294
17675,1,46,29730.420199999626,2,Champions,0,2009-12-10 16:10:00,2011-12-08 18:03:00,33.918085106382975,16416,345,728
17676,4,10,2765.84,0,Potential Loyalists,0,2010-03-30 10:49:00,2011-12-05 15:16:00,16.86487804878049,1932,85,615
17677,2,46,29730.420199999626,2,Champions,0,2009-12-16 11:23:00,2011-12-08 09:56:00,51.534985955056186,21936,346,721
17678,264,2,599.76,0,Potential Loyalists,1,2010-04-15 13:54:00,2011-03-21 11:52:00,21.419999999999998,368,27,339
17679,53,7,3577.61,0,Potential Loyalists,0,2009-12-03 17:32:00,2011-10-18 07:43:00,44.16802469135803,1755,70,683
17680,24,3,497.45,0,Potential Loyalists,0,2010-07-16 16:07:00,2011-11-16 12:42:00,24.872500000000002,155,20,487
17681,597,5,731.2,1,At Risk,1,2010-01-15 11:53:00,2010-04-21 17:22:00,52.228571428571435,450,12,96
17682,10,11,4456.78,3,Loyal Customers,0,2010-03-08 09:49:00,2011-11-29 15:59:00,18.72596638655462,2491,85,631
17683,386,3,819.01,1,At Risk,1,2010-06-03 17:15:00,2010-11-19 10:11:00,17.804565217391303,781,41,168
17684,44,1,239.41,0,Potential Loyalists,0,2011-10-27 11:10:00,2011-10-27 11:10:00,15.960666666666667,145,15,0
17685,17,12,5943.17,3,Loyal Customers,0,2010-02-11 13:44:00,2011-11-23 11:36:00,27.902206572769952,3854,124,649
17686,7,9,8296.81,3,Loyal Customers,0,2010-06-24 09:49:00,2011-12-02 15:39:00,19.339883449883448,3583,283,526
17687,421,1,432.68,1,At Risk,1,2010-10-15 12:30:00,2010-10-15 12:30:00,16.641538461538463,210,26,0
17688,394,1,304.2,1,At Risk,1,2010-11-11 10:41:00,2010-11-11 10:41:00,16.010526315789473,114,19,0
17689,388,2,317.08,1,At Risk,1,2010-08-22 13:54:00,2010-11-16 13:22:00,14.412727272727272,300,17,85
17690,30,20,7448.1,3,Loyal Customers,0,2010-02-03 14:26:00,2011-11-09 15:17:00,19.4467362924282,3126,237,644
17691,358,4,780.0500000000001,1,At Risk,1,2010-06-11 11:50:00,2010-12-16 17:20:00,15.00096153846154,373,37,188
17692,127,12,2975.8,3,Loyal Customers,0,2010-06-17 11:14:00,2011-08-04 14:01:00,18.36913580246914,2338,90,413
17693,137,1,200.47,0,Potential Loyalists,0,2011-07-25 15:48:00,2011-07-25 15:48:00,12.529375,231,16,0
17694,142,3,1695.97,0,Potential Loyalists,0,2010-05-26 08:27:00,2011-07-21 12:00:00,20.937901234567903,1493,54,421
17695,132,5,1746.04,0,Potential Loyalists,0,2010-01-28 09:27:00,2011-07-31 10:40:00,28.623606557377048,1809,46,549
17696,38,27,7679.59,3,Loyal Customers,0,2009-12-10 17:09:00,2011-11-01 13:43:00,21.039972602739727,5891,191,690
17697,236,1,338.95,0,Potential Loyalists,1,2011-04-17 15:40:00,2011-04-17 15:40:00,17.839473684210525,93,19,0
17698,261,1,154.95,0,Potential Loyalists,1,2011-03-24 11:34:00,2011-03-24 11:34:00,19.36875,93,8,0
17699,477,2,442.0,1,At Risk,1,2010-05-27 11:53:00,2010-08-20 09:39:00,23.263157894736842,208,17,84
17700,17,14,6679.97,3,Loyal Customers,0,2009-12-01 11:37:00,2011-11-23 11:51:00,18.555472222222225,3469,259,722
17701,253,1,417.95,0,Potential Loyalists,1,2011-04-01 12:25:00,2011-04-01 12:25:00,17.414583333333333,109,24,0
17702,30,6,3144.04,0,Potential Loyalists,0,2010-11-04 12:09:00,2011-11-09 16:03:00,20.549281045751634,2153,120,370
17703,35,4,1094.84,0,Potential Loyalists,0,2010-10-17 16:16:00,2011-11-04 15:51:00,14.036410256410255,897,63,382
17704,169,2,885.19,0,Potential Loyalists,0,2011-04-14 09:28:00,2011-06-24 09:40:00,28.554516129032258,343,27,71
17705,3,11,2083.9,3,Loyal Customers,0,2010-05-12 09:47:00,2011-12-06 13:45:00,17.365833333333335,1301,74,573
17706,4,31,20749.98,2,Champions,0,2010-01-19 12:13:00,2011-12-05 13:34:00,27.124156862745096,8049,408,685
17707,185,8,609.3000000000001,0,Potential Loyalists,1,2009-12-07 12:19:00,2011-06-07 15:03:00,25.3875,546,9,547
17708,188,4,887.9300000000001,0,Potential Loyalists,1,2010-10-12 12:13:00,2011-06-05 10:12:00,11.999054054054055,388,57,235
17709,170,5,671.01,0,Potential Loyalists,0,2010-04-15 14:48:00,2011-06-23 11:55:00,16.77525,295,37,433
17710,424,1,293.5,1,At Risk,1,2010-10-12 07:49:00,2010-10-12 07:49:00,14.675,158,20,0
17711,11,2,385.1,0,Potential Loyalists,0,2011-02-23 11:32:00,2011-11-29 11:40:00,16.743478260869566,246,22,279
17712,45,1,522.91,0,Potential Loyalists,0,2011-10-26 12:28:00,2011-10-26 12:28:00,18.031379310344825,215,29,0
17713,382,4,1198.09,1,At Risk,1,2010-06-09 09:33:00,2010-11-22 16:50:00,15.764342105263157,989,55,166
17714,321,5,1410.18,1,At Risk,1,2010-07-14 10:41:00,2011-01-23 10:32:00,17.40962962962963,608,69,192
17715,201,2,489.6,0,Potential Loyalists,1,2010-04-26 12:17:00,2011-05-23 12:32:00,244.79999999999998,576,1,392
17716,23,24,15956.97,2,Champions,0,2009-12-02 17:18:00,2011-11-17 12:00:00,26.550698835274545,8819,334,714
17717,421,1,376.92,1,At Risk,1,2010-10-14 12:54:00,2010-10-14 12:54:00,14.496923076923078,344,26,0
17718,232,2,439.18,0,Potential Loyalists,1,2010-03-05 08:01:00,2011-04-21 13:39:00,19.094782608695652,274,22,412
17719,38,15,5396.04,3,Loyal Customers,0,2011-03-29 11:29:00,2011-11-02 10:36:00,19.693576642335767,2466,111,217
17720,26,10,2768.91,0,Potential Loyalists,0,2010-05-10 09:58:00,2011-11-13 15:04:00,20.818872180451127,1613,81,552
17721,659,1,307.21000000000004,1,At Risk,1,2010-02-18 15:18:00,2010-02-18 15:18:00,27.928181818181823,107,11,0
17722,96,5,4430.36,0,Potential Loyalists,0,2010-11-29 09:44:00,2011-09-04 15:22:00,20.229954337899542,2937,163,279
17723,127,7,3378.4000000000005,0,Potential Loyalists,0,2010-11-29 10:35:00,2011-08-04 18:37:00,281.53333333333336,912,6,248
17724,71,3,1033.0,0,Potential Loyalists,0,2011-07-24 13:26:00,2011-09-29 15:26:00,25.825,300,38,67
17725,16,11,3439.08,3,Loyal Customers,0,2011-03-17 19:47:00,2011-11-23 16:34:00,17.911875,2162,115,250
17726,395,7,1092.06,1,At Risk,1,2010-01-26 14:58:00,2010-11-09 13:37:00,17.0634375,444,52,286
17727,15,1,1060.25,0,Potential Loyalists,0,2011-11-24 17:06:00,2011-11-24 17:06:00,16.064393939393938,645,66,0
17728,4,5,4238.76,0,Potential Loyalists,0,2010-09-12 14:58:00,2011-12-06 08:52:00,17.371967213114754,2146,196,449
17729,596,1,438.65,1,At Risk,1,2010-04-22 15:03:00,2010-04-22 15:03:00,19.071739130434786,247,23,0
17730,3,20,7773.8,3,Loyal Customers,0,2010-04-29 11:48:00,2011-12-06 15:43:00,24.757324840764333,5300,177,586
17731,79,6,1708.99,0,Potential Loyalists,0,2010-02-09 12:37:00,2011-09-21 15:02:00,17.262525252525254,707,82,589
17732,373,8,2470.39,1,At Risk,1,2010-08-09 08:41:00,2010-12-02 09:29:00,17.645642857142857,1151,90,115
17733,39,2,692.19,0,Potential Loyalists,0,2011-03-23 09:54:00,2011-11-01 08:16:00,19.776857142857143,463,33,222
17734,54,6,1442.32,0,Potential Loyalists,0,2010-03-07 13:55:00,2011-10-17 12:33:00,16.771162790697673,741,76,588
17735,2,26,17244.93,2,Champions,0,2010-07-30 13:25:00,2011-12-07 16:47:00,19.246573660714287,10901,391,495
17736,9,3,377.44,0,Potential Loyalists,0,2011-08-18 14:33:00,2011-11-30 15:36:00,15.0976,238,24,104
17737,9,2,168.24,0,Potential Loyalists,0,2011-10-12 14:42:00,2011-11-30 15:16:00,16.824,108,8,49
17738,19,13,4183.56,3,Loyal Customers,0,2010-03-19 10:07:00,2011-11-20 15:05:00,18.18939130434783,2776,173,611
17739,12,18,7730.59,3,Loyal Customers,0,2009-12-07 10:48:00,2011-11-28 09:12:00,51.88315436241611,2335,56,720
17740,389,6,426.9,1,At Risk,1,2010-01-11 13:11:00,2010-11-15 16:33:00,47.43333333333334,222,5,308
17741,407,2,101.1,1,At Risk,1,2010-05-28 12:11:00,2010-10-29 11:59:00,16.849999999999998,114,6,153
17742,113,11,2098.48,0,Potential Loyalists,0,2009-12-01 13:16:00,2011-08-18 15:28:00,24.688,653,52,625
17743,448,1,229.2,1,At Risk,1,2010-09-17 14:54:00,2010-09-17 14:54:00,76.39999999999999,96,3,0
17744,4,7,2649.14,0,Potential Loyalists,0,2010-11-24 09:34:00,2011-12-06 12:11:00,17.543973509933775,3826,121,377
17745,478,2,600.34,1,At Risk,1,2010-06-02 09:03:00,2010-08-19 12:30:00,21.440714285714286,164,27,78
17746,240,4,904.18,0,Potential Loyalists,1,2010-04-08 12:54:00,2011-04-13 14:31:00,25.116111111111113,688,32,370
17747,113,1,71.4,0,Potential Loyalists,0,2011-08-19 08:13:00,2011-08-19 08:13:00,71.4,12,1,0
17748,527,1,358.15,1,At Risk,1,2010-06-30 13:49:00,2010-06-30 13:49:00,21.06764705882353,111,17,0
17749,178,3,1026.18,0,Potential Loyalists,0,2010-06-11 14:56:00,2011-06-14 15:45:00,18.003157894736844,446,52,368
17750,5,9,1797.57,0,Potential Loyalists,0,2011-06-28 15:44:00,2011-12-04 14:09:00,9.313834196891191,3957,101,158
17751,421,1,157.86,1,At Risk,1,2010-10-14 13:57:00,2010-10-14 13:57:00,4.9331249999999995,147,31,0
17752,359,1,80.64,1,At Risk,1,2010-12-15 16:19:00,2010-12-15 16:19:00,80.64,192,1,0
17753,464,4,390.56,1,At Risk,1,2010-01-06 14:20:00,2010-09-01 15:49:00,5.424444444444444,128,63,238
17754,1,13,4577.53,3,Loyal Customers,0,2009-12-11 15:52:00,2011-12-09 11:20:00,20.07688596491228,4441,185,727
17756,376,3,733.7,1,At Risk,1,2010-11-10 12:54:00,2010-11-29 12:20:00,8.631764705882354,400,54,18
17757,1,46,9422.45,2,Champions,0,2010-01-13 15:56:00,2011-12-08 15:31:00,7.192709923664123,5163,362,693
17758,19,12,5012.53,3,Loyal Customers,0,2010-05-20 13:18:00,2011-11-20 14:45:00,9.351735074626864,3236,403,549
17759,17,5,1276.91,0,Potential Loyalists,0,2010-05-05 11:40:00,2011-11-22 16:02:00,9.252971014492754,976,114,566
17760,22,6,918.93,0,Potential Loyalists,0,2010-02-28 12:15:00,2011-11-18 10:56:00,12.091184210526315,696,58,627
17761,33,1,712.78,0,Potential Loyalists,0,2011-11-07 10:23:00,2011-11-07 10:23:00,37.514736842105265,398,19,0
17762,456,1,129.75,1,At Risk,1,2010-09-09 17:40:00,2010-09-09 17:40:00,7.632352941176471,129,16,0
17763,263,4,86.15,0,Potential Loyalists,1,2010-02-18 14:32:00,2011-03-21 14:25:00,6.153571428571429,41,11,395
17764,51,5,1623.64,0,Potential Loyalists,0,2009-12-03 14:28:00,2011-10-20 11:03:00,10.211572327044026,729,126,685
17765,159,4,530.8,0,Potential Loyalists,0,2010-09-17 12:45:00,2011-07-04 12:41:00,6.395180722891566,197,71,289
17766,381,2,299.61,1,At Risk,1,2010-11-23 14:17:00,2010-11-23 14:29:00,13.618636363636364,155,21,0
17767,15,2,413.05,0,Potential Loyalists,0,2010-10-25 16:22:00,2011-11-24 14:42:00,10.591025641025642,198,35,394
17768,8,7,3509.51,0,Potential Loyalists,0,2009-12-02 12:26:00,2011-12-01 13:22:00,18.471105263157895,2433,134,729
17769,13,17,7103.08,3,Loyal Customers,0,2010-01-19 11:33:00,2011-11-27 11:18:00,12.018747884940778,3176,330,676
17770,199,5,1143.27,0,Potential Loyalists,1,2011-03-02 13:35:00,2011-05-25 12:34:00,30.086052631578948,365,33,83
17771,57,4,387.41,0,Potential Loyalists,0,2010-04-29 13:21:00,2011-10-14 11:43:00,5.6146376811594205,373,63,532
17772,11,3,384.77,0,Potential Loyalists,0,2010-11-12 11:31:00,2011-11-29 11:05:00,3.6644761904761904,122,94,381
17773,514,2,585.27,1,At Risk,1,2010-01-18 14:32:00,2010-07-13 14:07:00,10.45125,260,48,175
17774,97,9,3328.05,0,Potential Loyalists,0,2010-02-08 16:06:00,2011-09-04 12:49:00,8.11719512195122,1609,286,572
17775,255,1,56.4,0,Potential Loyalists,1,2011-03-30 10:50:00,2011-03-30 10:50:00,18.8,72,3,0
17776,387,2,338.56,1,At Risk,1,2009-12-16 14:59:00,2010-11-18 12:14:00,4.0304761904761905,277,74,336
17777,25,3,665.86,0,Potential Loyalists,0,2011-08-31 14:35:00,2011-11-15 12:02:00,3.4322680412371134,507,141,75
17778,662,1,197.7,1,At Risk,1,2010-02-16 12:44:00,2010-02-16 12:44:00,19.770000000000003,214,10,0
17779,21,3,658.57,0,Potential Loyalists,0,2011-07-19 12:19:00,2011-11-18 14:15:00,8.031341463414634,397,73,122
17780,667,3,352.91,1,At Risk,1,2010-01-24 11:21:00,2010-02-10 13:43:00,4.356913580246914,158,76,17
17781,159,2,188.02,0,Potential Loyalists,0,2011-03-31 19:54:00,2011-07-03 16:00:00,15.668333333333335,34,12,93
17782,383,2,679.02,1,At Risk,1,2010-11-22 10:03:00,2010-11-22 11:15:00,23.41448275862069,538,29,0
17783,72,3,379.91,0,Potential Loyalists,0,2010-07-15 12:50:00,2011-09-28 16:07:00,4.12945652173913,439,91,440
17784,550,1,112.86,1,At Risk,1,2010-06-07 16:08:00,2010-06-07 16:08:00,4.90695652173913,72,19,0
17785,53,3,403.38,0,Potential Loyalists,0,2010-05-23 13:01:00,2011-10-17 13:43:00,7.909411764705882,227,48,512
17786,85,2,278.74,0,Potential Loyalists,0,2011-01-26 14:35:00,2011-09-15 12:51:00,3.871388888888889,200,57,231
17787,153,4,2601.4700000000003,0,Potential Loyalists,0,2010-12-03 13:43:00,2011-07-10 11:24:00,15.76648484848485,1266,94,218
17788,74,2,1117.9,0,Potential Loyalists,0,2011-08-02 10:38:00,2011-09-27 10:09:00,223.58,211,3,55
17789,281,2,397.15,1,At Risk,1,2010-02-16 13:16:00,2011-03-03 13:14:00,13.694827586206896,199,27,379
17790,27,20,2783.61,3,Loyal Customers,0,2010-06-13 13:30:00,2011-11-13 11:30:00,9.156611842105264,1389,188,517
17791,30,1,106.1,0,Potential Loyalists,0,2011-11-10 12:09:00,2011-11-10 12:09:00,10.61,46,10,0
17792,467,2,370.05,1,At Risk,1,2010-08-18 13:08:00,2010-08-29 14:30:00,6.9820754716981135,151,45,11
17793,25,1,323.04,0,Potential Loyalists,0,2011-11-14 14:24:00,2011-11-14 14:24:00,5.5696551724137935,232,49,0
17794,687,2,147.3,1,At Risk,1,2010-01-20 12:17:00,2010-01-22 10:18:00,21.042857142857144,46,7,1
17795,180,2,350.39,0,Potential Loyalists,0,2011-03-20 12:02:00,2011-06-13 12:36:00,7.617173913043478,341,43,85
17796,40,7,1361.99,0,Potential Loyalists,0,2010-10-14 13:37:00,2011-10-30 15:38:00,6.053288888888889,379,149,381
17797,22,8,1985.87,0,Potential Loyalists,0,2009-12-15 14:30:00,2011-11-17 13:21:00,7.221345454545455,1090,222,701
17798,582,1,183.09,1,At Risk,1,2010-05-07 11:42:00,2010-05-07 11:42:00,3.736530612244898,142,43,0
17799,22,20,6341.89,3,Loyal Customers,0,2009-12-13 16:03:00,2011-11-17 15:16:00,6.8486933045356375,3707,478,703
17800,37,9,1199.01,0,Potential Loyalists,0,2011-01-09 13:50:00,2011-11-02 12:57:00,11.528942307692308,736,51,296
17801,451,3,798.3299999999999,1,At Risk,1,2010-01-17 11:31:00,2010-09-14 14:32:00,9.392117647058823,838,66,240
17802,82,10,5053.12,3,Loyal Customers,0,2009-12-13 13:39:00,2011-09-18 14:56:00,9.35762962962963,2786,283,644
17803,392,1,184.66,1,At Risk,1,2010-11-12 13:53:00,2010-11-12 13:53:00,6.839259259259259,98,27,0
17804,376,3,385.23,1,At Risk,1,2009-12-01 12:22:00,2010-11-28 14:01:00,4.187282608695653,195,82,362
17805,74,2,927.03,0,Potential Loyalists,0,2010-04-08 14:36:00,2011-09-27 11:49:00,84.27545454545454,1126,10,536
17806,11,1,546.04,0,Potential Loyalists,0,2011-11-28 14:12:00,2011-11-28 14:12:00,12.698604651162789,727,43,0
17807,395,3,437.87,1,At Risk,1,2010-01-04 14:00:00,2010-11-09 16:21:00,4.9198876404494385,262,88,309
17808,549,4,262.64,1,At Risk,1,2010-05-07 16:26:00,2010-06-09 10:44:00,7.958787878787878,143,29,32
17809,16,20,11337.39,3,Loyal Customers,0,2009-12-02 14:52:00,2011-11-23 12:59:00,101.22669642857143,3353,59,720
17810,669,2,374.81,1,At Risk,1,2010-01-25 10:26:00,2010-02-09 10:47:00,6.693035714285714,119,51,15
17811,4,46,9609.8,2,Champions,0,2010-09-20 11:24:00,2011-12-05 13:46:00,8.130118443316412,5327,538,441
17812,13,7,1165.89,0,Potential Loyalists,0,2010-06-27 13:34:00,2011-11-27 11:47:00,5.003819742489271,612,162,517
17813,14,5,1770.88,0,Potential Loyalists,0,2011-09-29 15:57:00,2011-11-25 16:13:00,4.773261455525606,790,297,57
17814,375,2,1617.32,1,At Risk,1,2010-10-13 14:03:00,2010-11-29 14:21:00,11.077534246575341,1440,112,47
17815,393,1,591.96,1,At Risk,1,2010-11-11 14:39:00,2010-11-11 14:39:00,45.535384615384615,612,13,0
17816,37,6,112.32,0,Potential Loyalists,0,2009-12-15 15:27:00,2011-11-03 11:34:00,2.042181818181818,96,41,687
17817,4,6,807.85,0,Potential Loyalists,0,2010-10-13 15:07:00,2011-12-05 14:39:00,5.853985507246377,365,115,417
17818,738,1,130.18,1,At Risk,1,2009-12-02 11:34:00,2009-12-02 11:34:00,2.83,90,42,0
17819,72,12,6612.52,3,Loyal Customers,0,2009-12-13 15:24:00,2011-09-29 10:52:00,65.47049504950496,1849,66,654
17820,374,1,183.56,1,At Risk,1,2010-11-30 17:43:00,2010-11-30 17:43:00,4.37047619047619,112,39,0
17821,406,1,334.62,1,At Risk,1,2010-10-29 13:20:00,2010-10-29 13:20:00,55.77,162,6,0
17822,420,5,2188.5,1,At Risk,1,2010-05-28 12:15:00,2010-10-15 13:47:00,12.434659090909092,1389,152,140
17823,421,2,494.25,1,At Risk,1,2010-10-14 16:14:00,2010-10-14 16:24:00,4.493181818181818,262,88,0
17824,51,1,298.4,0,Potential Loyalists,0,2011-10-19 14:14:00,2011-10-19 14:14:00,22.95384615384615,408,13,0
17825,599,4,731.96,1,At Risk,1,2009-12-14 12:09:00,2010-04-20 12:01:00,26.141428571428573,540,24,126
17826,374,1,134.59,1,At Risk,1,2010-11-30 13:23:00,2010-11-30 13:23:00,3.958529411764706,85,33,0
17827,5,6,2388.05,0,Potential Loyalists,0,2010-03-28 12:20:00,2011-12-04 15:00:00,8.291840277777778,1592,240,616
17828,23,4,1820.09,0,Potential Loyalists,0,2011-06-08 08:31:00,2011-11-17 08:41:00,27.1655223880597,667,54,162
17829,299,5,4756.74,1,At Risk,1,2010-02-22 15:39:00,2011-02-14 12:46:00,27.817192982456138,3009,121,356
17830,2,3,398.7,0,Potential Loyalists,0,2011-02-24 10:15:00,2011-12-08 12:28:00,17.33478260869565,92,18,287
17831,33,1,35.400000000000006,0,Potential Loyalists,0,2011-11-06 15:09:00,2011-11-06 15:09:00,17.700000000000003,12,2,0
17832,50,1,155.37,0,Potential Loyalists,0,2011-10-21 11:43:00,2011-10-21 11:43:00,2.547049180327869,208,61,0
17833,723,1,342.36,1,At Risk,1,2009-12-16 13:40:00,2009-12-16 13:40:00,10.69875,145,28,0
17834,415,2,730.47,1,At Risk,1,2010-09-20 15:32:00,2010-10-21 12:09:00,12.38084745762712,687,54,30
17835,3,3,350.64,0,Potential Loyalists,0,2011-11-16 16:30:00,2011-12-07 11:48:00,5.7481967213114755,348,45,20
17836,47,1,110.21,0,Potential Loyalists,0,2011-10-23 16:13:00,2011-10-23 16:13:00,4.592083333333334,88,23,0
17837,42,8,1593.38,0,Potential Loyalists,0,2011-06-29 16:44:00,2011-10-28 16:13:00,9.42828402366864,518,110,120
17838,27,13,6722.900000000001,3,Loyal Customers,0,2010-03-19 09:53:00,2011-11-13 11:20:00,21.827597402597405,4149,141,604
17839,42,1,338.8,0,Potential Loyalists,0,2011-10-28 17:27:00,2011-10-28 17:27:00,6.05,285,50,0
17840,444,1,185.72,1,At Risk,1,2010-09-22 12:24:00,2010-09-22 12:24:00,3.3767272727272726,138,44,0
17841,2,46,29730.420199999626,2,Champions,0,2009-12-02 15:41:00,2011-12-08 12:07:00,5.499152055857254,37558,2116,735
17842,602,1,430.69,1,At Risk,1,2010-04-16 14:23:00,2010-04-16 14:23:00,23.927222222222223,89,18,0
17843,303,2,326.23,1,At Risk,1,2010-10-24 10:56:00,2011-02-09 15:33:00,5.09734375,276,58,108
17844,107,1,51.56,0,Potential Loyalists,0,2011-08-25 11:27:00,2011-08-25 11:27:00,10.312,52,5,0
17845,555,4,598.19,1,At Risk,1,2010-05-12 13:04:00,2010-06-02 15:20:00,12.462291666666667,196,42,21
17846,85,1,2033.1,0,Potential Loyalists,0,2011-09-15 15:20:00,2011-09-15 15:20:00,2033.1,1,1,0
17847,516,2,129.69,1,At Risk,1,2010-03-04 12:57:00,2010-07-12 10:00:00,14.41,29,9,129
17848,81,30,3650.9,3,Loyal Customers,0,2009-12-06 13:19:00,2011-09-19 16:49:00,21.73154761904762,1438,105,652
17849,218,8,1063.76,0,Potential Loyalists,1,2010-03-14 15:17:00,2011-05-05 13:46:00,21.275199999999998,224,24,416
17850,372,46,29730.420199999626,2,Champions,1,2009-12-05 12:28:00,2010-12-02 15:27:00,20.243233190271816,22785,100,362
17851,422,6,1563.34,1,At Risk,1,2009-12-03 17:46:00,2010-10-13 15:13:00,6.596371308016877,938,185,313
17852,12,5,663.21,0,Potential Loyalists,0,2009-12-08 12:51:00,2011-11-28 12:36:00,6.029181818181819,376,82,719
17853,407,3,1608.19,1,At Risk,1,2009-12-03 15:09:00,2010-10-28 15:29:00,15.171603773584906,627,84,329
17854,185,6,1071.45,0,Potential Loyalists,1,2009-12-08 11:13:00,2011-06-07 16:21:00,8.92875,610,113,546
17855,373,1,417.94,1,At Risk,1,2010-12-02 09:44:00,2010-12-02 09:44:00,12.292352941176471,394,17,0
17856,2,4,1418.03,0,Potential Loyalists,0,2011-03-03 11:40:00,2011-12-08 09:40:00,94.53533333333333,842,12,279
17857,4,24,28682.24,2,Champions,0,2010-03-08 12:09:00,2011-12-05 13:13:00,478.0373333333334,22060,21,637
17858,6,30,12797.65,2,Champions,0,2009-12-06 15:41:00,2011-12-04 11:56:00,32.39911392405063,5483,173,727
17859,305,1,148.21,1,At Risk,1,2011-02-08 10:32:00,2011-02-08 10:32:00,5.9284,127,23,0
17860,369,4,1015.54,1,At Risk,1,2009-12-11 16:48:00,2010-12-06 12:41:00,4.3773275862068965,817,127,359
17861,3,18,5127.69,3,Loyal Customers,0,2009-12-10 11:27:00,2011-12-06 16:21:00,9.027623239436618,4574,329,726
17862,324,4,1279.09,1,At Risk,1,2010-05-25 17:22:00,2011-01-20 12:23:00,12.540098039215685,443,90,239
17863,59,12,5745.2,3,Loyal Customers,0,2010-02-25 12:01:00,2011-10-11 13:45:00,20.815942028985507,4952,154,593
17864,13,5,924.32,0,Potential Loyalists,0,2010-10-08 11:49:00,2011-11-27 11:15:00,6.374620689655173,1121,93,414
17865,31,46,26374.39,2,Champions,0,2009-12-01 10:49:00,2011-11-09 12:08:00,25.90804518664047,12985,391,708
17866,143,3,1134.95,0,Potential Loyalists,0,2009-12-14 16:01:00,2011-07-20 11:07:00,43.651923076923076,535,20,582
17867,30,15,1621.2800000000002,3,Loyal Customers,0,2009-12-02 13:39:00,2011-11-09 14:15:00,11.498439716312058,672,119,707
17868,386,1,234.65,1,At Risk,1,2010-11-18 18:55:00,2010-11-18 18:55:00,12.35,91,18,0
17869,107,7,1036.16,0,Potential Loyalists,0,2010-06-10 13:47:00,2011-08-24 16:16:00,10.573061224489797,560,72,440
17870,2,13,3108.15,3,Loyal Customers,0,2010-11-23 11:39:00,2011-12-07 15:07:00,11.021808510638298,1877,215,379
17871,205,5,1118.99,0,Potential Loyalists,1,2010-01-15 14:48:00,2011-05-19 11:32:00,13.164588235294119,713,64,488
17872,382,1,235.87,1,At Risk,1,2010-11-23 12:02:00,2010-11-23 12:02:00,15.724666666666668,176,15,0
17873,80,18,6515.88,3,Loyal Customers,0,2009-12-16 15:11:00,2011-09-20 16:41:00,36.40156424581006,4312,65,643
17874,185,6,683.46,0,Potential Loyalists,1,2011-03-29 11:25:00,2011-06-07 12:54:00,14.857826086956523,221,37,70
17875,688,1,167.1,1,At Risk,1,2010-01-20 15:30:00,2010-01-20 15:30:00,6.426923076923076,98,25,0
17876,400,3,3424.02,1,At Risk,1,2010-02-02 13:00:00,2010-11-05 10:52:00,856.005,1958,3,275
17877,170,1,237.61,0,Potential Loyalists,0,2011-06-22 13:00:00,2011-06-22 13:00:00,19.800833333333333,98,12,0
17878,44,3,1412.33,0,Potential Loyalists,0,2010-11-09 13:50:00,2011-10-27 11:24:00,16.61564705882353,1038,82,351
17879,174,1,178.51999999999998,0,Potential Loyalists,0,2011-06-19 12:36:00,2011-06-19 12:36:00,29.753333333333334,45,6,0
17880,365,3,824.9200000000001,1,At Risk,1,2009-12-09 16:13:00,2010-12-10 10:21:00,18.331555555555557,466,43,365
17881,304,1,133.35000000000002,1,At Risk,1,2011-02-08 17:16:00,2011-02-08 17:16:00,16.66875,32,8,0
17882,379,2,313.46,1,At Risk,1,2010-11-25 14:35:00,2010-11-25 14:40:00,5.597499999999999,134,47,0
17883,3,7,995.85,0,Potential Loyalists,0,2010-02-25 20:07:00,2011-12-06 17:49:00,5.658238636363636,481,155,648
17884,4,20,3072.89,3,Loyal Customers,0,2009-12-04 16:23:00,2011-12-06 11:33:00,6.375290456431535,3088,305,731
17885,12,1,190.19,0,Potential Loyalists,0,2011-11-27 14:40:00,2011-11-27 14:40:00,2.97171875,167,50,0
17886,32,6,1608.38,0,Potential Loyalists,0,2010-04-29 11:10:00,2011-11-08 10:09:00,9.190742857142858,725,138,557
17887,129,1,111.35,0,Potential Loyalists,0,2011-08-02 17:29:00,2011-08-02 17:29:00,11.135,30,10,0
17888,21,25,1820.44,3,Loyal Customers,0,2009-12-21 16:34:00,2011-11-18 13:45:00,11.168343558282208,1544,145,696
17889,212,7,774.87,0,Potential Loyalists,1,2010-03-31 10:54:00,2011-05-11 16:26:00,6.351393442622951,417,97,406
17890,323,2,602.09,1,At Risk,1,2010-12-13 15:12:00,2011-01-21 11:19:00,6.405212765957447,416,88,38
17891,162,1,203.86,0,Potential Loyalists,0,2011-06-30 20:08:00,2011-06-30 20:08:00,5.995882352941176,393,34,0
17892,56,3,244.1,0,Potential Loyalists,0,2011-07-07 12:56:00,2011-10-14 16:49:00,8.717857142857143,109,27,99
17893,225,1,112.25,0,Potential Loyalists,1,2011-04-28 13:50:00,2011-04-28 13:50:00,7.015625,161,15,0
17894,72,18,2453.38,3,Loyal Customers,0,2010-08-27 14:13:00,2011-09-29 09:23:00,5.813696682464455,1020,215,397
17895,44,1,98.0,0,Potential Loyalists,0,2011-10-26 17:00:00,2011-10-26 17:00:00,6.125,130,15,0
17896,23,1,256.32,0,Potential Loyalists,0,2011-11-16 13:59:00,2011-11-16 13:59:00,128.16,288,2,0
17897,173,9,2585.0,0,Potential Loyalists,0,2010-05-12 16:03:00,2011-06-20 11:23:00,7.471098265895954,1043,211,403
17898,85,4,299.18,0,Potential Loyalists,0,2010-05-21 17:22:00,2011-09-15 14:56:00,5.9836,251,48,481
17899,159,1,155.8,0,Potential Loyalists,0,2011-07-03 14:58:00,2011-07-03 14:58:00,4.86875,171,29,0
17900,190,2,112.2,0,Potential Loyalists,1,2011-06-02 14:28:00,2011-06-02 14:38:00,18.7,73,4,0
17901,29,3,260.08,0,Potential Loyalists,0,2010-07-06 10:54:00,2011-11-10 17:29:00,11.82181818181818,38,22,492
17902,547,1,216.4,1,At Risk,1,2010-06-11 12:25:00,2010-06-11 12:25:00,9.016666666666667,526,24,0
17903,394,1,381.09,1,At Risk,1,2010-11-10 15:39:00,2010-11-10 15:39:00,8.468666666666667,142,44,0
17904,21,1,191.67,0,Potential Loyalists,0,2011-11-18 12:57:00,2011-11-18 12:57:00,5.043947368421053,63,33,0
17905,71,13,2383.52,3,Loyal Customers,0,2010-01-28 17:54:00,2011-09-29 17:33:00,13.938713450292397,1373,129,608
17906,247,1,72.9,0,Potential Loyalists,1,2011-04-06 17:25:00,2011-04-06 17:25:00,6.075,26,12,0
17907,641,1,291.76,1,At Risk,1,2010-03-09 12:33:00,2010-03-09 12:33:00,22.443076923076923,1046,13,0
17908,374,5,1411.54,1,At Risk,1,2009-12-14 12:24:00,2010-12-01 11:45:00,5.095812274368231,856,178,351
17909,737,1,132.55,1,At Risk,1,2009-12-02 13:10:00,2009-12-02 13:10:00,14.72777777777778,41,8,0
17910,726,1,261.7,1,At Risk,1,2009-12-13 16:04:00,2009-12-13 16:04:00,10.065384615384614,121,25,0
17911,9,1,366.23,0,Potential Loyalists,0,2011-11-30 14:52:00,2011-11-30 14:52:00,9.390512820512821,223,39,0
17912,310,6,375.5,1,At Risk,1,2010-11-29 13:53:00,2011-02-02 14:25:00,7.221153846153846,216,48,65
17913,59,14,3479.64,3,Loyal Customers,0,2009-12-03 13:02:00,2011-10-12 10:45:00,7.310168067226891,1745,224,677
17914,4,1,336.43,0,Potential Loyalists,0,2011-12-06 11:58:00,2011-12-06 11:58:00,4.205375,473,72,0
17915,551,1,242.13,1,At Risk,1,2010-06-06 13:22:00,2010-06-06 13:22:00,6.918,191,27,0
17916,629,2,43.87,1,At Risk,1,2009-12-06 14:10:00,2010-03-21 12:26:00,2.3089473684210526,90,15,104
17917,45,3,341.28,0,Potential Loyalists,0,2010-12-12 12:08:00,2011-10-25 13:20:00,3.63063829787234,187,77,317
17918,501,3,396.39,1,At Risk,1,2010-07-22 14:20:00,2010-07-27 11:51:00,9.909749999999999,352,34,4
17919,88,2,1840.32,0,Potential Loyalists,0,2010-09-27 10:40:00,2011-09-12 13:41:00,46.008,1452,37,350
17920,4,46,24516.46,2,Champions,0,2009-12-06 10:37:00,2011-12-05 14:29:00,13.59759290072102,12666,715,729
17921,64,10,2423.5,0,Potential Loyalists,0,2010-07-15 20:05:00,2011-10-06 18:56:00,6.585597826086956,1002,230,447
17922,543,1,170.4,1,At Risk,1,2010-06-14 16:32:00,2010-06-14 16:32:00,21.3,49,8,0
17923,282,3,497.0,1,At Risk,1,2010-06-13 13:58:00,2011-03-02 15:15:00,165.66666666666666,140,2,262
17924,12,8,3536.7000000000003,0,Potential Loyalists,0,2010-10-21 12:17:00,2011-11-28 09:11:00,101.04857142857144,1268,27,402
17925,373,1,488.16,1,At Risk,1,2010-12-02 10:10:00,2010-12-02 10:10:00,244.08,144,1,0
17926,133,5,1035.49,0,Potential Loyalists,0,2010-05-09 14:07:00,2011-07-29 14:39:00,23.533863636363638,572,27,446
17927,722,1,294.0,1,At Risk,1,2009-12-18 11:03:00,2009-12-18 11:03:00,29.4,108,10,0
17928,45,3,341.24,0,Potential Loyalists,0,2010-05-17 15:30:00,2011-10-25 13:52:00,12.638518518518518,222,27,525
17929,11,12,3082.1,3,Loyal Customers,0,2009-12-09 11:40:00,2011-11-28 16:01:00,205.47333333333333,434,6,719
17930,36,13,4275.22,3,Loyal Customers,0,2010-03-04 10:41:00,2011-11-04 10:23:00,49.140459770114944,3795,39,609
17931,134,14,3437.29,3,Loyal Customers,0,2010-02-16 15:47:00,2011-07-28 18:33:00,9.628263305322129,1937,274,527
17932,29,3,1331.57,0,Potential Loyalists,0,2011-05-12 13:58:00,2011-11-10 19:49:00,14.795222222222222,789,84,182
17933,632,1,114.69,1,At Risk,1,2010-03-17 15:11:00,2010-03-17 15:11:00,8.192142857142857,63,12,0
17934,52,3,1049.15,0,Potential Loyalists,0,2010-10-29 12:23:00,2011-10-19 11:16:00,25.589024390243903,628,36,354
17935,138,7,686.14,0,Potential Loyalists,0,2009-12-04 14:33:00,2011-07-24 13:18:00,10.7209375,244,60,596
17936,5,1,389.84,0,Potential Loyalists,0,2011-12-04 13:32:00,2011-12-04 13:32:00,5.062857142857142,262,68,0
17937,9,7,4301.22,0,Potential Loyalists,0,2010-12-12 14:43:00,2011-12-01 11:45:00,100.02837209302326,1754,19,353
17938,420,1,144.29,1,At Risk,1,2010-10-15 14:27:00,2010-10-15 14:27:00,4.97551724137931,53,29,0
17939,160,1,99.14,0,Potential Loyalists,0,2011-07-03 12:27:00,2011-07-03 12:27:00,8.261666666666667,40,12,0
17940,49,16,29730.420199999626,2,Champions,0,2009-12-03 12:31:00,2011-10-21 13:27:00,844.2552777777778,85580,11,687
17941,131,4,1433.28,0,Potential Loyalists,0,2010-01-06 15:37:00,2011-08-01 08:30:00,204.75428571428571,1108,5,571
17942,8,1,77.50000000000001,0,Potential Loyalists,0,2011-12-02 10:45:00,2011-12-02 10:45:00,38.75000000000001,38,2,0
17944,423,1,75.41,1,At Risk,1,2010-10-12 16:25:00,2010-10-12 16:25:00,2.900384615384615,85,24,0
17945,697,3,360.35,1,At Risk,1,2010-01-12 11:33:00,2010-01-12 11:40:00,5.004861111111111,244,66,0
17946,233,2,149.57999999999998,0,Potential Loyalists,1,2011-03-25 14:34:00,2011-04-20 17:00:00,7.478999999999999,75,18,26
17947,37,1,176.68,0,Potential Loyalists,0,2011-11-02 13:05:00,2011-11-02 13:05:00,19.63111111111111,168,9,0
17948,147,1,358.56000000000006,0,Potential Loyalists,0,2011-07-15 12:58:00,2011-07-15 12:58:00,358.56000000000006,144,1,0
17949,1,46,29730.420199999626,2,Champions,0,2009-12-02 11:07:00,2011-12-08 18:46:00,755.5928662420382,60658,58,736
17950,72,7,1432.81,0,Potential Loyalists,0,2010-01-04 17:39:00,2011-09-28 15:18:00,6.955388349514563,847,133,631
17951,40,4,1636.0800000000002,0,Potential Loyalists,0,2010-10-31 15:15:00,2011-10-31 12:30:00,49.578181818181825,898,24,364
17952,378,4,819.61,1,At Risk,1,2010-06-16 11:54:00,2010-11-26 13:54:00,7.880865384615385,504,85,163
17953,540,1,160.82,1,At Risk,1,2010-06-17 15:08:00,2010-06-17 15:08:00,7.658095238095238,99,20,0
17954,5,19,3966.05,3,Loyal Customers,0,2009-12-09 13:22:00,2011-12-04 14:15:00,5.144033722438392,3265,479,725
17955,199,6,949.9,0,Potential Loyalists,1,2010-02-12 16:27:00,2011-05-25 12:00:00,43.17727272727273,681,16,466
17956,249,1,12.75,0,Potential Loyalists,1,2011-04-04 13:47:00,2011-04-04 13:47:00,12.75,1,1,0
17957,66,1,111.68,0,Potential Loyalists,0,2011-10-04 14:58:00,2011-10-04 14:58:00,3.6025806451612907,287,31,0
17958,117,2,973.88,0,Potential Loyalists,0,2009-12-11 15:37:00,2011-08-15 12:19:00,27.052222222222223,284,35,611
17959,592,1,140.75,1,At Risk,1,2010-04-26 14:12:00,2010-04-26 14:12:00,70.375,49,2,0
17960,171,3,135.08,0,Potential Loyalists,0,2010-03-08 12:22:00,2011-06-21 14:15:00,3.6508108108108113,60,37,470
17961,21,46,2995.54,3,Loyal Customers,0,2009-12-01 14:48:00,2011-11-18 16:55:00,4.53869696969697,1537,486,717
17962,142,4,687.42,0,Potential Loyalists,0,2010-01-13 15:24:00,2011-07-20 14:16:00,3.4370999999999996,651,146,552
17963,471,4,651.51,1,At Risk,1,2010-01-19 17:25:00,2010-08-25 15:58:00,5.817053571428572,344,98,217
17964,32,2,733.46,0,Potential Loyalists,0,2010-12-02 13:32:00,2011-11-08 10:44:00,5.276690647482015,496,84,340
17965,38,29,7240.98,3,Loyal Customers,0,2009-12-14 13:19:00,2011-11-02 09:31:00,8.46898245614035,4525,588,687
17966,38,10,1974.42,0,Potential Loyalists,0,2010-01-18 13:24:00,2011-11-02 10:26:00,17.31947368421053,3943,82,652
17967,372,2,357.29,1,At Risk,1,2010-10-19 13:19:00,2010-12-03 11:19:00,3.1068695652173917,198,59,44
17968,374,4,888.04,1,At Risk,1,2010-07-15 15:01:00,2010-12-01 12:23:00,4.036545454545454,525,106,138
17969,166,20,2369.94,3,Loyal Customers,0,2009-12-06 13:53:00,2011-06-26 13:00:00,11.448985507246377,1017,113,566
17970,211,1,582.59,0,Potential Loyalists,1,2011-05-12 20:03:00,2011-05-12 20:03:00,18.793225806451613,525,27,0
17971,548,1,161.94,1,At Risk,1,2010-06-09 14:04:00,2010-06-09 14:04:00,7.711428571428572,62,21,0
17972,242,1,136.04,0,Potential Loyalists,1,2011-04-12 12:16:00,2011-04-12 12:16:00,4.388387096774193,37,30,0
17973,52,1,337.04,0,Potential Loyalists,0,2011-10-19 10:34:00,2011-10-19 10:34:00,22.469333333333335,176,15,0
17974,25,6,1858.06,0,Potential Loyalists,0,2010-10-28 20:03:00,2011-11-15 11:37:00,4.610570719602977,1243,279,382
17975,15,24,7028.83,3,Loyal Customers,0,2010-08-06 11:24:00,2011-11-24 13:27:00,14.673966597077245,2271,243,475
17976,372,1,706.38,1,At Risk,1,2010-12-02 13:49:00,2010-12-02 13:49:00,5.433692307692308,212,56,0
17977,29,2,1565.63,0,Potential Loyalists,0,2010-11-04 14:26:00,2011-11-10 13:28:00,14.496574074074076,2062,94,370
17978,365,4,1461.76,1,At Risk,1,2009-12-08 13:27:00,2010-12-09 14:05:00,18.272,1797,62,366
17979,36,4,757.71,0,Potential Loyalists,0,2011-03-25 11:34:00,2011-11-04 12:05:00,5.189794520547945,397,116,224
17980,166,4,1033.42,0,Potential Loyalists,0,2010-11-11 14:42:00,2011-06-27 12:01:00,15.657878787878788,782,41,227
17981,411,1,239.12,1,At Risk,1,2010-10-25 10:40:00,2010-10-25 10:40:00,14.065882352941177,260,17,0
17982,681,1,138.18,1,At Risk,1,2010-01-28 09:38:00,2010-01-28 09:38:00,10.62923076923077,117,13,0
17983,395,1,171.71,1,At Risk,1,2010-11-09 13:23:00,2010-11-09 13:24:00,7.154583333333334,108,23,0
17984,145,5,1191.27,0,Potential Loyalists,0,2009-12-01 11:51:00,2011-07-17 15:59:00,4.74609561752988,973,209,593
17985,22,1,634.95,0,Potential Loyalists,0,2011-11-17 14:24:00,2011-11-17 14:24:00,27.606521739130436,183,20,0
17986,56,1,20.8,0,Potential Loyalists,0,2011-10-14 14:22:00,2011-10-14 14:22:00,20.8,10,1,0
17987,185,5,1003.64,0,Potential Loyalists,1,2010-06-07 11:23:00,2011-06-07 14:22:00,5.638426966292135,1015,139,365
17988,12,14,489.54,3,Loyal Customers,0,2009-12-07 13:35:00,2011-11-28 11:00:00,3.98,186,115,720
17989,379,1,228.83,1,At Risk,1,2010-11-25 13:49:00,2010-11-25 13:49:00,6.730294117647059,329,26,0
17990,237,6,1527.61,0,Potential Loyalists,1,2009-12-07 15:19:00,2011-04-17 11:44:00,26.800175438596494,777,40,495
17991,225,3,320.55,0,Potential Loyalists,1,2010-04-27 12:46:00,2011-04-28 15:58:00,8.01375,100,37,366
17992,389,1,254.13,1,At Risk,1,2010-11-15 13:04:00,2010-11-15 13:04:00,4.794905660377358,131,49,0
17993,617,1,235.19,1,At Risk,1,2010-04-01 14:23:00,2010-04-01 14:23:00,3.67484375,112,60,0
17994,122,11,2313.32,0,Potential Loyalists,0,2010-03-29 10:37:00,2011-08-10 11:41:00,7.367261146496816,2194,227,499
17995,282,3,495.48,1,At Risk,1,2010-11-17 17:01:00,2011-03-03 12:30:00,17.08551724137931,263,28,105
17996,380,3,482.33,1,At Risk,1,2010-06-11 11:48:00,2010-11-25 11:00:00,7.1989552238805965,587,63,166
17997,74,8,1970.67,0,Potential Loyalists,0,2011-06-28 17:28:00,2011-09-26 16:13:00,11.871506024096385,2298,133,89
17998,380,3,639.24,1,At Risk,1,2009-12-01 13:07:00,2010-11-24 15:31:00,11.021379310344829,561,57,358
17999,37,3,730.9,0,Potential Loyalists,0,2010-11-26 13:16:00,2011-11-02 15:56:00,4.152840909090909,395,125,341
18000,564,1,124.25,1,At Risk,1,2010-05-24 17:34:00,2010-05-24 17:34:00,20.708333333333332,109,6,0
18001,12,6,953.84,0,Potential Loyalists,0,2009-12-02 15:38:00,2011-11-27 16:02:00,6.813142857142857,893,120,725
18002,376,4,249.92,1,At Risk,1,2009-12-08 11:07:00,2010-11-29 10:57:00,4.628148148148148,72,52,355
18003,376,1,358.61,1,At Risk,1,2010-11-28 15:09:00,2010-11-28 15:09:00,14.3444,299,23,0
18004,362,1,169.47,1,At Risk,1,2010-12-12 13:47:00,2010-12-12 13:47:00,4.23675,78,32,0
18005,4,2,249.72,0,Potential Loyalists,0,2011-10-23 14:40:00,2011-12-06 11:51:00,4.162,93,52,43
18006,23,4,997.86,0,Potential Loyalists,0,2009-12-17 12:27:00,2011-11-16 16:52:00,15.351692307692307,403,57,699
18007,393,1,220.32,1,At Risk,1,2010-11-12 11:08:00,2010-11-12 11:08:00,4.32,252,46,0
18008,70,23,19787.13,2,Champions,0,2010-01-06 12:35:00,2011-09-30 15:17:00,193.9914705882353,7830,77,632
18009,235,8,2155.83,0,Potential Loyalists,1,2010-02-25 11:49:00,2011-04-18 13:36:00,11.910662983425414,653,145,417
18010,257,1,174.8,0,Potential Loyalists,1,2011-03-28 12:27:00,2011-03-28 12:27:00,12.485714285714286,60,14,0
18011,373,2,527.03,1,At Risk,1,2010-05-21 13:28:00,2010-12-01 17:35:00,5.666989247311828,198,63,194
18012,723,1,115.3,1,At Risk,1,2009-12-16 13:16:00,2009-12-16 13:16:00,8.86923076923077,63,13,0
18013,155,2,187.29,0,Potential Loyalists,0,2011-07-07 14:08:00,2011-07-07 14:11:00,6.041612903225806,285,31,0
18014,28,1,166.42,0,Potential Loyalists,0,2011-11-11 15:28:00,2011-11-11 15:28:00,5.200625,68,29,0
18015,4,1,120.03,0,Potential Loyalists,0,2011-12-05 14:49:00,2011-12-05 14:49:00,2.6093478260869567,157,46,0
18016,32,7,1960.46,0,Potential Loyalists,0,2010-01-27 16:00:00,2011-11-07 13:25:00,11.532117647058824,1209,115,648
18017,81,4,688.0,0,Potential Loyalists,0,2010-10-04 15:11:00,2011-09-19 16:15:00,172.0,400,1,350
18018,108,4,297.99,0,Potential Loyalists,0,2010-10-15 11:05:00,2011-08-23 17:37:00,6.7725,186,43,312
18019,52,1,38.45,0,Potential Loyalists,0,2011-10-19 12:10:00,2011-10-19 12:10:00,7.69,7,5,0
18020,544,1,190.48,1,At Risk,1,2010-06-14 12:31:00,2010-06-14 12:31:00,15.873333333333335,67,12,0
18021,510,2,227.06,1,At Risk,1,2010-07-15 18:47:00,2010-07-18 10:52:00,6.880606060606061,169,32,2
18022,36,5,1651.79,0,Potential Loyalists,0,2010-06-11 13:59:00,2011-11-04 12:45:00,3.3302217741935483,1390,306,510
18024,153,2,389.78,0,Potential Loyalists,0,2011-07-10 12:28:00,2011-07-10 12:40:00,18.56095238095238,184,21,0
18025,380,6,1177.72,1,At Risk,1,2010-03-30 17:33:00,2010-11-25 12:37:00,10.515357142857143,1053,83,239
18026,501,2,2074.07,1,At Risk,1,2010-07-22 16:21:00,2010-07-27 10:37:00,122.00411764705883,530,12,4
18027,99,1,115.31,0,Potential Loyalists,0,2011-09-02 10:38:00,2011-09-02 10:38:00,5.490952380952381,78,21,0
18028,583,1,192.05,1,At Risk,1,2010-05-05 13:28:00,2010-05-05 13:28:00,48.0125,133,4,0
18029,642,1,433.77,1,At Risk,1,2010-03-07 15:30:00,2010-03-07 15:30:00,24.098333333333333,253,18,0
18030,4,2,230.65,0,Potential Loyalists,0,2011-10-28 13:55:00,2011-12-05 16:37:00,25.627777777777776,67,8,38
18031,379,1,462.1,1,At Risk,1,2010-11-26 11:00:00,2010-11-26 11:00:00,7.10923076923077,300,49,0
18032,334,1,73.5,1,At Risk,1,2011-01-09 15:32:00,2011-01-09 15:32:00,14.7,42,5,0
18033,65,1,97.97,0,Potential Loyalists,0,2011-10-05 17:28:00,2011-10-05 17:28:00,2.881470588235294,253,32,0
18034,22,3,793.7,0,Potential Loyalists,0,2010-11-29 12:36:00,2011-11-18 12:22:00,3.5275555555555558,992,182,353
18035,36,5,1276.74,0,Potential Loyalists,0,2010-11-19 13:42:00,2011-11-04 12:39:00,20.93016393442623,1161,52,349
18036,32,11,1563.64,0,Potential Loyalists,0,2009-12-18 12:04:00,2011-11-07 14:40:00,4.709759036144579,748,221,689
18037,154,15,167.42,3,Loyal Customers,0,2009-12-01 13:48:00,2011-07-08 13:39:00,5.073333333333333,37,31,583
18038,556,1,149.41,1,At Risk,1,2010-06-01 15:59:00,2010-06-01 15:59:00,4.6690625,85,25,0
18039,374,4,579.17,1,At Risk,1,2010-03-09 11:19:00,2010-11-30 13:07:00,3.4474404761904758,570,137,266
18040,19,2,357.20000000000005,0,Potential Loyalists,0,2011-04-08 08:27:00,2011-11-20 14:20:00,18.8,148,18,226
18041,12,38,8752.38,2,Champions,0,2010-01-14 10:04:00,2011-11-28 11:39:00,9.1170625,7859,464,683
18042,54,2,281.15,0,Potential Loyalists,0,2010-06-16 10:53:00,2011-10-17 11:49:00,17.571875,69,13,488
18043,25,3,875.97,0,Potential Loyalists,0,2010-12-08 12:35:00,2011-11-15 12:48:00,4.684331550802139,454,106,342
18044,4,18,3505.61,3,Loyal Customers,0,2010-05-28 15:31:00,2011-12-05 14:26:00,17.52805,1598,128,555
18045,45,1,189.4,0,Potential Loyalists,0,2011-10-25 13:07:00,2011-10-25 13:07:00,4.029787234042553,142,43,0
18046,650,1,189.63,1,At Risk,1,2010-02-28 11:36:00,2010-02-28 11:36:00,7.293461538461538,44,26,0
18047,381,2,342.69,1,At Risk,1,2010-11-23 12:57:00,2010-11-23 13:11:00,3.8942045454545453,138,74,0
18048,203,3,401.73,0,Potential Loyalists,1,2010-08-03 13:03:00,2011-05-20 14:58:00,6.585737704918033,258,56,290
18049,437,2,556.52,1,At Risk,1,2010-04-28 13:24:00,2010-09-28 14:26:00,5.858105263157895,425,82,153
18050,359,2,412.06,1,At Risk,1,2010-11-11 15:51:00,2010-12-15 14:25:00,17.915652173913042,250,22,33
18051,634,7,2282.28,1,At Risk,1,2009-12-09 12:17:00,2010-03-15 13:58:00,41.496,1661,41,96
18052,565,1,10877.18,1,At Risk,1,2010-05-24 11:11:00,2010-05-24 11:11:00,679.82375,17766,16,0
18053,71,3,571.07,0,Potential Loyalists,0,2010-06-30 12:36:00,2011-09-30 09:05:00,17.8459375,409,29,456
18054,393,1,176.5,1,At Risk,1,2010-11-12 08:18:00,2010-11-12 08:18:00,16.045454545454547,96,11,0
18055,7,14,11195.57,3,Loyal Customers,0,2010-10-22 13:27:00,2011-12-02 14:25:00,19.170496575342465,3839,320,406
18056,288,2,554.6,1,At Risk,1,2010-03-31 12:29:00,2011-02-24 14:27:00,18.486666666666668,334,28,330
18057,393,3,1203.56,1,At Risk,1,2010-01-18 12:42:00,2010-11-11 16:55:00,8.596857142857143,978,121,297
18058,10,3,774.06,0,Potential Loyalists,0,2010-02-10 09:38:00,2011-11-30 08:38:00,48.37875,394,12,657
18059,23,3,306.46,0,Potential Loyalists,0,2011-10-03 09:30:00,2011-11-16 16:49:00,17.025555555555556,258,17,44
18060,408,2,1185.46,1,At Risk,1,2010-05-24 08:34:00,2010-10-27 16:41:00,15.806133333333333,902,74,156
18061,22,28,6488.97,3,Loyal Customers,0,2009-12-04 11:36:00,2011-11-18 11:20:00,50.695078125,3607,30,713
18062,173,6,1632.67,0,Potential Loyalists,0,2010-04-21 08:55:00,2011-06-19 14:47:00,30.23462962962963,831,46,424
18063,391,2,186.6,1,At Risk,1,2010-03-16 13:05:00,2010-11-14 10:46:00,62.20000000000001,48,2,242
18064,133,11,4495.03,3,Loyal Customers,0,2010-02-01 15:01:00,2011-07-29 16:39:00,69.15430769230768,2709,53,543
18065,6,29,5866.63,3,Loyal Customers,0,2009-12-09 16:00:00,2011-12-04 10:30:00,18.924612903225807,2265,193,724
18066,75,3,1440.4,0,Potential Loyalists,0,2010-10-20 11:42:00,2011-09-25 15:30:00,27.17735849056604,535,37,340
18067,40,1,396.33,0,Potential Loyalists,0,2011-10-30 15:58:00,2011-10-30 15:58:00,10.711621621621621,189,36,0
18068,289,1,101.7,1,At Risk,1,2011-02-23 14:50:00,2011-02-23 14:50:00,101.7,6,1,0
18069,26,11,4540.56,3,Loyal Customers,0,2010-02-28 16:14:00,2011-11-13 16:03:00,4.549659318637275,3227,602,622
18070,669,1,314.1,1,At Risk,1,2010-02-08 13:28:00,2010-02-08 13:28:00,34.900000000000006,86,9,0
18071,258,6,1428.63,0,Potential Loyalists,1,2009-12-05 10:31:00,2011-03-27 11:59:00,16.807411764705883,835,52,477
18072,186,1,247.44,0,Potential Loyalists,1,2011-06-07 10:44:00,2011-06-07 10:44:00,13.746666666666666,288,18,0
18073,114,12,3877.52,3,Loyal Customers,0,2011-05-26 19:38:00,2011-08-17 14:02:00,53.11671232876713,3108,23,82
18074,374,2,1509.04,1,At Risk,1,2010-07-22 10:31:00,2010-12-01 09:53:00,26.947142857142858,551,37,131
18075,23,20,5783.29,3,Loyal Customers,0,2010-07-29 11:47:00,2011-11-16 15:21:00,17.904922600619194,3281,180,475
18076,380,1,151.49,1,At Risk,1,2010-11-24 14:02:00,2010-11-24 14:02:00,18.93625,164,8,0
18077,8,18,4338.56,3,Loyal Customers,0,2009-12-07 11:40:00,2011-12-01 13:32:00,11.508116710875333,3233,141,724
18078,217,4,844.6,0,Potential Loyalists,1,2010-03-21 15:50:00,2011-05-06 14:32:00,10.96883116883117,431,65,410
18079,45,5,4242.75,0,Potential Loyalists,0,2010-08-05 12:19:00,2011-10-25 15:27:00,30.305357142857144,8815,107,446
18080,19,2,1231.5,0,Potential Loyalists,0,2011-04-11 10:10:00,2011-11-21 08:02:00,615.75,642,2,223
18081,36,3,343.45,0,Potential Loyalists,0,2011-07-29 11:56:00,2011-11-03 16:30:00,20.20294117647059,195,14,97
18082,26,1,703.37,0,Potential Loyalists,0,2011-11-14 12:45:00,2011-11-14 12:45:00,9.635205479452054,621,62,0
18083,398,1,470.73,1,At Risk,1,2010-11-07 11:44:00,2010-11-07 11:44:00,11.207857142857144,270,36,0
18084,16,3,812.93,0,Potential Loyalists,0,2010-11-16 08:09:00,2011-11-23 13:57:00,101.61625000000001,761,7,372
18085,330,4,1645.75,1,At Risk,1,2010-03-21 11:57:00,2011-01-13 15:17:00,23.179577464788732,585,42,298
18086,274,1,101.34,1,At Risk,1,2011-03-10 13:34:00,2011-03-10 13:34:00,14.477142857142857,106,7,0
18087,98,17,14761.52,3,Loyal Customers,0,2009-12-01 09:43:00,2011-09-02 15:12:00,167.74454545454546,7775,44,640
18088,61,1,167.67000000000002,0,Potential Loyalists,0,2011-10-09 13:41:00,2011-10-09 13:41:00,4.299230769230769,109,35,0
18089,447,1,428.45,1,At Risk,1,2010-09-19 11:57:00,2010-09-19 11:57:00,42.845,95,9,0
18090,422,1,349.4,1,At Risk,1,2010-10-14 12:32:00,2010-10-14 12:32:00,5.823333333333333,321,47,0
18091,593,1,360.85,1,At Risk,1,2010-04-25 13:18:00,2010-04-25 13:18:00,14.434000000000001,539,25,0
18092,2,18,16179.44,2,Champions,0,2009-12-04 12:37:00,2011-12-07 13:14:00,107.86293333333333,8830,42,733
18093,93,8,4452.71,0,Potential Loyalists,0,2010-03-31 10:27:00,2011-09-07 15:43:00,72.99524590163935,3429,43,525
18094,82,13,6391.52,3,Loyal Customers,0,2010-01-07 11:16:00,2011-09-19 09:28:00,50.72634920634921,4164,55,619
18095,313,5,2303.09,1,At Risk,1,2010-04-19 14:09:00,2011-01-31 12:50:00,47.98104166666667,1623,37,286
18096,12,6,1805.28,0,Potential Loyalists,0,2010-07-14 14:30:00,2011-11-28 12:44:00,4.121643835616438,1483,299,501
18097,8,11,4663.32,3,Loyal Customers,0,2009-12-17 11:06:00,2011-12-02 11:16:00,29.514683544303796,2740,86,715
18098,396,1,550.84,1,At Risk,1,2010-11-08 16:31:00,2010-11-08 16:31:00,6.259545454545455,217,85,0
18099,127,1,168.31,0,Potential Loyalists,0,2011-08-04 15:52:00,2011-08-04 15:52:00,8.858421052631579,149,19,0
18100,550,1,451.56,1,At Risk,1,2010-06-07 14:19:00,2010-06-07 14:19:00,15.052,440,30,0
18101,11,5,629.16,0,Potential Loyalists,0,2010-02-03 13:52:00,2011-11-28 13:37:00,5.6175,250,89,662
18102,1,46,29730.420199999626,2,Champions,0,2009-12-01 09:24:00,2011-12-09 11:50:00,575.4457939508507,188340,382,738
18103,549,1,105.8,1,At Risk,1,2010-06-08 13:36:00,2010-06-08 13:36:00,10.58,23,10,0
18104,37,1,754.64,0,Potential Loyalists,0,2011-11-02 14:07:00,2011-11-02 14:07:00,19.858947368421052,362,38,0
18105,38,1,113.48000000000002,0,Potential Loyalists,0,2011-11-02 12:04:00,2011-11-02 12:04:00,6.304444444444446,46,18,0
18106,330,6,1461.46,1,At Risk,1,2010-01-15 11:36:00,2011-01-14 12:23:00,7.456428571428572,512,126,364
18107,442,1,167.13,1,At Risk,1,2010-09-23 13:03:00,2010-09-23 13:03:00,4.285384615384615,66,38,0
18108,254,3,848.8100000000001,0,Potential Loyalists,1,2009-12-02 12:47:00,2011-03-30 13:56:00,18.059787234042556,261,43,483
18109,2,38,9893.96,2,Champions,0,2010-07-01 12:13:00,2011-12-08 11:36:00,14.72315476190476,4885,203,524
18110,20,2,435.43,0,Potential Loyalists,0,2010-10-24 14:21:00,2011-11-20 12:34:00,5.183690476190476,186,58,391
18111,589,1,405.85,1,At Risk,1,2010-04-29 12:58:00,2010-04-29 12:58:00,15.031481481481482,232,27,0
18112,12,4,775.96,0,Potential Loyalists,0,2010-06-06 12:40:00,2011-11-27 14:43:00,12.316825396825397,447,59,539
18113,369,1,152.64,1,At Risk,1,2010-12-06 12:31:00,2010-12-06 12:31:00,76.32000000000001,144,1,0
18114,290,1,220.1,1,At Risk,1,2011-02-22 13:20:00,2011-02-22 13:20:00,7.860714285714286,55,28,0
18115,698,1,9.7,1,At Risk,1,2010-01-11 11:57:00,2010-01-11 11:57:00,3.233333333333334,3,3,0
18116,68,13,2154.3,3,Loyal Customers,0,2010-10-24 15:29:00,2011-10-03 11:00:00,3.7531358885017423,1281,311,343
18117,26,1,320.72,0,Potential Loyalists,0,2011-11-14 12:47:00,2011-11-14 12:47:00,4.334054054054054,618,68,0
18118,11,29,6733.22,3,Loyal Customers,0,2010-11-23 13:36:00,2011-11-29 11:32:00,4.29962962962963,3417,444,370
18119,368,1,362.24,1,At Risk,1,2010-12-07 11:59:00,2010-12-07 11:59:00,6.037333333333334,250,29,0
18120,214,1,111.15,0,Potential Loyalists,1,2011-05-09 13:45:00,2011-05-09 13:45:00,6.538235294117648,31,17,0
18121,149,2,673.1,0,Potential Loyalists,0,2011-07-08 12:14:00,2011-07-13 12:53:00,21.034375,450,28,5
18122,8,6,1826.21,0,Potential Loyalists,0,2011-07-12 11:37:00,2011-12-01 13:08:00,5.0170604395604395,1234,239,142
18123,24,3,684.59,0,Potential Loyalists,0,2010-07-14 12:47:00,2011-11-15 14:23:00,11.603220338983052,629,53,489
18124,472,1,111.53,1,At Risk,1,2010-08-24 17:21:00,2010-08-24 17:21:00,4.647083333333334,51,20,0
18125,30,4,1142.99,0,Potential Loyalists,0,2011-01-27 15:02:00,2011-11-10 12:29:00,5.831581632653061,804,164,286
18126,61,1,206.83,0,Potential Loyalists,0,2011-10-10 12:19:00,2011-10-10 12:19:00,3.6933928571428574,144,52,0
18127,19,4,561.53,0,Potential Loyalists,0,2010-11-01 13:56:00,2011-11-20 14:05:00,8.138115942028985,252,56,384
18128,537,1,420.04,1,At Risk,1,2010-06-20 13:19:00,2010-06-20 13:19:00,9.334222222222223,221,42,0
18129,243,1,112.55,0,Potential Loyalists,1,2011-04-10 14:16:00,2011-04-10 14:16:00,8.039285714285715,48,13,0
18130,15,3,1059.39,0,Potential Loyalists,0,2011-10-13 15:58:00,2011-11-24 14:40:00,15.134142857142859,824,58,41
18131,632,1,222.96,1,At Risk,1,2010-03-18 08:48:00,2010-03-18 08:48:00,55.739999999999995,552,4,0
18132,504,1,226.9,1,At Risk,1,2010-07-23 16:54:00,2010-07-23 16:54:00,3.437878787878788,216,60,0
18133,212,1,931.5,0,Potential Loyalists,1,2011-05-11 14:14:00,2011-05-11 14:14:00,931.5,1350,1,0
18134,598,2,445.0,1,At Risk,1,2010-01-14 11:59:00,2010-04-20 14:02:00,15.892857142857142,128,27,96
18135,29,10,1249.62,0,Potential Loyalists,0,2010-03-15 13:55:00,2011-11-10 19:32:00,33.773513513513514,753,23,605
18136,63,5,1631.36,0,Potential Loyalists,0,2010-09-14 15:50:00,2011-10-07 15:40:00,18.53818181818182,860,77,387
18137,551,2,145.99,1,At Risk,1,2010-06-06 13:45:00,2010-06-06 14:18:00,5.034137931034483,59,26,0
18138,295,1,152.65,1,At Risk,1,2011-02-17 14:51:00,2011-02-17 14:51:00,19.08125,38,8,0
18139,18,6,8438.34,3,Loyal Customers,0,2011-11-21 14:06:00,2011-11-22 10:44:00,53.07132075471698,5557,35,0
18140,474,1,536.41,1,At Risk,1,2010-08-23 11:58:00,2010-08-23 11:58:00,9.933518518518518,395,49,0
18141,402,2,882.47,1,At Risk,1,2010-04-29 15:32:00,2010-11-03 11:44:00,21.011190476190478,433,38,187
18142,157,2,1019.52,0,Potential Loyalists,0,2011-05-08 12:31:00,2011-07-05 13:19:00,67.968,1276,9,58
18143,117,2,1000.16,0,Potential Loyalists,0,2011-07-21 10:44:00,2011-08-15 12:07:00,16.396065573770493,570,59,25
18144,8,19,5058.0,3,Loyal Customers,0,2009-12-16 15:57:00,2011-12-02 12:46:00,58.13793103448276,2239,51,715
18145,13,11,5617.79,3,Loyal Customers,0,2009-12-08 12:30:00,2011-11-27 11:22:00,13.871086419753086,5107,250,718
18146,141,2,160.35000000000002,0,Potential Loyalists,0,2011-05-03 16:35:00,2011-07-22 12:08:00,16.035,153,10,79
18147,46,2,179.33999999999995,0,Potential Loyalists,0,2011-08-23 12:22:00,2011-10-25 11:46:00,25.62,203,7,62
18148,647,1,114.1,1,At Risk,1,2010-03-03 11:40:00,2010-03-03 11:40:00,10.372727272727273,64,9,0
18149,51,7,1624.71,0,Potential Loyalists,0,2010-03-14 12:41:00,2011-10-20 12:04:00,16.9240625,918,54,584
18150,32,3,566.58,0,Potential Loyalists,0,2011-05-22 10:47:00,2011-11-07 16:49:00,15.312972972972974,332,29,169
18151,135,6,1879.44,0,Potential Loyalists,0,2010-03-04 10:47:00,2011-07-28 11:35:00,17.730566037735848,986,99,511
18152,646,1,426.69,1,At Risk,1,2010-03-03 15:26:00,2010-03-03 15:26:00,42.669,75,10,0
18153,659,1,246.22,1,At Risk,1,2010-02-18 15:50:00,2010-02-18 15:50:00,14.483529411764707,200,17,0
18154,3,5,932.6,0,Potential Loyalists,0,2010-08-06 09:18:00,2011-12-06 16:41:00,19.842553191489362,626,34,487
18155,75,3,371.62,0,Potential Loyalists,0,2011-02-21 10:36:00,2011-09-25 13:32:00,14.8648,266,19,216
18156,13,2,941.17,0,Potential Loyalists,0,2010-12-05 12:29:00,2011-11-27 12:24:00,4.8265128205128205,374,100,356
18157,571,1,215.35,1,At Risk,1,2010-05-17 14:09:00,2010-05-17 14:09:00,8.282692307692308,146,25,0
18158,9,2,453.4,0,Potential Loyalists,0,2011-09-12 09:03:00,2011-11-30 16:19:00,13.335294117647058,354,24,79
18159,301,1,530.15,1,At Risk,1,2011-02-11 14:26:00,2011-02-11 14:26:00,23.05,139,23,0
18160,57,3,1003.88,0,Potential Loyalists,0,2010-11-18 16:33:00,2011-10-13 15:50:00,15.444307692307692,519,56,328
18161,15,6,1803.1,0,Potential Loyalists,0,2010-11-25 15:55:00,2011-11-24 16:40:00,19.388172043010755,965,57,364
18162,732,1,379.16,1,At Risk,1,2009-12-07 13:24:00,2009-12-07 13:24:00,8.06723404255319,335,45,0
18163,584,1,728.84,1,At Risk,1,2010-05-04 14:51:00,2010-05-04 14:51:00,22.086060606060606,452,33,0
18164,37,1,399.65,0,Potential Loyalists,0,2011-11-02 12:56:00,2011-11-02 12:56:00,16.652083333333334,184,24,0
18165,177,1,302.46000000000004,0,Potential Loyalists,0,2011-06-15 13:23:00,2011-06-15 13:23:00,30.246,254,10,0
18166,624,1,175.5,1,At Risk,1,2010-03-26 12:26:00,2010-03-26 12:26:00,17.55,90,10,0
18167,23,3,1384.86,0,Potential Loyalists,0,2011-08-26 11:40:00,2011-11-16 15:56:00,37.428648648648654,382,24,82
18168,176,16,3770.27,3,Loyal Customers,0,2009-12-03 17:29:00,2011-06-16 19:21:00,9.332351485148514,2177,209,560
18169,61,1,202.65,0,Potential Loyalists,0,2011-10-10 12:18:00,2011-10-10 12:18:00,22.516666666666666,61,9,0
18170,33,9,2878.0,0,Potential Loyalists,0,2010-01-08 14:10:00,2011-11-06 14:35:00,22.841269841269842,1184,59,667
18171,59,9,2437.31,0,Potential Loyalists,0,2010-01-05 10:46:00,2011-10-12 09:13:00,26.4925,991,76,644
18172,15,46,17479.84,2,Champions,0,2009-12-11 09:58:00,2011-11-25 11:12:00,36.722352941176474,7413,176,714
18173,87,5,2696.36,0,Potential Loyalists,0,2010-04-06 10:43:00,2011-09-14 11:26:00,59.919111111111114,1730,34,526
18174,7,2,162.5,0,Potential Loyalists,0,2010-04-15 12:17:00,2011-12-02 16:56:00,81.25,80,1,596
18175,676,1,176.1,1,At Risk,1,2010-02-02 10:25:00,2010-02-02 10:25:00,25.157142857142862,70,7,0
18176,358,1,476.35,1,At Risk,1,2010-12-16 15:45:00,2010-12-16 15:45:00,15.878333333333334,283,30,0
18177,31,9,2216.87,0,Potential Loyalists,0,2009-12-15 18:57:00,2011-11-08 14:44:00,22.168699999999998,1239,66,692
18178,129,11,6103.74,3,Loyal Customers,0,2010-02-18 14:25:00,2011-08-03 09:30:00,17.43925714285714,3850,204,530
18179,9,8,2547.55,0,Potential Loyalists,0,2010-02-14 15:51:00,2011-11-30 16:23:00,23.372018348623854,1811,101,654
18180,5,6,1843.75,0,Potential Loyalists,0,2011-07-20 08:59:00,2011-12-05 08:39:00,15.493697478991596,1721,108,137
18181,24,5,1205.94,0,Potential Loyalists,0,2009-12-04 15:30:00,2011-11-15 15:08:00,6.626043956043956,524,139,710
18182,463,1,291.13,1,At Risk,1,2010-09-02 14:25:00,2010-09-02 14:25:00,29.113,167,10,0
18183,227,2,632.07,0,Potential Loyalists,1,2011-03-10 10:08:00,2011-04-26 15:26:00,17.082972972972975,371,36,47
18184,15,1,49.8,0,Potential Loyalists,0,2011-11-24 15:28:00,2011-11-24 15:28:00,49.8,60,1,0
18185,249,1,304.25,0,Potential Loyalists,1,2011-04-04 13:42:00,2011-04-04 13:42:00,17.897058823529413,183,17,0
18186,723,1,329.58,1,At Risk,1,2009-12-17 10:22:00,2009-12-17 10:22:00,29.961818181818185,338,11,0
18187,632,1,724.89,1,At Risk,1,2010-03-18 09:49:00,2010-03-18 09:49:00,15.101875,310,48,0
18188,15,6,3280.59,0,Potential Loyalists,0,2010-03-26 11:37:00,2011-11-24 16:46:00,24.66609022556391,1888,95,608
18189,78,3,1403.73,0,Potential Loyalists,0,2010-03-24 09:57:00,2011-09-23 12:40:00,16.322441860465116,836,79,548
18190,192,5,745.62,0,Potential Loyalists,1,2009-12-22 12:05:00,2011-05-31 14:48:00,17.752857142857142,490,34,525
18191,262,2,529.4,0,Potential Loyalists,1,2010-08-19 17:42:00,2011-03-23 12:08:00,35.29333333333333,332,15,215
18192,72,1,957.97,0,Potential Loyalists,0,2011-09-29 09:53:00,2011-09-29 09:53:00,21.288222222222224,339,45,0
18193,165,3,1207.35,0,Potential Loyalists,0,2010-09-23 13:33:00,2011-06-27 13:58:00,17.247857142857146,926,66,277
18194,82,6,4162.04,0,Potential Loyalists,0,2010-01-28 15:30:00,2011-09-18 13:29:00,148.6442857142857,1774,23,597
18195,387,1,101.16,1,At Risk,1,2010-11-17 15:03:00,2010-11-17 15:03:00,20.232,60,5,0
18196,95,4,1464.31,0,Potential Loyalists,0,2010-03-17 14:55:00,2011-09-05 16:22:00,5.211067615658362,1047,210,537
18197,576,1,230.1,1,At Risk,1,2010-05-13 10:46:00,2010-05-13 10:46:00,25.566666666666666,166,9,0
18198,4,17,5425.56,3,Loyal Customers,0,2011-01-07 13:39:00,2011-12-05 14:49:00,34.12301886792453,4074,81,332
18199,684,1,344.75,1,At Risk,1,2010-01-25 11:32:00,2010-01-25 11:32:00,17.2375,99,20,0
18200,106,1,163.8,0,Potential Loyalists,0,2011-08-25 18:45:00,2011-08-25 18:45:00,5.11875,111,29,0
18201,723,1,447.53,1,At Risk,1,2009-12-17 08:55:00,2009-12-17 08:55:00,16.575185185185187,191,27,0
18202,200,3,1396.99,0,Potential Loyalists,1,2011-02-01 13:36:00,2011-05-24 12:12:00,20.543970588235293,581,55,111
18203,157,4,504.42,0,Potential Loyalists,0,2009-12-08 13:19:00,2011-07-05 13:07:00,8.407,113,40,573
18204,71,3,1993.7,0,Potential Loyalists,0,2011-05-31 15:26:00,2011-09-29 16:44:00,9.9685,1200,159,121
18205,36,2,517.36,0,Potential Loyalists,0,2011-09-26 12:02:00,2011-11-03 13:22:00,16.1675,192,30,38
18206,553,1,314.66,1,At Risk,1,2010-06-04 13:47:00,2010-06-04 13:47:00,16.561052631578946,246,19,0
18207,499,1,544.47,1,At Risk,1,2010-07-28 14:26:00,2010-07-28 14:26:00,17.563548387096777,325,31,0
18208,566,1,360.08,1,At Risk,1,2010-05-23 11:54:00,2010-05-23 11:54:00,21.181176470588234,82,17,0
18209,29,1,139.10000000000002,0,Potential Loyalists,0,2011-11-11 12:07:00,2011-11-11 12:07:00,17.387500000000003,58,8,0
18210,2,7,2768.83,0,Potential Loyalists,0,2010-11-22 09:39:00,2011-12-08 11:02:00,19.22798611111111,1499,116,381
18211,26,5,600.07,0,Potential Loyalists,0,2011-03-06 12:09:00,2011-11-14 08:10:00,14.287380952380953,359,37,252
18212,326,2,546.72,1,At Risk,1,2010-01-31 14:42:00,2011-01-17 16:14:00,9.940363636363637,167,40,351
18213,237,1,232.48,0,Potential Loyalists,1,2011-04-17 10:21:00,2011-04-17 10:21:00,15.498666666666669,232,15,0
18214,531,4,1780.34,1,At Risk,1,2010-06-03 19:47:00,2010-06-27 11:21:00,30.69551724137931,989,38,23
18215,89,5,2247.49,0,Potential Loyalists,0,2010-03-26 13:03:00,2011-09-11 16:05:00,24.972111111111115,1143,53,534
18216,31,1,481.75,0,Potential Loyalists,0,2011-11-08 16:55:00,2011-11-08 16:55:00,18.528846153846153,200,26,0
18217,29,4,945.04,0,Potential Loyalists,0,2010-07-01 15:39:00,2011-11-10 13:18:00,23.625999999999998,740,33,496
18218,211,4,1142.0,0,Potential Loyalists,1,2010-02-17 15:11:00,2011-05-12 12:53:00,29.28205128205128,1076,25,448
18219,3,17,3562.89,3,Loyal Customers,0,2009-12-07 13:17:00,2011-12-07 11:43:00,17.551182266009853,1653,87,729
18220,227,6,1921.76,0,Potential Loyalists,1,2009-12-15 11:42:00,2011-04-27 09:03:00,76.8704,1352,17,497
18221,22,6,1424.94,0,Potential Loyalists,0,2010-11-14 15:46:00,2011-11-17 14:40:00,16.96357142857143,1000,71,367
18222,93,1,443.0,0,Potential Loyalists,0,2011-09-08 10:45:00,2011-09-08 10:45:00,23.31578947368421,335,19,0
18223,5,26,14000.85,2,Champions,0,2009-12-04 12:20:00,2011-12-05 09:11:00,24.30703125,6644,192,730
18224,264,1,158.95000000000002,0,Potential Loyalists,1,2011-03-21 10:30:00,2011-03-21 10:30:00,15.895000000000001,69,10,0
18225,3,26,13054.26,2,Champions,0,2009-12-04 16:52:00,2011-12-06 13:27:00,22.54621761658031,7304,266,731
18226,44,26,11878.88,3,Loyal Customers,0,2010-03-05 10:05:00,2011-10-26 13:36:00,22.497878787878786,7883,299,600
18227,218,2,388.75,0,Potential Loyalists,1,2010-08-12 16:45:00,2011-05-06 12:23:00,64.79166666666667,22,6,266
18228,57,2,779.9,0,Potential Loyalists,0,2011-09-21 10:48:00,2011-10-14 09:21:00,25.996666666666666,238,23,22
18229,12,28,10803.71,3,Loyal Customers,0,2009-12-03 14:42:00,2011-11-28 09:48:00,51.20241706161137,3183,73,724
18230,9,9,4291.06,3,Loyal Customers,0,2010-07-02 10:01:00,2011-11-30 13:22:00,30.650428571428574,1996,42,516
18231,192,28,6880.97,3,Loyal Customers,1,2010-01-10 12:13:00,2011-05-31 14:18:00,17.87264935064935,2923,218,506
18232,82,4,592.97,0,Potential Loyalists,0,2011-05-26 16:30:00,2011-09-19 11:49:00,16.026216216216216,302,31,115
18233,326,1,440.0,1,At Risk,1,2011-01-18 08:44:00,2011-01-18 08:44:00,440.0,4,1,0
18234,552,1,179.6,1,At Risk,1,2010-06-06 11:22:00,2010-06-06 11:22:00,5.986666666666666,80,30,0
18235,72,3,1796.48,0,Potential Loyalists,0,2011-05-06 13:35:00,2011-09-29 08:27:00,17.273846153846154,1578,100,145
18236,30,12,1795.35,3,Loyal Customers,0,2010-04-15 13:39:00,2011-11-10 08:06:00,18.319897959183674,696,80,573
18237,3,5,987.1,0,Potential Loyalists,0,2011-07-28 13:05:00,2011-12-07 12:49:00,16.181967213114753,622,40,131
18238,515,1,270.92,1,At Risk,1,2010-07-12 12:51:00,2010-07-12 12:51:00,19.351428571428574,114,14,0
18239,219,6,2150.36,0,Potential Loyalists,1,2010-10-13 10:11:00,2011-05-05 12:38:00,17.20288,1052,85,204
18240,46,1,422.58,0,Potential Loyalists,0,2011-10-24 13:06:00,2011-10-24 13:06:00,70.42999999999999,126,6,0
18241,10,21,2986.99,3,Loyal Customers,0,2010-04-01 11:55:00,2011-11-30 12:10:00,18.786100628930818,1471,101,608
18242,72,8,3605.21,0,Potential Loyalists,0,2010-01-11 08:49:00,2011-09-28 13:43:00,25.7515,2021,113,625
18243,414,1,515.78,1,At Risk,1,2010-10-21 14:29:00,2010-10-21 14:29:00,19.837692307692308,221,26,0
18244,431,2,568.64,1,At Risk,1,2010-07-25 10:30:00,2010-10-05 11:15:00,29.928421052631577,856,19,72
18245,7,20,6324.9800000000005,3,Loyal Customers,0,2010-03-08 15:26:00,2011-12-02 14:48:00,13.81,5098,336,633
18246,24,3,758.8199999999999,0,Potential Loyalists,0,2010-04-09 10:19:00,2011-11-16 11:49:00,151.76399999999998,214,3,586
18247,415,3,839.73,1,At Risk,1,2010-03-18 15:52:00,2010-10-21 09:49:00,22.695405405405406,335,28,216
18248,123,2,804.02,0,Potential Loyalists,0,2011-06-06 13:18:00,2011-08-09 10:19:00,17.1068085106383,511,39,63
18249,17,1,95.34,0,Potential Loyalists,0,2011-11-22 15:07:00,2011-11-22 15:07:00,11.9175,128,8,0
18250,310,1,349.27,1,At Risk,1,2011-02-02 13:16:00,2011-02-02 13:16:00,16.63190476190476,199,21,0
18251,87,9,26278.86,2,Champions,0,2009-12-22 12:01:00,2011-09-13 15:03:00,243.3227777777778,39639,87,630
18252,51,7,1542.09,0,Potential Loyalists,0,2009-12-18 16:13:00,2011-10-20 12:43:00,11.174565217391304,937,125,670
18253,643,1,317.88,1,At Risk,1,2010-03-07 12:38:00,2010-03-07 12:38:00,45.41142857142857,128,7,0
18254,581,1,267.9,1,At Risk,1,2010-05-07 14:37:00,2010-05-07 14:37:00,16.74375,188,16,0
18255,89,2,303.15,0,Potential Loyalists,0,2010-09-09 16:31:00,2011-09-11 13:16:00,15.955263157894736,201,16,366
18256,388,1,110.7,1,At Risk,1,2010-11-17 08:53:00,2010-11-17 08:53:00,11.069999999999999,180,10,0
18257,39,12,4600.15,3,Loyal Customers,0,2010-02-18 16:20:00,2011-10-31 14:48:00,16.667210144927534,2369,219,619
18258,464,6,2059.67,1,At Risk,1,2010-05-16 11:35:00,2010-09-01 14:20:00,41.193400000000004,1981,30,108
18259,25,7,4318.200000000001,0,Potential Loyalists,0,2009-12-08 08:38:00,2011-11-15 12:34:00,46.93695652173913,1390,51,707
18260,173,23,9962.11,3,Loyal Customers,0,2009-12-15 13:50:00,2011-06-20 12:37:00,24.238710462287106,5247,212,551
18261,43,2,324.24,0,Potential Loyalists,0,2011-09-05 09:34:00,2011-10-27 15:36:00,15.440000000000001,146,19,52
18262,140,3,577.54,0,Potential Loyalists,0,2010-04-16 09:05:00,2011-07-22 16:04:00,13.75095238095238,552,40,462
18263,26,3,1213.16,0,Potential Loyalists,0,2011-04-01 11:48:00,2011-11-14 09:00:00,19.887868852459018,1468,59,226
18264,499,1,603.25,1,At Risk,1,2010-07-29 10:02:00,2010-07-29 10:02:00,16.756944444444443,241,36,0
18265,72,2,801.51,0,Potential Loyalists,0,2011-07-04 15:26:00,2011-09-28 14:10:00,17.424130434782608,311,44,85
18266,434,1,251.1,1,At Risk,1,2010-10-01 15:33:00,2010-10-01 15:33:00,17.935714285714287,138,14,0
18267,673,1,269.37,1,At Risk,1,2010-02-05 08:43:00,2010-02-05 08:43:00,15.84529411764706,135,17,0
18268,134,6,1490.23,0,Potential Loyalists,0,2009-12-11 10:27:00,2011-07-28 19:13:00,22.24223880597015,711,36,594
18269,366,1,337.2,1,At Risk,1,2010-12-08 13:53:00,2010-12-08 13:53:00,24.08571428571429,152,7,0
18270,38,3,444.55,0,Potential Loyalists,0,2010-10-03 10:49:00,2011-11-01 13:57:00,26.150000000000002,209,17,394
18271,610,2,680.85,1,At Risk,1,2009-12-08 11:27:00,2010-04-09 09:26:00,32.42142857142857,319,19,121
18272,3,9,4385.9800000000005,3,Loyal Customers,0,2010-03-04 12:53:00,2011-12-07 12:43:00,19.40699115044248,2880,145,642
18273,2,4,357.0,0,Potential Loyalists,0,2010-04-28 12:24:00,2011-12-07 13:16:00,89.25,140,1,588
18274,30,1,175.92,0,Potential Loyalists,0,2011-11-09 17:03:00,2011-11-09 17:03:00,15.992727272727272,88,11,0
18275,578,2,741.85,1,At Risk,1,2009-12-08 16:23:00,2010-05-10 15:46:00,39.044736842105266,417,19,152
18276,44,6,1656.52,0,Potential Loyalists,0,2009-12-10 17:14:00,2011-10-27 10:54:00,17.622553191489363,1246,81,685
18277,58,5,1180.05,0,Potential Loyalists,0,2010-08-02 10:26:00,2011-10-12 15:22:00,18.43828125,449,53,436
18278,74,2,414.2000000000001,0,Potential Loyalists,0,2010-10-31 12:13:00,2011-09-27 11:58:00,17.258333333333336,140,22,330
18279,519,1,231.34,1,At Risk,1,2010-07-08 14:48:00,2010-07-08 14:48:00,17.795384615384616,630,13,0
18280,278,2,488.15,1,At Risk,1,2010-11-10 15:51:00,2011-03-07 09:52:00,16.27166666666667,194,28,116
18281,181,2,201.14,0,Potential Loyalists,1,2010-05-11 10:49:00,2011-06-12 10:53:00,11.831764705882351,146,17,397
18282,8,2,178.05,0,Potential Loyalists,0,2011-08-05 13:35:00,2011-12-02 11:43:00,14.8375,103,12,118
18283,4,22,2736.65,3,Loyal Customers,0,2010-02-19 17:16:00,2011-12-06 12:02:00,2.775507099391481,1733,352,654
18284,432,1,461.68,1,At Risk,1,2010-10-04 11:33:00,2010-10-04 11:33:00,16.48857142857143,494,28,0
18285,661,1,427.0,1,At Risk,1,2010-02-17 10:24:00,2010-02-17 10:24:00,35.583333333333336,145,12,0
18286,477,2,1296.43,1,At Risk,1,2009-12-16 10:45:00,2010-08-20 11:57:00,19.349701492537314,608,67,247
18287,43,7,4182.99,0,Potential Loyalists,0,2010-05-17 11:55:00,2011-10-28 09:29:00,26.987032258064513,3013,120,528
