CustomerID,Recency,Frequency,Monetary,Cluster,Segment
12346,326,12,29730.420199999626,2,Champions
12347,2,8,5633.32,3,Loyal Customers
12348,75,5,2019.4,0,Potential Loyalists
12349,19,4,4428.69,0,Potential Loyalists
12350,310,1,334.4,1,At Risk
12351,375,1,300.93,1,At Risk
12352,36,10,2849.84,0,Potential Loyalists
12353,204,2,406.76,0,Potential Loyalists
12354,232,1,1079.4,0,Potential Loyalists
12355,214,2,947.61,0,Potential Loyalists
12356,23,6,6373.68,3,Loyal Customers
12357,33,3,18287.66,3,Loyal Customers
12358,2,5,3887.07,0,Potential Loyalists
12359,58,10,8935.94,3,Loyal Customers
12360,52,8,4252.89,0,Potential Loyalists
12361,287,4,511.25,1,At Risk
12362,3,11,5356.23,3,Loyal Customers
12363,110,2,552.0,0,Potential Loyalists
12364,8,4,1313.1,0,Potential Loyalists
12365,291,2,641.38,1,At Risk
12366,634,1,500.24,1,At Risk
12367,4,1,168.9,0,Potential Loyalists
12368,628,1,917.6999999999999,1,At Risk
12369,413,3,1791.15,1,At Risk
12370,51,7,4320.31,0,Potential Loyalists
12371,45,5,4067.38,0,Potential Loyalists
12372,72,3,1298.04,0,Potential Loyalists
12373,311,3,1127.65,1,At Risk
12374,25,4,2989.2200000000003,0,Potential Loyalists
12375,11,2,457.5,0,Potential Loyalists
12376,390,2,503.15,1,At Risk
12377,315,4,3426.32,1,At Risk
12378,130,2,5416.32,0,Potential Loyalists
12379,82,4,1620.22,0,Potential Loyalists
12380,22,11,9676.300000000001,3,Loyal Customers
12381,5,5,1845.31,0,Potential Loyalists
12383,185,5,1850.56,0,Potential Loyalists
12384,29,2,585.27,0,Potential Loyalists
12385,379,1,1938.4,1,At Risk
12386,338,2,660.8,1,At Risk
12387,415,1,143.94,1,At Risk
12388,16,8,3901.11,0,Potential Loyalists
12389,403,3,1433.33,1,At Risk
12390,80,1,549.84,0,Potential Loyalists
12391,22,6,2773.42,0,Potential Loyalists
12392,591,1,234.75000000000003,1,At Risk
12393,72,6,2399.4500000000003,0,Potential Loyalists
12394,64,2,1272.48,0,Potential Loyalists
12395,19,15,5067.27,3,Loyal Customers
12396,674,1,931.43,1,At Risk
12397,36,2,2409.9,0,Potential Loyalists
12398,46,1,1635.6599999999999,0,Potential Loyalists
12399,119,7,1962.3,0,Potential Loyalists
12400,414,1,205.25,1,At Risk
12401,303,1,84.3,1,At Risk
12402,323,6,1256.9,1,At Risk
12403,50,2,1019.36,0,Potential Loyalists
12404,682,1,63.24,1,At Risk
12405,149,1,1710.39,0,Potential Loyalists
12406,22,5,6390.36,0,Potential Loyalists
12407,50,5,1708.1200000000001,0,Potential Loyalists
12408,33,8,4340.7699999999995,0,Potential Loyalists
12409,79,7,23419.29,2,Champions
12410,309,3,1013.71,1,At Risk
12411,410,1,346.9,1,At Risk
12412,75,6,2596.93,0,Potential Loyalists
12413,67,4,999.45,0,Potential Loyalists
12414,217,6,952.41,0,Potential Loyalists
12415,24,28,29730.420199999626,2,Champions
12416,657,1,202.56,1,At Risk
12417,3,20,6816.91,3,Loyal Customers
12418,113,4,2021.2,0,Potential Loyalists
12419,386,2,503.01,1,At Risk
12420,64,1,600.39,0,Potential Loyalists
12421,16,6,1098.6,0,Potential Loyalists
12422,96,17,5231.8,3,Loyal Customers
12423,1,10,2622.39,0,Potential Loyalists
12424,163,4,3340.03,0,Potential Loyalists
12425,78,2,1741.41,0,Potential Loyalists
12426,195,2,1345.21,0,Potential Loyalists
12427,22,3,1129.3,0,Potential Loyalists
12428,26,9,7956.46,3,Loyal Customers
12429,9,8,7485.91,3,Loyal Customers
12430,43,1,256.4,0,Potential Loyalists
12431,36,27,10857.97,3,Loyal Customers
12432,43,5,5059.32,0,Potential Loyalists
12433,1,10,20581.26,2,Champions
12434,85,3,1103.43,0,Potential Loyalists
12435,80,6,13925.93,3,Loyal Customers
12436,100,1,509.01,0,Potential Loyalists
12437,2,39,12683.4,2,Champions
12438,14,2,2906.85,0,Potential Loyalists
12439,683,2,1158.18,1,At Risk
12440,462,2,859.2,1,At Risk
12441,367,1,347.1,1,At Risk
12442,3,1,172.06,0,Potential Loyalists
12443,732,1,485.31,1,At Risk
12444,21,5,5005.46,0,Potential Loyalists
12445,22,2,434.98,0,Potential Loyalists
12446,58,1,1002.3100000000001,0,Potential Loyalists
12447,243,1,476.49,0,Potential Loyalists
12448,44,1,449.45,0,Potential Loyalists
12449,22,6,4835.89,0,Potential Loyalists
12450,156,5,688.2,0,Potential Loyalists
12451,11,8,12669.88,3,Loyal Customers
12452,17,2,430.57,0,Potential Loyalists
12453,134,1,707.09,0,Potential Loyalists
12454,56,5,16679.78,3,Loyal Customers
12455,73,10,5879.95,3,Loyal Customers
12456,44,3,3181.04,0,Potential Loyalists
12457,66,8,2995.91,0,Potential Loyalists
12458,71,4,1777.49,0,Potential Loyalists
12459,605,1,454.36,1,At Risk
12460,456,1,326.65,1,At Risk
12461,94,2,826.88,0,Potential Loyalists
12462,19,2,1189.59,0,Potential Loyalists
12463,53,4,1344.78,0,Potential Loyalists
12464,10,8,1212.05,0,Potential Loyalists
12465,17,2,742.1899999999999,0,Potential Loyalists
12466,682,1,56.73,1,At Risk
12467,423,1,132.8,1,At Risk
12468,188,5,3670.74,0,Potential Loyalists
12469,523,2,3070.54,1,At Risk
12470,690,1,211.95,1,At Risk
12471,2,46,29730.420199999626,2,Champions
12472,32,19,17880.59,2,Champions
12473,29,5,3938.5499999999997,0,Potential Loyalists
12474,17,31,12424.45,2,Champions
12475,54,2,1149.64,0,Potential Loyalists
12476,16,23,14115.41,2,Champions
12477,23,9,20276.37,2,Champions
12478,4,1,680.99,0,Potential Loyalists
12479,11,1,527.2,0,Potential Loyalists
12480,28,7,5464.85,3,Loyal Customers
12481,23,15,12361.39,3,Loyal Customers
12482,576,29,23691.4,2,Champions
12483,17,19,5120.58,3,Loyal Customers
12484,33,12,6370.15,3,Loyal Customers
12485,529,1,708.1,1,At Risk
12486,432,1,1037.28,1,At Risk
12487,731,1,285.29999999999995,1,At Risk
12488,10,3,1298.66,0,Potential Loyalists
12489,336,1,334.93,1,At Risk
12490,5,21,9823.64,3,Loyal Customers
12491,39,1,460.40000000000003,0,Potential Loyalists
12492,63,3,715.21,0,Potential Loyalists
12493,166,2,433.74,0,Potential Loyalists
12494,16,9,1872.8700000000001,0,Potential Loyalists
12495,641,1,357.4,1,At Risk
12496,620,2,54.09,1,At Risk
12497,82,3,6248.5,0,Potential Loyalists
12498,21,3,403.70000000000005,0,Potential Loyalists
12499,560,1,393.72,1,At Risk
12500,23,19,5955.21,3,Loyal Customers
12501,337,1,2169.39,1,At Risk
12502,96,5,3723.87,0,Potential Loyalists
12503,584,1,1126.0,1,At Risk
12504,18,4,779.05,0,Potential Loyalists
12505,409,1,955.2,1,At Risk
12506,233,1,73.5,0,Potential Loyalists
12507,134,4,1844.06,0,Potential Loyalists
12508,26,2,398.27,0,Potential Loyalists
12509,284,1,176.5,1,At Risk
12510,143,9,5178.02,3,Loyal Customers
12511,429,1,3084.02,1,At Risk
12512,66,2,138.03,0,Potential Loyalists
12513,113,1,612.29,0,Potential Loyalists
12514,267,2,1597.76,0,Potential Loyalists
12515,353,1,383.7,1,At Risk
12516,78,4,2648.62,0,Potential Loyalists
12517,28,5,2502.84,0,Potential Loyalists
12518,1,5,2056.89,0,Potential Loyalists
12519,64,2,726.54,0,Potential Loyalists
12520,79,5,2634.26,0,Potential Loyalists
12521,143,1,599.68,0,Potential Loyalists
12522,39,2,192.72,0,Potential Loyalists
12523,19,23,4372.15,3,Loyal Customers
12524,9,17,11126.11,3,Loyal Customers
12525,498,3,973.73,1,At Risk
12526,1,3,1316.66,0,Potential Loyalists
12527,82,5,735.51,0,Potential Loyalists
12528,9,6,1933.48,0,Potential Loyalists
12529,528,1,316.48,1,At Risk
12530,60,9,3759.26,3,Loyal Customers
12531,15,2,1933.2,0,Potential Loyalists
12532,30,1,349.83000000000004,0,Potential Loyalists
12533,628,2,1367.89,1,At Risk
12534,131,1,1089.18,0,Potential Loyalists
12535,92,2,716.35,0,Potential Loyalists
12536,43,3,12601.830000000002,3,Loyal Customers
12537,409,1,732.94,1,At Risk
12538,29,2,640.45,0,Potential Loyalists
12539,22,7,11214.75,3,Loyal Customers
12540,20,33,22254.49,2,Champions
12541,30,3,981.18,0,Potential Loyalists
12542,484,2,481.88,1,At Risk
12543,448,1,980.25,1,At Risk
12544,36,1,372.7,0,Potential Loyalists
12545,75,2,1000.39,0,Potential Loyalists
12546,47,2,1161.5,0,Potential Loyalists
12547,198,3,383.58,0,Potential Loyalists
12548,166,1,95.19999999999999,0,Potential Loyalists
12549,576,6,1575.68,1,At Risk
12550,79,1,964.83,0,Potential Loyalists
12551,358,1,168.0,1,At Risk
12552,39,2,437.82,0,Potential Loyalists
12553,8,12,4608.75,3,Loyal Customers
12554,449,1,468.5,1,At Risk
12555,682,1,129.23,1,At Risk
12556,50,2,603.71,0,Potential Loyalists
12557,16,8,18716.14,3,Loyal Customers
12558,8,1,269.96,0,Potential Loyalists
12559,311,2,561.71,1,At Risk
12560,5,3,2134.01,0,Potential Loyalists
12561,303,1,238.85,1,At Risk
12562,8,9,4966.92,3,Loyal Customers
12563,409,1,249.24,1,At Risk
12564,261,1,456.9,0,Potential Loyalists
12565,289,1,145.92,1,At Risk
12566,86,1,351.65,0,Potential Loyalists
12567,23,15,13709.86,3,Loyal Customers
12568,645,1,70.0,1,At Risk
12569,2,32,4124.69,3,Loyal Customers
12570,682,1,77.52,1,At Risk
12571,40,2,519.61,0,Potential Loyalists
12572,9,2,1020.42,0,Potential Loyalists
12573,227,5,717.41,0,Potential Loyalists
12574,316,1,218.45,1,At Risk
12575,457,2,622.8199999999999,1,At Risk
12576,36,8,2142.72,0,Potential Loyalists
12577,35,8,1653.75,0,Potential Loyalists
12578,21,4,4642.45,0,Potential Loyalists
12579,78,1,440.42,0,Potential Loyalists
12580,247,2,1052.9,0,Potential Loyalists
12581,40,1,197.71,0,Potential Loyalists
12582,239,4,1980.4,0,Potential Loyalists
12583,3,27,14447.44,2,Champions
12584,4,9,2338.15,0,Potential Loyalists
12585,234,2,2040.1,0,Potential Loyalists
12586,17,4,2062.67,0,Potential Loyalists
12587,8,1,144.0,0,Potential Loyalists
12588,39,4,958.78,0,Potential Loyalists
12589,29,8,4695.66,3,Loyal Customers
12590,211,2,9864.26,3,Loyal Customers
12591,317,3,1352.15,1,At Risk
12592,92,5,2582.66,0,Potential Loyalists
12593,109,3,418.09999999999997,0,Potential Loyalists
12594,38,15,5090.110000000001,3,Loyal Customers
12595,505,1,299.02,1,At Risk
12596,51,2,618.27,0,Potential Loyalists
12597,19,4,3811.22,0,Potential Loyalists
12598,10,11,4534.09,3,Loyal Customers
12599,29,13,2296.72,3,Loyal Customers
12600,29,21,5043.92,3,Loyal Customers
12601,190,6,681.26,0,Potential Loyalists
12602,59,1,153.12,0,Potential Loyalists
12603,22,1,739.1999999999999,0,Potential Loyalists
12604,79,2,254.18,0,Potential Loyalists
12605,376,4,1232.95,1,At Risk
12606,682,1,21.0,1,At Risk
12607,60,1,1579.51,0,Potential Loyalists
12608,405,1,415.79,1,At Risk
12609,78,9,3435.86,0,Potential Loyalists
12610,23,5,2099.54,0,Potential Loyalists
12611,52,1,1193.32,0,Potential Loyalists
12612,74,1,704.0400000000001,0,Potential Loyalists
12613,57,10,6835.07,3,Loyal Customers
12614,278,1,315.6,1,At Risk
12615,2,8,5740.98,3,Loyal Customers
12616,95,3,1131.1,0,Potential Loyalists
12617,29,1,355.53,0,Potential Loyalists
12618,22,1,177.31,0,Potential Loyalists
12619,16,10,3781.38,3,Loyal Customers
12620,15,3,1339.41,0,Potential Loyalists
12621,2,35,24775.81,2,Champions
12622,232,1,180.1,0,Potential Loyalists
12623,276,7,3747.84,0,Potential Loyalists
12624,106,2,641.13,0,Potential Loyalists
12625,212,4,5164.88,0,Potential Loyalists
12626,23,9,6620.48,3,Loyal Customers
12627,11,7,4478.53,0,Potential Loyalists
12628,4,3,786.46,0,Potential Loyalists
12629,386,2,1558.22,1,At Risk
12630,10,2,1270.88,0,Potential Loyalists
12631,57,6,3481.57,0,Potential Loyalists
12632,521,2,804.88,1,At Risk
12633,59,7,5678.16,3,Loyal Customers
12634,536,2,490.0,1,At Risk
12635,90,4,2930.41,0,Potential Loyalists
12636,739,1,141.0,1,At Risk
12637,67,12,8340.31,3,Loyal Customers
12638,33,2,921.49,0,Potential Loyalists
12639,239,3,1312.37,0,Potential Loyalists
12640,24,3,1174.58,0,Potential Loyalists
12641,115,1,185.9,0,Potential Loyalists
12642,25,3,1013.26,0,Potential Loyalists
12643,128,12,8350.42,3,Loyal Customers
12644,130,4,1918.49,0,Potential Loyalists
12645,34,8,3539.3,0,Potential Loyalists
12646,5,2,1346.97,0,Potential Loyalists
12647,22,36,17924.35,2,Champions
12648,155,4,1112.0,0,Potential Loyalists
12649,107,8,2294.65,0,Potential Loyalists
12650,3,1,314.44,0,Potential Loyalists
12651,335,4,377.75,1,At Risk
12652,331,2,1017.03,1,At Risk
12653,149,3,4160.83,0,Potential Loyalists
12654,11,5,601.98,0,Potential Loyalists
12655,424,1,261.35,1,At Risk
12656,17,8,6407.83,3,Loyal Customers
12657,11,4,1643.18,0,Potential Loyalists
12658,19,1,686.05,0,Potential Loyalists
12659,30,1,91.68,0,Potential Loyalists
12660,11,1,245.1,0,Potential Loyalists
12661,436,1,162.0,1,At Risk
12662,1,20,6988.02,3,Loyal Customers
12663,625,2,239.4,1,At Risk
12664,8,11,6070.04,3,Loyal Customers
12665,325,3,313.6,1,At Risk
12666,394,1,1248.42,1,At Risk
12667,58,1,620.13,0,Potential Loyalists
12668,12,10,11444.68,3,Loyal Customers
12669,151,3,2744.0299999999997,0,Potential Loyalists
12670,10,7,3760.29,0,Potential Loyalists
12671,606,1,2622.481,1,At Risk
12672,330,2,437.05,1,At Risk
12673,5,3,1230.02,0,Potential Loyalists
12674,39,4,1970.6,0,Potential Loyalists
12675,554,2,958.5,1,At Risk
12676,25,11,2843.09,3,Loyal Customers
12677,555,2,395.1,1,At Risk
12678,42,21,29730.420199999626,2,Champions
12679,59,4,1113.02,0,Potential Loyalists
12680,1,4,880.81,0,Potential Loyalists
12681,15,45,29730.420199999626,2,Champions
12682,4,46,24033.91,2,Champions
12683,4,21,12696.78,3,Loyal Customers
12684,8,7,2283.63,0,Potential Loyalists
12685,28,6,2863.08,0,Potential Loyalists
12686,372,1,178.28,1,At Risk
12687,481,2,2138.91,1,At Risk
12688,114,1,4873.8099999999995,0,Potential Loyalists
12689,26,2,1247.61,0,Potential Loyalists
12690,206,1,389.01,0,Potential Loyalists
12691,28,7,1170.4,0,Potential Loyalists
12692,637,1,110.95,1,At Risk
12693,127,7,1703.02,0,Potential Loyalists
12694,70,3,1843.35,0,Potential Loyalists
12695,7,7,1407.1200000000001,0,Potential Loyalists
12696,435,2,851.91,1,At Risk
12697,29,3,957.59,0,Potential Loyalists
12698,590,1,339.75,1,At Risk
12699,418,1,638.11,1,At Risk
12700,8,4,4939.99,0,Potential Loyalists
12701,80,6,2446.41,0,Potential Loyalists
12702,20,1,219.0,0,Potential Loyalists
12703,71,4,1006.53,0,Potential Loyalists
12704,7,8,2340.84,0,Potential Loyalists
12705,15,14,11762.1,3,Loyal Customers
12707,292,1,603.42,1,At Risk
12708,30,18,5314.1,3,Loyal Customers
12709,15,34,29730.420199999626,2,Champions
12710,97,3,1149.02,0,Potential Loyalists
12711,612,2,1339.05,1,At Risk
12712,29,21,7193.66,3,Loyal Customers
12713,1,1,848.55,0,Potential Loyalists
12714,9,12,14093.71,3,Loyal Customers
12715,106,1,353.86,0,Potential Loyalists
12716,4,2,1053.49,0,Potential Loyalists
12717,151,3,1308.91,0,Potential Loyalists
12718,71,1,238.25,0,Potential Loyalists
12719,5,2,644.95,0,Potential Loyalists
12720,3,30,8260.67,3,Loyal Customers
12721,32,8,4013.08,0,Potential Loyalists
12722,85,4,997.63,0,Potential Loyalists
12723,4,5,725.07,0,Potential Loyalists
12724,5,7,2317.52,0,Potential Loyalists
12725,371,4,2694.56,1,At Risk
12726,28,11,4014.6,3,Loyal Customers
12727,11,10,5679.53,3,Loyal Customers
12728,71,5,1070.17,0,Potential Loyalists
12729,114,1,453.01,0,Potential Loyalists
12730,522,1,829.25,1,At Risk
12731,24,17,25775.71,2,Champions
12732,180,1,236.26000000000002,0,Potential Loyalists
12733,234,4,2424.87,0,Potential Loyalists
12734,353,3,639.65,1,At Risk
12735,315,2,779.5699999999999,1,At Risk
12736,333,1,234.0,1,At Risk
12737,499,2,3710.5,1,At Risk
12738,372,1,310.7,1,At Risk
12739,78,4,2726.73,0,Potential Loyalists
12740,64,1,427.6,0,Potential Loyalists
12741,529,2,406.07,1,At Risk
12742,626,1,1201.52,1,At Risk
12743,134,2,546.43,0,Potential Loyalists
12744,52,11,25317.06,2,Champions
12745,487,3,925.41,1,At Risk
12746,541,1,254.55,1,At Risk
12747,2,26,9276.539999999999,3,Loyal Customers
12748,1,46,29730.420199999626,2,Champions
12749,4,9,6897.36,3,Loyal Customers
12750,129,1,275.88,0,Potential Loyalists
12751,445,1,268.27,1,At Risk
12752,81,1,4366.78,0,Potential Loyalists
12753,23,6,21429.39,2,Champions
12754,236,3,3010.74,0,Potential Loyalists
12755,281,11,9030.66,3,Loyal Customers
12756,87,1,112.07999999999998,0,Potential Loyalists
12757,16,13,7857.1,3,Loyal Customers
12758,117,7,9903.24,3,Loyal Customers
12759,52,8,5020.74,3,Loyal Customers
12760,456,1,347.8,1,At Risk
12761,458,2,782.95,1,At Risk
12762,8,2,1898.52,0,Potential Loyalists
12763,138,2,814.16,0,Potential Loyalists
12764,317,1,1693.88,1,At Risk
12765,472,6,1404.58,1,At Risk
12766,4,9,10068.28,3,Loyal Customers
12767,376,1,949.82,1,At Risk
12768,451,1,168.69000000000003,1,At Risk
12769,239,1,1143.6,0,Potential Loyalists
12770,211,2,3246.45,0,Potential Loyalists
12771,486,1,282.3,1,At Risk
12772,60,1,892.47,0,Potential Loyalists
12773,564,1,124.25,1,At Risk
12774,536,1,98.7,1,At Risk
12775,17,7,1686.12,0,Potential Loyalists
12776,668,1,55.5,1,At Risk
12777,458,1,519.45,1,At Risk
12778,20,9,1775.68,0,Potential Loyalists
12779,38,14,6722.2699999999995,3,Loyal Customers
12780,599,1,337.4,1,At Risk
12781,64,2,826.74,0,Potential Loyalists
12782,5,11,4618.24,3,Loyal Customers
12783,2,6,2225.91,0,Potential Loyalists
12784,9,3,1804.75,0,Potential Loyalists
12785,364,3,1100.4,1,At Risk
12786,610,1,728.5,1,At Risk
12787,10,4,862.18,0,Potential Loyalists
12788,463,4,444.9,1,At Risk
12789,65,3,273.35,0,Potential Loyalists
12790,192,2,591.85,0,Potential Loyalists
12791,374,6,1056.1100000000001,1,At Risk
12792,257,2,827.01,0,Potential Loyalists
12793,335,3,1017.33,1,At Risk
12794,53,2,860.41,0,Potential Loyalists
12795,19,1,430.48,0,Potential Loyalists
12796,628,1,381.0,1,At Risk
12797,366,2,806.11,1,At Risk
12798,10,4,8510.93,3,Loyal Customers
12799,529,1,219.35,1,At Risk
12800,470,3,584.25,1,At Risk
12801,501,1,1071.82,1,At Risk
12802,187,7,2416.42,0,Potential Loyalists
12803,393,1,1092.81,1,At Risk
12804,466,2,327.02,1,At Risk
12805,382,4,1434.95,1,At Risk
12806,435,4,2878.96,1,At Risk
12807,383,1,330.35,1,At Risk
12808,37,5,906.1,0,Potential Loyalists
12809,178,3,1755.94,0,Potential Loyalists
12810,535,2,534.99,1,At Risk
12811,261,5,1033.9,0,Potential Loyalists
12812,45,1,229.64000000000001,0,Potential Loyalists
12813,502,3,1687.8,1,At Risk
12814,102,1,125.92,0,Potential Loyalists
12815,148,2,1063.46,0,Potential Loyalists
12816,96,2,572.2,0,Potential Loyalists
12817,281,3,690.98,1,At Risk
12818,262,1,1542.08,0,Potential Loyalists
12819,458,1,540.52,1,At Risk
12820,3,11,2689.52,3,Loyal Customers
12821,214,2,220.8,0,Potential Loyalists
12822,71,2,948.88,0,Potential Loyalists
12823,75,18,6501.5,3,Loyal Customers
12824,60,1,397.12,0,Potential Loyalists
12825,521,2,518.63,1,At Risk
12826,3,12,2955.75,3,Loyal Customers
12827,6,3,430.15000000000003,0,Potential Loyalists
12828,3,6,1018.71,0,Potential Loyalists
12829,337,3,385.3,1,At Risk
12830,38,6,6814.64,3,Loyal Customers
12831,262,3,451.11,0,Potential Loyalists
12832,32,2,383.03,0,Potential Loyalists
12833,145,1,417.38,0,Potential Loyalists
12834,283,1,312.38,1,At Risk
12835,428,41,6043.31,3,Loyal Customers
12836,59,15,6585.62,3,Loyal Customers
12837,173,2,688.41,0,Potential Loyalists
12838,34,10,3398.48,3,Loyal Customers
12839,3,26,10071.73,3,Loyal Customers
12840,144,7,4041.97,0,Potential Loyalists
12841,5,40,7540.68,2,Champions
12842,70,4,1917.99,0,Potential Loyalists
12843,66,30,6588.41,3,Loyal Customers
12844,29,4,648.6,0,Potential Loyalists
12845,267,4,354.09,0,Potential Loyalists
12846,682,1,15.58,1,At Risk
12847,22,2,1636.8999999999999,0,Potential Loyalists
12848,676,1,208.0,1,At Risk
12849,31,6,3090.56,0,Potential Loyalists
12850,446,1,330.0,1,At Risk
12851,97,2,284.13,0,Potential Loyalists
12852,295,1,311.55,1,At Risk
12853,135,11,3907.5,3,Loyal Customers
12854,79,7,2994.02,0,Potential Loyalists
12855,373,4,650.9399999999999,1,At Risk
12856,8,6,2179.93,0,Potential Loyalists
12857,211,6,3688.0,0,Potential Loyalists
12858,383,1,177.92,1,At Risk
12859,459,1,575.1,1,At Risk
12860,693,1,55.47,1,At Risk
12861,620,1,68.25,1,At Risk
12862,426,2,1008.3199999999999,1,At Risk
12863,52,6,2792.5499999999997,0,Potential Loyalists
12864,138,2,299.57,0,Potential Loyalists
12865,26,4,3323.47,0,Potential Loyalists
12866,283,3,1227.35,1,At Risk
12867,26,13,7913.29,3,Loyal Customers
12868,186,8,2247.06,0,Potential Loyalists
12869,682,1,337.66999999999996,1,At Risk
12870,375,3,1676.95,1,At Risk
12871,84,3,744.02,0,Potential Loyalists
12872,327,12,3685.4900000000002,3,Loyal Customers
12873,282,3,2027.3,0,Potential Loyalists
12874,385,2,948.42,1,At Risk
12875,143,5,1356.99,0,Potential Loyalists
12876,58,4,4081.79,0,Potential Loyalists
12877,4,20,2955.17,3,Loyal Customers
12878,236,2,854.99,0,Potential Loyalists
12879,45,3,573.22,0,Potential Loyalists
12880,382,2,640.13,1,At Risk
12881,276,1,298.0,1,At Risk
12882,9,2,1463.04,0,Potential Loyalists
12883,25,4,703.47,0,Potential Loyalists
12884,88,1,309.05,0,Potential Loyalists
12885,63,3,1175.22,0,Potential Loyalists
12886,68,2,1378.4,0,Potential Loyalists
12887,384,1,222.4,1,At Risk
12888,214,2,354.12,0,Potential Loyalists
12889,381,4,385.46000000000004,1,At Risk
12890,24,2,717.27,0,Potential Loyalists
12891,186,11,840.5,0,Potential Loyalists
12892,397,1,263.38,1,At Risk
12893,31,1,188.14,0,Potential Loyalists
12894,575,1,157.35,1,At Risk
12895,42,2,372.8,0,Potential Loyalists
12897,205,4,514.25,0,Potential Loyalists
12898,464,2,310.96000000000004,1,At Risk
12899,414,1,366.4,1,At Risk
12900,422,1,340.33,1,At Risk
12901,9,28,17654.54,2,Champions
12902,265,1,138.68,0,Potential Loyalists
12903,429,1,833.53,1,At Risk
12904,18,2,509.58,0,Potential Loyalists
12905,577,2,1018.42,1,At Risk
12906,12,5,2919.81,0,Potential Loyalists
12907,396,2,508.91,1,At Risk
12908,176,5,1776.0,0,Potential Loyalists
12909,40,8,3103.19,0,Potential Loyalists
12910,23,13,5796.52,3,Loyal Customers
12911,552,1,1680.47,1,At Risk
12912,3,5,1662.3,0,Potential Loyalists
12913,5,13,6700.860000000001,3,Loyal Customers
12914,401,1,223.98,1,At Risk
12915,149,4,1174.75,0,Potential Loyalists
12916,139,7,4654.0199999999995,0,Potential Loyalists
12917,128,6,4359.2,0,Potential Loyalists
12918,626,1,10953.5,1,At Risk
12919,8,6,1335.19,0,Potential Loyalists
12920,17,4,488.09000000000003,0,Potential Loyalists
12921,9,46,29730.420199999626,2,Champions
12922,161,1,405.38,0,Potential Loyalists
12923,64,3,789.87,0,Potential Loyalists
12924,88,12,2469.4,3,Loyal Customers
12925,5,3,729.3299999999999,0,Potential Loyalists
12926,411,4,1548.46,1,At Risk
12927,395,1,197.31,1,At Risk
12928,35,12,4304.89,3,Loyal Customers
12929,312,1,117.85,1,At Risk
12930,78,2,415.8,0,Potential Loyalists
12931,22,46,29730.420199999626,2,Champions
12932,539,8,1698.56,1,At Risk
12933,24,8,1687.03,0,Potential Loyalists
12934,737,1,181.65,1,At Risk
12935,2,15,4243.86,3,Loyal Customers
12936,17,4,1063.9,0,Potential Loyalists
12937,15,9,3097.61,0,Potential Loyalists
12938,26,1,114.14,0,Potential Loyalists
12939,64,20,25264.8,2,Champions
12940,55,2,913.54,0,Potential Loyalists
12941,724,1,377.49,1,At Risk
12942,131,3,942.65,0,Potential Loyalists
12943,558,2,496.5,1,At Risk
12944,36,2,604.51,0,Potential Loyalists
12945,288,2,900.11,1,At Risk
12946,437,1,324.45,1,At Risk
12947,144,6,1908.03,0,Potential Loyalists
12948,16,9,2317.43,0,Potential Loyalists
12949,31,22,15526.7,2,Champions
12950,2,3,1843.0,0,Potential Loyalists
12951,9,15,3213.7200000000003,3,Loyal Customers
12952,6,4,1387.79,0,Potential Loyalists
12953,10,2,828.8100000000001,0,Potential Loyalists
12954,639,1,162.45,1,At Risk
12955,1,11,4757.16,3,Loyal Customers
12956,306,4,521.89,1,At Risk
12957,10,13,8706.97,3,Loyal Customers
12958,400,2,539.49,1,At Risk
12959,484,1,150.95,1,At Risk
12960,414,4,1322.07,1,At Risk
12961,379,1,211.99,1,At Risk
12962,7,2,266.39,0,Potential Loyalists
12963,8,12,3601.59,3,Loyal Customers
12964,437,1,132.24,1,At Risk
12965,89,1,771.91,0,Potential Loyalists
12966,10,1,160.18,0,Potential Loyalists
12967,358,3,4306.92,1,At Risk
12968,112,1,135.95,0,Potential Loyalists
12969,603,1,122.45,1,At Risk
12970,7,10,1524.97,0,Potential Loyalists
12971,4,46,15972.79,2,Champions
12972,414,4,1161.2,1,At Risk
12973,414,1,385.55,1,At Risk
12974,198,2,408.95,0,Potential Loyalists
12975,437,6,2100.09,1,At Risk
12976,212,8,3156.38,0,Potential Loyalists
12977,156,4,517.63,0,Potential Loyalists
12978,385,5,2502.82,1,At Risk
12979,729,1,517.7,1,At Risk
12980,158,21,16245.78,2,Champions
12981,30,2,372.21999999999997,0,Potential Loyalists
12982,243,8,2744.81,0,Potential Loyalists
12983,598,1,490.08000000000004,1,At Risk
12984,19,1,97.5,0,Potential Loyalists
12985,1,2,1239.38,0,Potential Loyalists
12986,429,10,2729.84,1,At Risk
12987,74,5,1312.21,0,Potential Loyalists
12988,292,1,535.32,1,At Risk
12989,3,33,13551.75,2,Champions
12990,31,7,955.5,0,Potential Loyalists
12991,23,3,764.82,0,Potential Loyalists
12992,725,1,93.35000000000001,1,At Risk
12993,23,8,1259.6299999999999,0,Potential Loyalists
12994,4,3,974.4200000000001,0,Potential Loyalists
12995,85,1,211.32,0,Potential Loyalists
12996,376,1,355.5,1,At Risk
12997,22,8,2110.91,0,Potential Loyalists
12998,493,3,920.08,1,At Risk
12999,196,3,455.88,0,Potential Loyalists
13000,107,4,1032.5,0,Potential Loyalists
13001,4,33,24172.100000000002,2,Champions
13002,318,3,414.13,1,At Risk
13003,106,3,149.05,0,Potential Loyalists
13004,12,36,11650.85,2,Champions
13005,174,4,999.68,0,Potential Loyalists
13006,56,1,81.57,0,Potential Loyalists
13007,580,1,175.25,1,At Risk
13008,323,3,612.13,1,At Risk
13009,673,1,234.0,1,At Risk
13010,374,2,330.12,1,At Risk
13011,372,1,101.10000000000001,1,At Risk
13012,9,11,2972.83,3,Loyal Customers
13013,1,29,12625.77,2,Champions
13014,11,11,5381.08,3,Loyal Customers
13015,53,11,6586.42,3,Loyal Customers
13016,73,3,789.89,0,Potential Loyalists
13017,7,1,204.0,0,Potential Loyalists
13018,16,35,9763.16,2,Champions
13019,379,6,1229.95,1,At Risk
13020,563,2,618.96,1,At Risk
13021,4,17,4887.24,3,Loyal Customers
13022,430,1,65.3,1,At Risk
13023,64,3,1449.03,0,Potential Loyalists
13024,471,2,555.87,1,At Risk
13025,732,1,323.39,1,At Risk
13026,1,9,1733.08,0,Potential Loyalists
13027,114,19,17335.2,2,Champions
13028,23,2,661.3199999999999,0,Potential Loyalists
13029,31,5,1927.3,0,Potential Loyalists
13030,11,2,1227.22,0,Potential Loyalists
13031,407,5,3419.27,1,At Risk
13032,52,9,2843.55,0,Potential Loyalists
13033,357,2,220.55,1,At Risk
13034,55,3,922.68,0,Potential Loyalists
13035,74,3,1364.2,0,Potential Loyalists
13036,685,1,307.1,1,At Risk
13037,138,12,3914.9500000000003,3,Loyal Customers
13038,80,3,908.46,0,Potential Loyalists
13039,584,4,1010.73,1,At Risk
13040,9,2,676.99,0,Potential Loyalists
13041,451,4,799.13,1,At Risk
13042,598,3,1556.54,1,At Risk
13043,273,1,516.42,1,At Risk
13044,291,11,4853.9,3,Loyal Customers
13045,99,3,808.92,0,Potential Loyalists
13046,31,3,949.25,0,Potential Loyalists
13047,32,24,8795.16,3,Loyal Customers
13048,14,9,4084.21,3,Loyal Customers
13049,64,4,1408.24,0,Potential Loyalists
13050,15,35,12344.53,2,Champions
13051,579,2,155.8,1,At Risk
13052,212,7,3168.53,0,Potential Loyalists
13053,622,1,127.65,1,At Risk
13055,78,4,2321.11,0,Potential Loyalists
13056,551,1,209.48,1,At Risk
13057,530,3,722.09,1,At Risk
13058,25,3,271.40000000000003,0,Potential Loyalists
13059,250,10,2303.17,0,Potential Loyalists
13060,254,1,307.53,0,Potential Loyalists
13061,72,1,248.61,0,Potential Loyalists
13062,191,1,346.98,0,Potential Loyalists
13063,481,1,188.4,1,At Risk
13064,13,6,1680.74,0,Potential Loyalists
13065,373,5,1260.91,1,At Risk
13066,24,2,470.8,0,Potential Loyalists
13067,82,3,508.51,0,Potential Loyalists
13068,10,2,344.0,0,Potential Loyalists
13069,1,38,9683.13,2,Champions
13070,192,4,751.7,0,Potential Loyalists
13071,612,1,129.22,1,At Risk
13072,267,1,177.15,0,Potential Loyalists
13073,411,2,418.08,1,At Risk
13074,511,4,1378.74,1,At Risk
13075,130,1,919.61,0,Potential Loyalists
13076,458,1,135.4,1,At Risk
13077,1,11,3064.67,3,Loyal Customers
13078,3,46,29532.45,2,Champions
13079,4,6,419.18,0,Potential Loyalists
13080,179,4,280.73,0,Potential Loyalists
13081,12,28,29730.420199999626,2,Champions
13082,126,21,7335.75,3,Loyal Customers
13083,4,3,395.43,0,Potential Loyalists
13084,492,1,122.39999999999999,1,At Risk
13085,158,8,2433.28,0,Potential Loyalists
13086,383,1,439.33000000000004,1,At Risk
13087,726,1,313.64,1,At Risk
13088,417,1,236.11,1,At Risk
13089,3,46,29730.420199999626,2,Champions
13090,9,24,14103.09,2,Champions
13091,28,3,2321.82,0,Potential Loyalists
13092,71,12,2140.28,3,Loyal Customers
13093,276,46,29730.420199999626,2,Champions
13094,21,13,2433.1200000000003,3,Loyal Customers
13095,71,1,74.39999999999999,0,Potential Loyalists
13096,394,1,419.70000000000005,1,At Risk
13097,33,28,13389.22,2,Champions
13098,1,28,28882.44,2,Champions
13099,99,1,207.35999999999999,0,Potential Loyalists
13101,234,4,695.4,0,Potential Loyalists
13102,1,37,11696.92,2,Champions
13103,40,3,709.64,0,Potential Loyalists
13104,3,9,1709.1,0,Potential Loyalists
13105,436,1,72.0,1,At Risk
13106,133,2,603.46,0,Potential Loyalists
13107,44,9,5253.07,3,Loyal Customers
13108,373,2,1098.52,1,At Risk
13109,60,3,1134.03,0,Potential Loyalists
13110,31,12,2957.4700000000003,3,Loyal Customers
13111,719,1,321.88000000000005,1,At Risk
13112,541,1,20.6,1,At Risk
13113,1,37,18625.73,2,Champions
13114,731,1,234.38,1,At Risk
13115,12,10,5494.7,3,Loyal Customers
13116,138,1,501.14,0,Potential Loyalists
13117,22,18,2643.81,3,Loyal Customers
13118,20,9,2415.41,0,Potential Loyalists
13119,669,1,134.9,1,At Risk
13120,239,1,30.599999999999998,0,Potential Loyalists
13121,269,1,283.73,0,Potential Loyalists
13122,94,2,922.39,0,Potential Loyalists
13123,473,2,506.75,1,At Risk
13124,90,4,4782.45,0,Potential Loyalists
13125,524,1,158.57,1,At Risk
13126,5,13,3998.25,3,Loyal Customers
13127,78,1,259.17,0,Potential Loyalists
13128,631,1,263.5,1,At Risk
13129,452,2,233.25,1,At Risk
13130,94,1,64.0,0,Potential Loyalists
13131,23,7,3313.77,0,Potential Loyalists
13132,262,1,77.3,0,Potential Loyalists
13133,274,3,200.45000000000002,0,Potential Loyalists
13134,86,6,2475.23,0,Potential Loyalists
13135,197,2,3371.45,0,Potential Loyalists
13136,56,13,6274.56,3,Loyal Customers
13137,11,16,7712.7,3,Loyal Customers
13138,22,7,1467.24,0,Potential Loyalists
13139,16,8,8202.98,3,Loyal Customers
13140,108,5,1215.68,0,Potential Loyalists
13141,85,17,7668.58,3,Loyal Customers
13142,19,1,307.09,0,Potential Loyalists
13143,585,1,405.1,1,At Risk
13144,333,2,135.35,1,At Risk
13145,40,7,1423.52,0,Potential Loyalists
13146,26,1,228.91,0,Potential Loyalists
13147,10,4,712.8000000000001,0,Potential Loyalists
13148,29,26,8621.81,3,Loyal Customers
13149,14,4,1676.06,0,Potential Loyalists
13150,484,3,449.96999999999997,1,At Risk
13151,296,3,2580.7400000000002,1,At Risk
13152,417,7,2146.38,1,At Risk
13153,6,1,486.22,0,Potential Loyalists
13154,399,3,1624.84,1,At Risk
13155,33,6,1750.18,0,Potential Loyalists
13156,385,3,1586.54,1,At Risk
13157,49,9,5687.36,3,Loyal Customers
13158,95,5,1508.18,0,Potential Loyalists
13159,9,4,1437.85,0,Potential Loyalists
13160,22,1,91.8,0,Potential Loyalists
13161,313,2,478.88,1,At Risk
13162,122,16,9275.49,3,Loyal Customers
13163,610,1,17.65,1,At Risk
13164,569,2,372.2,1,At Risk
13165,46,3,1451.16,0,Potential Loyalists
13166,283,2,884.18,1,At Risk
13167,19,5,1125.15,0,Potential Loyalists
13168,36,5,1875.31,0,Potential Loyalists
13169,64,3,840.08,0,Potential Loyalists
13170,27,1,116.00999999999999,0,Potential Loyalists
13171,22,3,468.41,0,Potential Loyalists
13172,400,1,69.6,1,At Risk
13173,4,11,2639.35,3,Loyal Customers
13174,16,12,9494.84,3,Loyal Customers
13175,582,2,831.45,1,At Risk
13176,46,1,492.84,0,Potential Loyalists
13177,65,2,512.2,0,Potential Loyalists
13178,26,21,14059.19,3,Loyal Customers
13179,619,1,572.3100000000001,1,At Risk
13180,607,1,86.10000000000001,1,At Risk
13181,381,1,359.69,1,At Risk
13182,45,1,121.18,0,Potential Loyalists
13183,8,15,7036.18,3,Loyal Customers
13184,15,10,1701.29,0,Potential Loyalists
13185,268,1,71.4,0,Potential Loyalists
13186,40,3,1575.89,0,Potential Loyalists
13187,337,4,367.01,1,At Risk
13188,11,1,114.60000000000001,0,Potential Loyalists
13189,19,2,260.68,0,Potential Loyalists
13190,544,3,570.66,1,At Risk
13191,658,1,164.69,1,At Risk
13192,95,6,2558.58,0,Potential Loyalists
13193,61,1,117.88,0,Potential Loyalists
13194,136,2,472.78,0,Potential Loyalists
13195,414,1,172.38,1,At Risk
13196,11,7,3068.84,0,Potential Loyalists
13197,610,1,373.01000000000005,1,At Risk
13198,10,8,4974.2300000000005,3,Loyal Customers
13199,4,46,16432.89,2,Champions
13200,19,4,870.09,0,Potential Loyalists
13201,502,4,1240.6100000000001,1,At Risk
13202,394,7,1580.3,1,At Risk
13203,10,10,2648.25,0,Potential Loyalists
13204,731,1,966.6600000000001,1,At Risk
13205,443,1,2803.2,1,At Risk
13206,400,13,8377.32,3,Loyal Customers
13207,15,4,535.86,0,Potential Loyalists
13208,59,9,1988.5,0,Potential Loyalists
13209,30,13,8509.51,3,Loyal Customers
13210,94,1,353.48,0,Potential Loyalists
13211,10,10,2729.32,0,Potential Loyalists
13212,20,3,788.08,0,Potential Loyalists
13213,57,11,3851.52,3,Loyal Customers
13214,418,7,3264.23,1,At Risk
13215,402,1,81.6,1,At Risk
13216,268,1,333.74,0,Potential Loyalists
13217,122,4,666.48,0,Potential Loyalists
13218,127,1,62.63999999999999,0,Potential Loyalists
13219,618,1,76.23,1,At Risk
13220,78,5,1336.0900000000001,0,Potential Loyalists
13221,240,2,847.41,0,Potential Loyalists
13222,577,1,88.5,1,At Risk
13223,200,6,969.1200000000001,0,Potential Loyalists
13224,60,2,2155.95,0,Potential Loyalists
13225,3,16,16260.07,3,Loyal Customers
13226,273,2,312.46,0,Potential Loyalists
13227,202,1,257.7,0,Potential Loyalists
13228,81,1,358.0,0,Potential Loyalists
13229,226,1,160.95,0,Potential Loyalists
13230,4,30,6360.78,3,Loyal Customers
13232,13,7,1357.6,0,Potential Loyalists
13233,74,4,1176.46,0,Potential Loyalists
13234,673,2,356.95,1,At Risk
13235,212,1,1031.07,0,Potential Loyalists
13236,25,2,744.85,0,Potential Loyalists
13237,388,1,643.0,1,At Risk
13238,17,6,1006.63,0,Potential Loyalists
13239,262,5,1594.69,0,Potential Loyalists
13240,96,8,1738.52,0,Potential Loyalists
13241,412,1,115.58,1,At Risk
13242,112,7,699.4,0,Potential Loyalists
13243,203,5,1278.04,0,Potential Loyalists
13244,93,1,121.74000000000001,0,Potential Loyalists
13245,51,2,989.22,0,Potential Loyalists
13246,18,11,3387.43,3,Loyal Customers
13247,18,4,501.12,0,Potential Loyalists
13248,125,2,465.68,0,Potential Loyalists
13249,92,9,1608.93,0,Potential Loyalists
13250,461,2,256.04,1,At Risk
13251,402,1,252.68,1,At Risk
13252,394,2,399.3,1,At Risk
13253,157,4,2951.11,0,Potential Loyalists
13254,376,1,51.410000000000004,1,At Risk
13255,9,3,904.46,0,Potential Loyalists
13257,436,1,149.75,1,At Risk
13258,12,5,1035.18,0,Potential Loyalists
13259,62,9,1433.38,0,Potential Loyalists
13260,61,1,557.62,0,Potential Loyalists
13261,269,2,944.1,0,Potential Loyalists
13262,263,3,573.45,0,Potential Loyalists
13263,1,39,8704.69,2,Champions
13264,443,1,722.5600000000001,1,At Risk
13265,53,5,2107.66,0,Potential Loyalists
13266,11,19,6135.04,3,Loyal Customers
13267,3,36,9758.26,2,Champions
13268,18,11,3214.69,3,Loyal Customers
13269,1,28,8891.7,3,Loyal Customers
13270,366,1,1180.0,1,At Risk
13271,37,1,217.38,0,Potential Loyalists
13272,31,2,276.56,0,Potential Loyalists
13273,113,1,138.98,0,Potential Loyalists
13274,409,1,360.85,1,At Risk
13275,384,2,241.66,1,At Risk
13276,64,5,1939.26,0,Potential Loyalists
13277,16,7,523.3,0,Potential Loyalists
13278,41,4,1435.85,0,Potential Loyalists
13279,78,1,137.75,0,Potential Loyalists
13280,122,7,2322.63,0,Potential Loyalists
13281,439,1,350.85,1,At Risk
13282,18,4,1313.19,0,Potential Loyalists
13283,60,4,373.36,0,Potential Loyalists
13284,331,1,201.19,1,At Risk
13285,23,6,3364.59,0,Potential Loyalists
13286,600,1,734.91,1,At Risk
13287,603,3,781.59,1,At Risk
13288,443,5,927.61,1,At Risk
13289,724,1,307.95,1,At Risk
13290,438,1,208.63,1,At Risk
13291,156,11,3320.84,3,Loyal Customers
13292,39,5,994.51,0,Potential Loyalists
13293,392,6,1192.94,1,At Risk
13294,190,3,1689.53,0,Potential Loyalists
13295,360,4,1101.97,1,At Risk
13296,137,6,792.51,0,Potential Loyalists
13297,8,7,4368.62,0,Potential Loyalists
13298,1,1,360.0,0,Potential Loyalists
13299,268,3,1218.7,0,Potential Loyalists
13300,169,3,1285.51,0,Potential Loyalists
13301,104,4,618.09,0,Potential Loyalists
13302,155,2,159.2,0,Potential Loyalists
13303,400,1,61.72,1,At Risk
13304,351,4,1217.99,1,At Risk
13305,4,16,3754.71,3,Loyal Customers
13306,430,1,53.65,1,At Risk
13307,120,3,273.34,0,Potential Loyalists
13308,23,4,1670.3700000000001,0,Potential Loyalists
13309,7,6,1706.3700000000001,0,Potential Loyalists
13310,28,5,1541.2,0,Potential Loyalists
13311,4,2,598.57,0,Potential Loyalists
13312,451,1,124.75,1,At Risk
13313,22,12,3445.32,3,Loyal Customers
13314,2,3,775.94,0,Potential Loyalists
13315,689,1,310.26,1,At Risk
13316,37,10,13191.57,3,Loyal Customers
13317,66,19,6486.091,3,Loyal Customers
13318,1,3,640.76,0,Potential Loyalists
13319,5,46,22082.5,2,Champions
13320,78,6,2228.1,0,Potential Loyalists
13321,72,2,567.36,0,Potential Loyalists
13322,17,1,199.48000000000002,0,Potential Loyalists
13323,3,5,787.85,0,Potential Loyalists
13324,36,18,10513.47,3,Loyal Customers
13325,82,1,675.3,0,Potential Loyalists
13326,432,1,281.76,1,At Risk
13327,39,20,9879.48,3,Loyal Customers
13328,316,1,1308.48,1,At Risk
13329,32,8,5112.97,3,Loyal Customers
13330,93,6,2806.18,0,Potential Loyalists
13331,402,1,262.4,1,At Risk
13332,14,1,350.9,0,Potential Loyalists
13333,411,3,1015.74,1,At Risk
13334,82,5,6263.75,0,Potential Loyalists
13336,77,1,795.12,0,Potential Loyalists
13337,546,1,1575.26,1,At Risk
13338,158,4,2445.62,0,Potential Loyalists
13339,201,1,860.12,0,Potential Loyalists
13340,45,12,22100.56,2,Champions
13341,261,1,775.85,0,Potential Loyalists
13343,178,1,353.43,0,Potential Loyalists
13344,68,3,2543.72,0,Potential Loyalists
13345,288,1,389.5,1,At Risk
13346,463,6,299.4,1,At Risk
13347,70,1,341.36,0,Potential Loyalists
13348,64,1,233.76,0,Potential Loyalists
13349,11,1,247.32,0,Potential Loyalists
13350,16,2,979.12,0,Potential Loyalists
13351,66,1,373.94,0,Potential Loyalists
13352,60,1,397.97999999999996,0,Potential Loyalists
13354,71,1,743.53,0,Potential Loyalists
13355,122,1,674.7,0,Potential Loyalists
13356,80,1,768.24,0,Potential Loyalists
13357,257,5,3838.36,0,Potential Loyalists
13358,269,1,439.03,0,Potential Loyalists
13359,64,2,1043.31,0,Potential Loyalists
13360,432,4,1553.65,1,At Risk
13361,472,2,1450.5,1,At Risk
13362,9,7,5394.07,3,Loyal Customers
13363,18,3,1723.86,0,Potential Loyalists
13364,71,1,134.95999999999998,0,Potential Loyalists
13365,34,2,2225.37,0,Potential Loyalists
13366,50,1,56.160000000000004,0,Potential Loyalists
13367,432,1,510.20000000000005,1,At Risk
13368,257,4,1121.5,0,Potential Loyalists
13369,366,1,616.5600000000001,1,At Risk
13370,372,1,1509.74,1,At Risk
13371,505,2,2297.66,1,At Risk
13372,90,1,378.64,0,Potential Loyalists
13373,61,6,7587.1900000000005,3,Loyal Customers
13374,415,2,422.8,1,At Risk
13375,89,2,1792.23,0,Potential Loyalists
13376,99,3,1019.76,0,Potential Loyalists
13377,397,2,1552.88,1,At Risk
13379,26,3,572.56,0,Potential Loyalists
13380,433,1,62.4,1,At Risk
13381,32,12,8224.37,3,Loyal Customers
13382,281,5,1387.58,0,Potential Loyalists
13383,544,1,305.28000000000003,1,At Risk
13384,31,11,6680.83,3,Loyal Customers
13385,330,1,534.57,1,At Risk
13386,414,2,835.46,1,At Risk
13387,417,1,189.44,1,At Risk
13388,131,3,1185.65,0,Potential Loyalists
13389,11,3,797.96,0,Potential Loyalists
13390,75,1,544.08,0,Potential Loyalists
13391,204,1,59.8,0,Potential Loyalists
13392,677,1,91.14,1,At Risk
13393,584,4,1131.45,1,At Risk
13394,2,19,6621.7,3,Loyal Customers
13395,185,3,1180.23,0,Potential Loyalists
13396,29,2,1360.99,0,Potential Loyalists
13397,73,10,3191.87,3,Loyal Customers
13398,192,2,670.34,0,Potential Loyalists
13399,464,3,275.4,1,At Risk
13400,583,1,310.83,1,At Risk
13402,127,4,1535.13,0,Potential Loyalists
13403,18,3,229.5,0,Potential Loyalists
13404,1,2,252.49,0,Potential Loyalists
13405,74,6,1213.811,0,Potential Loyalists
13406,427,2,568.92,1,At Risk
13407,579,3,2244.7,1,At Risk
13408,2,46,29730.420199999626,2,Champions
13410,24,9,2201.96,0,Potential Loyalists
13411,107,1,213.55,0,Potential Loyalists
13412,620,1,487.34999999999997,1,At Risk
13413,640,6,429.44,1,At Risk
13414,134,6,2494.14,0,Potential Loyalists
13415,473,4,800.67,1,At Risk
13416,44,3,940.8000000000001,0,Potential Loyalists
13417,5,6,1669.49,0,Potential Loyalists
13418,12,31,12233.6,2,Champions
13419,64,1,221.06,0,Potential Loyalists
13420,150,2,159.85,0,Potential Loyalists
13421,40,8,4103.12,0,Potential Loyalists
13422,64,1,2626.3,0,Potential Loyalists
13423,429,1,217.03,1,At Risk
13424,450,1,572.77,1,At Risk
13425,108,5,3403.63,0,Potential Loyalists
13426,1,22,8167.38,3,Loyal Customers
13427,19,6,1006.53,0,Potential Loyalists
13428,10,3,499.98,0,Potential Loyalists
13429,11,4,1006.8,0,Potential Loyalists
13430,19,2,679.45,0,Potential Loyalists
13431,67,8,3316.24,0,Potential Loyalists
13432,571,2,439.1,1,At Risk
13433,501,4,658.3199999999999,1,At Risk
13434,74,5,1666.8600000000001,0,Potential Loyalists
13435,5,9,4475.2300000000005,3,Loyal Customers
13436,2,1,196.89,0,Potential Loyalists
13437,14,7,3408.06,0,Potential Loyalists
13438,547,1,46.5,1,At Risk
13439,255,3,986.61,0,Potential Loyalists
13440,423,7,1295.25,1,At Risk
13441,92,2,720.9,0,Potential Loyalists
13442,667,3,419.87,1,At Risk
13443,449,6,1280.16,1,At Risk
13444,374,2,631.6800000000001,1,At Risk
13445,626,1,241.89999999999998,1,At Risk
13446,430,11,3881.89,1,At Risk
13447,23,3,1129.14,0,Potential Loyalists
13448,17,13,9240.87,3,Loyal Customers
13449,24,1,291.88,0,Potential Loyalists
13450,27,13,4120.04,3,Loyal Customers
13451,26,11,7190.92,3,Loyal Customers
13452,259,3,729.8,0,Potential Loyalists
13453,166,3,781.6899999999999,0,Potential Loyalists
13454,641,1,219.87,1,At Risk
13455,25,6,2905.93,0,Potential Loyalists
13456,18,6,1766.72,0,Potential Loyalists
13457,689,2,148.22,1,At Risk
13458,7,16,11959.27,3,Loyal Customers
13459,625,2,1160.4099999999999,1,At Risk
13460,29,2,183.44,0,Potential Loyalists
13461,39,6,4160.0,0,Potential Loyalists
13462,253,5,1153.85,0,Potential Loyalists
13464,58,6,3097.64,0,Potential Loyalists
13465,446,2,931.12,1,At Risk
13466,184,5,1013.35,0,Potential Loyalists
13467,11,2,1083.71,0,Potential Loyalists
13468,2,46,13390.51,2,Champions
13469,653,1,82.4,1,At Risk
13470,99,2,165.0,0,Potential Loyalists
13471,1,4,2531.58,0,Potential Loyalists
13472,464,2,592.24,1,At Risk
13473,61,8,2657.7599999999998,0,Potential Loyalists
13474,236,3,663.79,0,Potential Loyalists
13475,191,4,1431.78,0,Potential Loyalists
13476,179,5,2061.4700000000003,0,Potential Loyalists
13477,38,11,2834.17,3,Loyal Customers
13478,469,5,2215.78,1,At Risk
13479,201,4,851.37,0,Potential Loyalists
13480,417,2,627.82,1,At Risk
13481,46,11,3830.84,3,Loyal Customers
13482,232,2,336.09,0,Potential Loyalists
13483,66,1,140.34,0,Potential Loyalists
13484,241,3,790.72,0,Potential Loyalists
13485,233,11,3019.2200000000003,3,Loyal Customers
13486,78,3,1122.41,0,Potential Loyalists
13487,58,5,846.87,0,Potential Loyalists
13488,17,23,15587.88,2,Champions
13489,105,4,449.52,0,Potential Loyalists
13490,654,1,154.25,1,At Risk
13491,52,27,4566.56,3,Loyal Customers
13492,136,3,1269.84,0,Potential Loyalists
13493,275,2,618.63,0,Potential Loyalists
13494,312,1,316.26000000000005,1,At Risk
13495,8,10,5374.26,3,Loyal Customers
13496,11,2,653.33,0,Potential Loyalists
13497,283,6,1320.33,0,Potential Loyalists
13498,730,1,327.38,1,At Risk
13499,18,5,1159.11,0,Potential Loyalists
13500,23,4,1466.3,0,Potential Loyalists
13501,288,3,2885.11,1,At Risk
13502,17,5,780.5,0,Potential Loyalists
13503,71,6,1905.39,0,Potential Loyalists
13504,64,1,295.93,0,Potential Loyalists
13505,73,4,4393.63,0,Potential Loyalists
13506,316,5,1639.2,1,At Risk
13507,3,4,2479.16,0,Potential Loyalists
13508,244,2,287.05,0,Potential Loyalists
13509,9,8,1114.72,0,Potential Loyalists
13510,1,11,4558.29,3,Loyal Customers
13511,677,1,282.76,1,At Risk
13512,261,4,713.39,0,Potential Loyalists
13513,127,3,824.59,0,Potential Loyalists
13514,74,4,815.9000000000001,0,Potential Loyalists
13515,73,6,1265.82,0,Potential Loyalists
13516,21,4,1685.26,0,Potential Loyalists
13517,60,3,2128.42,0,Potential Loyalists
13518,86,1,659.4399999999999,0,Potential Loyalists
13519,78,2,343.21,0,Potential Loyalists
13520,59,11,6909.4,3,Loyal Customers
13521,1,3,1093.65,0,Potential Loyalists
13522,30,1,125.80000000000001,0,Potential Loyalists
13523,33,6,5101.52,0,Potential Loyalists
13524,41,5,680.1800000000001,0,Potential Loyalists
13525,15,2,628.78,0,Potential Loyalists
13526,738,2,1182.0,1,At Risk
13527,34,12,4683.74,3,Loyal Customers
13529,79,2,307.76,0,Potential Loyalists
13530,634,1,402.97999999999996,1,At Risk
13531,205,6,1738.52,0,Potential Loyalists
13532,34,1,210.31,0,Potential Loyalists
13533,183,3,270.79,0,Potential Loyalists
13534,2,35,7720.9,3,Loyal Customers
13535,403,1,89.5,1,At Risk
13536,1,7,3448.29,0,Potential Loyalists
13537,426,2,717.85,1,At Risk
13538,43,12,3112.73,3,Loyal Customers
13539,86,7,1569.3600000000001,0,Potential Loyalists
13540,467,3,632.39,1,At Risk
13541,427,2,785.25,1,At Risk
13542,377,17,4006.17,3,Loyal Customers
13543,634,2,1439.6100000000001,1,At Risk
13544,40,6,829.0,0,Potential Loyalists
13545,391,2,374.64,1,At Risk
13546,12,5,1092.14,0,Potential Loyalists
13547,408,1,175.53,1,At Risk
13548,96,3,908.99,0,Potential Loyalists
13549,26,8,1005.8,0,Potential Loyalists
13550,383,1,349.51,1,At Risk
13551,319,2,244.2,1,At Risk
13552,66,22,6978.92,3,Loyal Customers
13553,675,1,517.8,1,At Risk
13554,380,7,1638.28,1,At Risk
13555,74,13,8999.19,3,Loyal Customers
13556,429,2,200.82,1,At Risk
13557,28,13,3032.26,3,Loyal Customers
13558,6,4,605.06,0,Potential Loyalists
13559,513,2,990.0,1,At Risk
13560,7,1,174.37,0,Potential Loyalists
13561,216,11,1820.72,0,Potential Loyalists
13562,82,8,4838.18,3,Loyal Customers
13563,84,2,777.53,0,Potential Loyalists
13564,144,37,17249.55,2,Champions
13565,19,3,414.8,0,Potential Loyalists
13566,41,5,1708.1200000000001,0,Potential Loyalists
13567,428,4,1083.69,1,At Risk
13568,173,1,192.85,0,Potential Loyalists
13569,17,4,893.78,0,Potential Loyalists
13570,243,1,239.49,0,Potential Loyalists
13571,13,26,4546.54,3,Loyal Customers
13572,206,1,1384.25,0,Potential Loyalists
13573,50,6,916.47,0,Potential Loyalists
13574,411,1,421.25,1,At Risk
13575,23,5,732.0699999999999,0,Potential Loyalists
13576,10,28,11551.74,3,Loyal Customers
13577,25,11,3489.28,3,Loyal Customers
13578,409,1,147.66,1,At Risk
13579,15,5,1539.04,0,Potential Loyalists
13580,406,1,107.75,1,At Risk
13581,309,2,280.53000000000003,1,At Risk
13582,390,2,241.68,1,At Risk
13583,156,2,1445.031,0,Potential Loyalists
13584,307,3,392.45,1,At Risk
13585,531,3,684.54,1,At Risk
13586,541,1,131.53,1,At Risk
13587,64,4,1673.5,0,Potential Loyalists
13588,16,9,2478.95,0,Potential Loyalists
13589,15,6,1120.74,0,Potential Loyalists
13590,11,18,6349.59,3,Loyal Customers
13591,65,7,2093.94,0,Potential Loyalists
13592,36,4,247.95999999999998,0,Potential Loyalists
13593,108,14,5523.6900000000005,3,Loyal Customers
13594,53,2,533.32,0,Potential Loyalists
13595,517,3,818.22,1,At Risk
13596,6,2,697.04,0,Potential Loyalists
13597,400,2,396.71,1,At Risk
13598,47,5,789.59,0,Potential Loyalists
13599,1,33,10167.630000000001,2,Champions
13600,312,2,518.42,1,At Risk
13601,45,4,1185.14,0,Potential Loyalists
13602,65,4,1025.17,0,Potential Loyalists
13603,26,1,164.34,0,Potential Loyalists
13604,659,1,717.62,1,At Risk
13605,387,2,522.67,1,At Risk
13606,29,3,280.53999999999996,0,Potential Loyalists
13607,40,2,1078.31,0,Potential Loyalists
13608,541,1,236.2,1,At Risk
13609,593,1,167.35,1,At Risk
13610,12,14,2175.88,3,Loyal Customers
13611,89,10,3319.53,3,Loyal Customers
13612,633,1,818.29,1,At Risk
13613,453,5,1039.8500000000001,1,At Risk
13614,24,6,2359.19,0,Potential Loyalists
13615,319,8,6272.53,3,Loyal Customers
13616,568,2,288.1,1,At Risk
13617,40,8,1278.75,0,Potential Loyalists
13618,174,1,177.34,0,Potential Loyalists
13619,545,2,231.69,1,At Risk
13620,528,1,112.34,1,At Risk
13621,117,1,213.85,0,Potential Loyalists
13622,696,1,658.95,1,At Risk
13623,31,10,2566.49,0,Potential Loyalists
13624,388,1,462.08,1,At Risk
13625,597,1,301.26,1,At Risk
13626,253,2,707.04,0,Potential Loyalists
13627,59,7,2245.9,0,Potential Loyalists
13628,676,1,310.14,1,At Risk
13629,23,19,13370.86,3,Loyal Customers
13630,5,7,2031.78,0,Potential Loyalists
13631,100,11,3070.42,3,Loyal Customers
13632,25,8,3648.15,0,Potential Loyalists
13634,33,16,5073.47,3,Loyal Customers
13635,68,4,2999.16,0,Potential Loyalists
13636,37,5,949.12,0,Potential Loyalists
13637,52,3,810.5,0,Potential Loyalists
13638,16,1,122.64,0,Potential Loyalists
13639,74,2,1346.27,0,Potential Loyalists
13640,611,1,405.0,1,At Risk
13641,641,5,1016.47,1,At Risk
13642,216,4,514.72,0,Potential Loyalists
13643,31,10,2156.77,0,Potential Loyalists
13644,16,4,2624.26,0,Potential Loyalists
13645,120,1,252.1,0,Potential Loyalists
13646,400,2,326.25,1,At Risk
13647,10,8,3071.68,0,Potential Loyalists
13648,400,8,1764.02,1,At Risk
13649,257,6,1678.88,0,Potential Loyalists
13650,17,10,3288.0,3,Loyal Customers
13651,35,3,226.85,0,Potential Loyalists
13652,46,5,2570.85,0,Potential Loyalists
13653,488,1,152.2,1,At Risk
13654,43,11,6308.0,3,Loyal Customers
13655,114,6,2280.51,0,Potential Loyalists
13656,165,4,1078.85,0,Potential Loyalists
13657,11,2,382.14,0,Potential Loyalists
13658,10,9,6025.5,3,Loyal Customers
13659,206,12,4894.88,3,Loyal Customers
13660,400,1,314.59,1,At Risk
13661,603,1,325.24,1,At Risk
13662,86,11,2250.11,0,Potential Loyalists
13663,179,5,2047.51,0,Potential Loyalists
13665,386,3,1711.6599999999999,1,At Risk
13666,60,5,127.89999999999999,0,Potential Loyalists
13667,149,1,305.02,0,Potential Loyalists
13668,3,35,13089.94,2,Champions
13669,51,3,413.55,0,Potential Loyalists
13670,75,1,349.7,0,Potential Loyalists
13671,395,1,194.95,1,At Risk
13672,301,3,419.92,1,At Risk
13673,19,2,396.92,0,Potential Loyalists
13674,433,1,240.68,1,At Risk
13675,151,2,486.82000000000005,0,Potential Loyalists
13676,539,2,243.9,1,At Risk
13677,405,2,556.1899999999999,1,At Risk
13678,152,1,232.6,0,Potential Loyalists
13679,494,3,281.26,1,At Risk
13680,1,12,11435.67,3,Loyal Customers
13681,18,4,827.83,0,Potential Loyalists
13682,187,1,59.5,0,Potential Loyalists
13683,458,1,258.6,1,At Risk
13684,286,4,596.98,1,At Risk
13685,3,7,3119.44,0,Potential Loyalists
13686,183,3,409.04,0,Potential Loyalists
13687,438,1,11880.84,1,At Risk
13688,635,1,375.5,1,At Risk
13689,63,2,1259.5,0,Potential Loyalists
13690,59,1,172.25,0,Potential Loyalists
13691,396,1,212.78,1,At Risk
13692,25,5,3114.4,0,Potential Loyalists
13693,374,9,2011.82,1,At Risk
13694,4,46,29730.420199999626,2,Champions
13695,31,16,2770.73,3,Loyal Customers
13696,422,3,2020.4,1,At Risk
13697,39,1,151.29999999999998,0,Potential Loyalists
13698,597,2,465.53000000000003,1,At Risk
13699,155,2,764.15,0,Potential Loyalists
13700,26,13,2613.46,3,Loyal Customers
13701,447,1,161.0,1,At Risk
13702,446,1,135.18,1,At Risk
13703,318,2,425.56,1,At Risk
13704,5,9,2308.06,0,Potential Loyalists
13705,8,7,2035.33,0,Potential Loyalists
13706,303,2,631.17,1,At Risk
13707,267,5,3365.86,0,Potential Loyalists
13708,271,1,296.88,0,Potential Loyalists
13709,4,18,7591.75,3,Loyal Customers
13710,32,3,509.52,0,Potential Loyalists
13711,219,9,1792.26,0,Potential Loyalists
13712,247,2,766.42,0,Potential Loyalists
13713,408,3,743.26,1,At Risk
13714,465,1,161.35,1,At Risk
13715,281,17,8483.29,3,Loyal Customers
13716,269,1,138.28,0,Potential Loyalists
13717,32,8,1763.3,0,Potential Loyalists
13718,246,2,306.55,0,Potential Loyalists
13719,15,11,2815.25,3,Loyal Customers
13720,117,4,799.9,0,Potential Loyalists
13721,36,2,741.54,0,Potential Loyalists
13722,132,10,5635.41,3,Loyal Customers
13723,217,6,1209.2,0,Potential Loyalists
13724,637,1,213.01,1,At Risk
13725,50,8,1980.56,0,Potential Loyalists
13726,39,2,1079.6599999999999,0,Potential Loyalists
13727,29,8,1080.05,0,Potential Loyalists
13728,37,16,2855.17,3,Loyal Customers
13729,436,3,724.73,1,At Risk
13730,136,2,752.6,0,Potential Loyalists
13731,219,2,610.59,0,Potential Loyalists
13732,28,1,491.86,0,Potential Loyalists
13733,411,2,487.03000000000003,1,At Risk
13734,509,4,6701.640000000001,1,At Risk
13735,25,13,9813.22,3,Loyal Customers
13736,5,7,2766.21,0,Potential Loyalists
13737,200,1,339.59999999999997,0,Potential Loyalists
13738,396,1,440.93,1,At Risk
13739,18,2,292.2,0,Potential Loyalists
13740,241,5,1597.77,0,Potential Loyalists
13741,72,3,668.4300000000001,0,Potential Loyalists
13742,17,12,3131.02,3,Loyal Customers
13743,3,7,1341.6,0,Potential Loyalists
13744,95,2,1156.36,0,Potential Loyalists
13745,162,2,777.36,0,Potential Loyalists
13746,414,1,176.69,1,At Risk
13747,374,2,249.39999999999998,1,At Risk
13748,96,9,2268.35,0,Potential Loyalists
13750,54,11,3602.1800000000003,3,Loyal Customers
13751,288,1,296.25,1,At Risk
13752,124,7,1590.73,0,Potential Loyalists
13753,288,4,2094.57,1,At Risk
13754,152,3,447.05,0,Potential Loyalists
13755,4,9,2161.35,0,Potential Loyalists
13756,2,23,9207.5,3,Loyal Customers
13757,675,1,195.55,1,At Risk
13758,12,15,9416.98,3,Loyal Customers
13759,33,2,659.4100000000001,0,Potential Loyalists
13760,54,5,1363.6399999999999,0,Potential Loyalists
13761,50,6,1952.17,0,Potential Loyalists
13762,219,5,2472.48,0,Potential Loyalists
13763,63,3,5217.4400000000005,0,Potential Loyalists
13764,71,6,2953.26,0,Potential Loyalists
13765,653,1,352.821,1,At Risk
13766,495,1,190.35,1,At Risk
13767,2,46,29730.420199999626,2,Champions
13768,727,2,875.97,1,At Risk
13769,2,20,5800.42,3,Loyal Customers
13770,422,4,785.37,1,At Risk
13771,64,9,5728.82,3,Loyal Customers
13772,34,8,3114.22,0,Potential Loyalists
13773,397,2,301.54,1,At Risk
13774,82,1,345.0,0,Potential Loyalists
13775,591,1,1049.66,1,At Risk
13776,428,2,623.98,1,At Risk
13777,1,46,29730.420199999626,2,Champions
13778,103,4,1124.49,0,Potential Loyalists
13779,516,1,161.13,1,At Risk
13780,7,3,735.82,0,Potential Loyalists
13781,251,3,778.83,0,Potential Loyalists
13782,13,13,1793.72,3,Loyal Customers
13783,488,4,1542.09,1,At Risk
13784,10,14,2910.23,3,Loyal Customers
13785,429,4,542.49,1,At Risk
13786,367,6,3358.94,1,At Risk
13787,76,6,1222.5,0,Potential Loyalists
13788,505,1,3.75,1,At Risk
13789,388,1,239.45999999999998,1,At Risk
13790,4,1,348.8,0,Potential Loyalists
13791,128,2,1516.0,0,Potential Loyalists
13792,66,3,383.95,0,Potential Loyalists
13793,647,1,96.0,1,At Risk
13794,547,1,126.03,1,At Risk
13795,388,4,836.3,1,At Risk
13796,499,1,289.7,1,At Risk
13797,437,3,1179.45,1,At Risk
13798,1,46,29730.420199999626,2,Champions
13799,117,9,2803.57,0,Potential Loyalists
13800,310,3,1679.56,1,At Risk
13801,67,1,324.8,0,Potential Loyalists
13802,139,19,26259.11,2,Champions
13803,255,3,1338.91,0,Potential Loyalists
13804,31,9,3208.52,0,Potential Loyalists
13805,52,2,924.6,0,Potential Loyalists
13806,64,1,256.38,0,Potential Loyalists
13807,367,3,534.8,1,At Risk
13808,6,5,1747.66,0,Potential Loyalists
13809,305,3,679.7,1,At Risk
13810,29,3,1499.01,0,Potential Loyalists
13811,184,3,814.5,0,Potential Loyalists
13812,42,3,539.0,0,Potential Loyalists
13813,40,8,2765.47,0,Potential Loyalists
13814,92,3,2257.32,0,Potential Loyalists
13815,22,8,7475.74,3,Loyal Customers
13816,24,2,571.6700000000001,0,Potential Loyalists
13817,29,2,382.98,0,Potential Loyalists
13818,430,1,61.28,1,At Risk
13819,302,6,2642.35,1,At Risk
13820,418,3,660.65,1,At Risk
13821,145,6,1410.73,0,Potential Loyalists
13822,6,2,632.0,0,Potential Loyalists
13823,19,7,3403.4500000000003,0,Potential Loyalists
13824,33,12,3314.76,3,Loyal Customers
13825,622,2,255.59,1,At Risk
13826,176,1,189.5,0,Potential Loyalists
13827,58,3,412.05,0,Potential Loyalists
13828,22,1,209.49,0,Potential Loyalists
13829,421,1,102.0,1,At Risk
13830,582,1,156.85000000000002,1,At Risk
13831,16,18,7023.58,3,Loyal Customers
13832,19,2,613.6899999999999,0,Potential Loyalists
13833,159,2,701.36,0,Potential Loyalists
13834,577,2,324.19,1,At Risk
13835,25,7,1095.27,0,Potential Loyalists
13836,399,2,620.37,1,At Risk
13837,212,2,271.24,0,Potential Loyalists
13838,6,10,1966.09,0,Potential Loyalists
13839,486,1,139.95000000000002,1,At Risk
13840,416,1,651.4,1,At Risk
13841,253,1,85.0,0,Potential Loyalists
13842,59,18,5629.91,3,Loyal Customers
13843,381,1,319.75,1,At Risk
13844,11,1,361.62,0,Potential Loyalists
13845,65,1,312.98,0,Potential Loyalists
13846,25,4,1307.79,0,Potential Loyalists
13847,720,1,310.72,1,At Risk
13848,92,8,3335.0,0,Potential Loyalists
13849,52,5,3469.3,0,Potential Loyalists
13850,129,1,1595.48,0,Potential Loyalists
13851,96,8,4606.46,0,Potential Loyalists
13852,611,1,187.35000000000002,1,At Risk
13853,57,1,1090.14,0,Potential Loyalists
13854,9,39,12253.96,2,Champions
13855,501,4,1310.3400000000001,1,At Risk
13856,169,11,1142.03,0,Potential Loyalists
13857,393,6,1001.01,1,At Risk
13858,57,1,216.17,0,Potential Loyalists
13859,326,2,515.86,1,At Risk
13860,1,5,1245.9,0,Potential Loyalists
13861,429,2,273.26,1,At Risk
13862,18,9,2556.09,0,Potential Loyalists
13863,248,4,1239.55,0,Potential Loyalists
13864,387,1,662.4000000000001,1,At Risk
13865,58,4,501.56,0,Potential Loyalists
13866,74,1,145.67000000000002,0,Potential Loyalists
13867,31,3,1015.29,0,Potential Loyalists
13868,7,2,3192.54,0,Potential Loyalists
13869,123,10,8111.57,3,Loyal Customers
13870,2,15,5712.08,3,Loyal Customers
13871,23,17,7885.85,3,Loyal Customers
13872,527,3,919.57,1,At Risk
13873,120,8,1038.92,0,Potential Loyalists
13874,358,7,2049.15,1,At Risk
13875,54,14,4814.37,3,Loyal Customers
13876,64,1,122.7,0,Potential Loyalists
13877,86,3,449.68,0,Potential Loyalists
13878,55,4,2473.06,0,Potential Loyalists
13879,646,1,395.5,1,At Risk
13880,21,17,4391.66,3,Loyal Customers
13881,4,43,29730.420199999626,2,Champions
13882,3,5,1191.13,0,Potential Loyalists
13883,11,15,6560.02,3,Loyal Customers
13884,7,10,1888.48,0,Potential Loyalists
13885,189,2,506.8,0,Potential Loyalists
13886,71,1,243.56,0,Potential Loyalists
13887,204,1,349.55,0,Potential Loyalists
13888,120,7,2169.05,0,Potential Loyalists
13889,93,6,1991.23,0,Potential Loyalists
13890,1,14,2927.38,3,Loyal Customers
13891,378,3,863.5600000000001,1,At Risk
13892,27,6,1267.6499999999999,0,Potential Loyalists
13893,298,1,821.1,1,At Risk
13894,24,3,564.62,0,Potential Loyalists
13895,28,6,4008.52,0,Potential Loyalists
13896,626,1,388.55,1,At Risk
13897,50,3,1160.72,0,Potential Loyalists
13898,326,2,686.4,1,At Risk
13899,16,2,388.52,0,Potential Loyalists
13900,183,6,1610.59,0,Potential Loyalists
13901,72,15,5676.34,3,Loyal Customers
13902,632,5,29730.420199999626,2,Champions
13903,400,1,165.45000000000002,1,At Risk
13904,37,2,332.64,0,Potential Loyalists
13905,733,1,312.65,1,At Risk
13906,409,1,42.0,1,At Risk
13907,692,1,136.8,1,At Risk
13908,80,4,2369.55,0,Potential Loyalists
13909,423,2,286.6,1,At Risk
13911,57,20,4234.99,3,Loyal Customers
13912,424,1,124.95,1,At Risk
13913,507,1,42.22,1,At Risk
13914,12,2,626.45,0,Potential Loyalists
13915,394,1,70.80000000000001,1,At Risk
13916,464,4,1275.81,1,At Risk
13917,50,2,272.04,0,Potential Loyalists
13918,50,2,1212.8400000000001,0,Potential Loyalists
13919,59,4,1360.68,0,Potential Loyalists
13920,432,4,1774.68,1,At Risk
13921,402,4,730.7,1,At Risk
13922,352,3,865.2,1,At Risk
13923,54,1,351.13,0,Potential Loyalists
13924,2,6,1838.8500000000001,0,Potential Loyalists
13925,93,4,678.25,0,Potential Loyalists
13926,23,1,223.85000000000002,0,Potential Loyalists
13927,75,2,708.26,0,Potential Loyalists
13928,11,4,464.57,0,Potential Loyalists
13929,169,11,3494.1,3,Loyal Customers
13930,58,2,337.34,0,Potential Loyalists
13931,96,11,5257.38,3,Loyal Customers
13932,295,1,307.4,1,At Risk
13933,109,2,608.7900000000001,0,Potential Loyalists
13934,264,1,922.1,0,Potential Loyalists
13935,597,3,6116.92,1,At Risk
13936,180,3,939.66,0,Potential Loyalists
13937,169,2,880.13,0,Potential Loyalists
13938,35,1,71.66,0,Potential Loyalists
13939,23,7,1560.96,0,Potential Loyalists
13940,17,4,839.14,0,Potential Loyalists
13941,22,15,11122.300000000001,3,Loyal Customers
13942,535,1,320.0,1,At Risk
13943,578,1,246.54,1,At Risk
13944,653,1,200.43,1,At Risk
13945,395,2,854.15,1,At Risk
13946,79,6,1876.23,0,Potential Loyalists
13947,65,1,90.6,0,Potential Loyalists
13948,361,4,548.76,1,At Risk
13949,3,6,2427.32,0,Potential Loyalists
13950,11,4,745.06,0,Potential Loyalists
13951,176,3,674.45,0,Potential Loyalists
13952,218,14,12823.521,3,Loyal Customers
13953,7,12,6640.68,3,Loyal Customers
13954,2,2,439.92,0,Potential Loyalists
13955,154,3,545.17,0,Potential Loyalists
13956,5,5,1026.42,0,Potential Loyalists
13957,418,3,458.25,1,At Risk
13958,380,8,4709.2300000000005,1,At Risk
13959,79,6,1076.18,0,Potential Loyalists
13960,21,2,230.22,0,Potential Loyalists
13961,392,1,538.4,1,At Risk
13962,22,3,362.8,0,Potential Loyalists
13963,308,17,3011.87,3,Loyal Customers
13964,387,2,438.9,1,At Risk
13965,477,3,996.61,1,At Risk
13966,435,1,390.86,1,At Risk
13967,146,2,166.3,0,Potential Loyalists
13968,423,1,123.66,1,At Risk
13969,7,35,13365.87,2,Champions
13970,386,2,846.55,1,At Risk
13971,19,14,4667.57,3,Loyal Customers
13972,71,2,190.25,0,Potential Loyalists
13973,287,1,264.7,1,At Risk
13974,49,2,677.72,0,Potential Loyalists
13975,31,12,5358.84,3,Loyal Customers
13976,207,4,1192.36,0,Potential Loyalists
13977,411,1,519.8100000000001,1,At Risk
13978,15,2,196.79000000000002,0,Potential Loyalists
13979,73,7,3416.23,0,Potential Loyalists
13980,60,5,799.92,0,Potential Loyalists
13981,416,1,331.14,1,At Risk
13982,39,9,4445.59,3,Loyal Customers
13983,30,21,7108.45,3,Loyal Customers
13984,27,12,2048.6,3,Loyal Customers
13985,4,22,10020.86,3,Loyal Customers
13986,17,1,320.46,0,Potential Loyalists
13987,380,2,682.54,1,At Risk
13988,20,8,4757.8,3,Loyal Customers
13989,66,5,2026.06,0,Potential Loyalists
13990,213,1,311.3,0,Potential Loyalists
13991,12,6,855.97,0,Potential Loyalists
13992,30,3,219.5,0,Potential Loyalists
13993,43,19,6775.71,3,Loyal Customers
13994,4,6,2313.14,0,Potential Loyalists
13995,15,14,3902.01,3,Loyal Customers
13996,386,2,895.76,1,At Risk
13997,519,3,382.31,1,At Risk
13998,447,3,566.7,1,At Risk
13999,10,29,9502.26,3,Loyal Customers
14000,211,5,2046.3400000000001,0,Potential Loyalists
14001,46,9,4530.09,3,Loyal Customers
14002,134,2,529.73,0,Potential Loyalists
14003,733,1,209.41,1,At Risk
14004,43,11,6258.45,3,Loyal Customers
14005,10,5,2874.72,0,Potential Loyalists
14006,116,7,2196.67,0,Potential Loyalists
14007,513,1,79.48,1,At Risk
14008,432,1,509.04,1,At Risk
14009,198,3,1099.91,0,Potential Loyalists
14010,565,2,445.15,1,At Risk
14011,480,2,457.82,1,At Risk
14012,278,1,328.8,1,At Risk
14013,110,5,1084.57,0,Potential Loyalists
14014,77,3,1948.21,0,Potential Loyalists
14015,53,1,917.34,0,Potential Loyalists
14016,162,11,11403.41,3,Loyal Customers
14017,571,1,229.75,1,At Risk
14018,645,1,367.15000000000003,1,At Risk
14019,47,3,1421.61,0,Potential Loyalists
14020,17,4,1249.01,0,Potential Loyalists
14021,155,7,1716.58,0,Potential Loyalists
14022,225,2,792.15,0,Potential Loyalists
14023,7,2,584.07,0,Potential Loyalists
14024,122,3,645.74,0,Potential Loyalists
14025,465,8,4057.9,1,At Risk
14026,471,2,713.11,1,At Risk
14027,61,1,104.82,0,Potential Loyalists
14028,550,3,10396.5,1,At Risk
14029,63,2,467.66,0,Potential Loyalists
14030,18,20,8262.29,3,Loyal Customers
14031,7,44,29730.420199999626,2,Champions
14032,2,16,4850.2699999999995,3,Loyal Customers
14033,555,1,109.44,1,At Risk
14034,22,3,651.8199999999999,0,Potential Loyalists
14035,29,9,2856.72,0,Potential Loyalists
14036,285,1,626.65,1,At Risk
14037,176,6,836.95,0,Potential Loyalists
14038,78,5,3069.88,0,Potential Loyalists
14039,33,2,267.28000000000003,0,Potential Loyalists
14040,41,35,12645.57,2,Champions
14041,266,1,141.41,0,Potential Loyalists
14042,725,1,431.98,1,At Risk
14043,491,2,304.25,1,At Risk
14044,27,10,3123.1,3,Loyal Customers
14045,109,16,11313.029999999999,3,Loyal Customers
14046,284,1,154.99,1,At Risk
14047,9,14,4255.03,3,Loyal Customers
14048,305,3,748.69,1,At Risk
14049,17,13,13239.03,3,Loyal Customers
14050,32,2,746.36,0,Potential Loyalists
14051,1,37,22434.0,2,Champions
14052,20,2,480.81,0,Potential Loyalists
14053,124,4,572.3,0,Potential Loyalists
14054,65,1,92.46,0,Potential Loyalists
14055,106,3,1520.96,0,Potential Loyalists
14056,1,23,8214.65,3,Loyal Customers
14057,24,22,8408.84,3,Loyal Customers
14058,463,2,469.19,1,At Risk
14059,267,1,183.6,0,Potential Loyalists
14060,5,30,9519.08,3,Loyal Customers
14061,507,3,917.4300000000001,1,At Risk
14062,10,24,25604.2,2,Champions
14063,438,9,22710.2,2,Champions
14064,29,15,3332.42,3,Loyal Customers
14065,389,3,891.02,1,At Risk
14066,267,1,152.55,0,Potential Loyalists
14067,64,2,374.7,0,Potential Loyalists
14068,320,4,1528.3700000000001,1,At Risk
14069,515,2,230.06,1,At Risk
14070,685,1,326.55,1,At Risk
14071,4,8,1438.82,0,Potential Loyalists
14072,667,1,390.85,1,At Risk
14073,32,1,151.04,0,Potential Loyalists
14074,623,1,219.39999999999998,1,At Risk
14075,5,6,1734.87,0,Potential Loyalists
14076,129,1,122.47,0,Potential Loyalists
14077,41,6,615.0799999999999,0,Potential Loyalists
14078,102,9,1692.6299999999999,0,Potential Loyalists
14079,125,2,618.73,0,Potential Loyalists
14080,33,5,1115.68,0,Potential Loyalists
14081,302,10,5370.1,3,Loyal Customers
14082,365,2,413.36,1,At Risk
14083,4,11,1407.26,0,Potential Loyalists
14084,512,1,150.5,1,At Risk
14085,2,33,10104.97,2,Champions
14086,463,1,39.95,1,At Risk
14087,3,3,846.22,0,Potential Loyalists
14088,10,16,29730.420199999626,2,Champions
14089,57,1,161.0,0,Potential Loyalists
14090,325,1,76.32000000000001,1,At Risk
14091,654,2,9530.08,1,At Risk
14092,8,24,7229.45,3,Loyal Customers
14093,12,1,442.85,0,Potential Loyalists
14094,440,1,335.22,1,At Risk
14095,723,1,2.95,1,At Risk
14096,4,17,29730.420199999626,2,Champions
14097,481,2,422.85999999999996,1,At Risk
14098,37,1,147.35,0,Potential Loyalists
14099,16,20,5765.71,3,Loyal Customers
14100,138,1,194.9,0,Potential Loyalists
14101,74,13,9961.93,3,Loyal Customers
14102,5,5,1360.28,0,Potential Loyalists
14104,155,5,771.5799999999999,0,Potential Loyalists
14105,239,5,5988.83,0,Potential Loyalists
14106,737,1,214.79999999999998,1,At Risk
14107,52,11,4877.3,3,Loyal Customers
14108,31,4,1044.96,0,Potential Loyalists
14109,73,1,144.2,0,Potential Loyalists
14110,4,33,12987.95,2,Champions
14111,14,4,692.85,0,Potential Loyalists
14112,23,13,5834.59,3,Loyal Customers
14113,4,16,7092.610000000001,3,Loyal Customers
14114,274,7,1364.09,0,Potential Loyalists
14115,502,2,622.6700000000001,1,At Risk
14116,20,5,1382.74,0,Potential Loyalists
14117,144,1,90.0,0,Potential Loyalists
14118,429,1,458.45,1,At Risk
14119,376,2,183.37,1,At Risk
14121,4,4,2780.15,0,Potential Loyalists
14122,406,3,362.42,1,At Risk
14123,733,1,436.18,1,At Risk
14124,84,1,419.58000000000004,0,Potential Loyalists
14125,11,3,2740.43,0,Potential Loyalists
14126,8,4,1172.46,0,Potential Loyalists
14127,123,6,1900.0800000000002,0,Potential Loyalists
14128,61,3,924.21,0,Potential Loyalists
14129,2,9,2591.34,0,Potential Loyalists
14130,319,4,1882.67,1,At Risk
14131,649,1,187.87,1,At Risk
14132,2,11,3586.0299999999997,3,Loyal Customers
14133,130,4,911.14,0,Potential Loyalists
14134,383,15,11123.35,3,Loyal Customers
14135,2,24,9643.92,3,Loyal Customers
14136,401,5,1570.81,1,At Risk
14137,696,1,332.7,1,At Risk
14138,2,2,982.3800000000001,0,Potential Loyalists
14139,46,4,1086.8,0,Potential Loyalists
14140,4,2,935.05,0,Potential Loyalists
14141,3,4,915.13,0,Potential Loyalists
14142,373,2,983.15,1,At Risk
14143,134,1,115.8,0,Potential Loyalists
14144,486,1,30.599999999999998,1,At Risk
14145,47,7,7600.05,3,Loyal Customers
14146,9,12,9450.3,3,Loyal Customers
14147,78,9,2590.2,0,Potential Loyalists
14148,234,2,466.29,0,Potential Loyalists
14149,221,1,446.62,0,Potential Loyalists
14150,36,2,658.64,0,Potential Loyalists
14151,673,2,679.45,1,At Risk
14152,75,7,1997.3400000000001,0,Potential Loyalists
14153,483,1,233.4,1,At Risk
14154,239,8,6460.7,3,Loyal Customers
14155,266,1,118.75,0,Potential Loyalists
14156,10,46,29730.420199999626,2,Champions
14157,20,5,1002.78,0,Potential Loyalists
14158,40,1,507.66,0,Potential Loyalists
14159,20,20,7938.01,3,Loyal Customers
14160,610,7,8421.47,1,At Risk
14161,216,7,3318.88,0,Potential Loyalists
14162,174,2,289.36,0,Potential Loyalists
14163,87,5,2594.62,0,Potential Loyalists
14164,71,2,1631.77,0,Potential Loyalists
14165,276,1,122.53999999999999,1,At Risk
14166,505,2,256.85,1,At Risk
14167,39,8,1296.49,0,Potential Loyalists
14168,421,2,370.45,1,At Risk
14169,431,2,624.4300000000001,1,At Risk
14170,375,3,597.33,1,At Risk
14171,98,2,498.79,0,Potential Loyalists
14172,605,3,402.72,1,At Risk
14173,11,6,586.0,0,Potential Loyalists
14174,33,1,134.46,0,Potential Loyalists
14175,60,8,7678.88,3,Loyal Customers
14176,297,5,916.01,1,At Risk
14177,86,13,2229.34,3,Loyal Customers
14178,9,7,1620.93,0,Potential Loyalists
14179,41,2,719.78,0,Potential Loyalists
14180,11,33,6319.25,3,Loyal Customers
14181,411,2,310.55,1,At Risk
14182,444,4,678.77,1,At Risk
14183,411,2,286.29,1,At Risk
14184,67,1,452.89,0,Potential Loyalists
14185,331,1,197.65,1,At Risk
14186,427,5,1550.63,1,At Risk
14187,474,1,123.5,1,At Risk
14188,31,6,2054.36,0,Potential Loyalists
14189,2,16,5814.39,3,Loyal Customers
14190,666,1,79.9,1,At Risk
14191,2,15,4817.66,3,Loyal Customers
14192,388,1,293.74,1,At Risk
14193,68,3,1210.19,0,Potential Loyalists
14194,5,36,18670.59,2,Champions
14195,202,6,2615.6,0,Potential Loyalists
14196,107,1,335.52,0,Potential Loyalists
14197,411,1,390.05,1,At Risk
14198,18,9,1569.73,0,Potential Loyalists
14199,218,4,1091.7,0,Potential Loyalists
14200,617,1,379.2,1,At Risk
14201,60,10,1193.54,0,Potential Loyalists
14202,381,3,847.76,1,At Risk
14203,397,1,339.34,1,At Risk
14204,2,4,1062.96,0,Potential Loyalists
14205,17,9,2414.2,0,Potential Loyalists
14206,239,3,1185.01,0,Potential Loyalists
14207,688,1,157.8,1,At Risk
14208,95,2,567.05,0,Potential Loyalists
14209,11,15,4993.27,3,Loyal Customers
14210,106,16,5861.52,3,Loyal Customers
14211,53,18,4402.29,3,Loyal Customers
14212,90,2,2190.14,0,Potential Loyalists
14213,405,1,1192.2,1,At Risk
14214,31,5,1004.38,0,Potential Loyalists
14215,12,9,3416.33,0,Potential Loyalists
14216,3,5,2150.04,0,Potential Loyalists
14217,2,23,3416.89,3,Loyal Customers
14218,43,1,169.48000000000002,0,Potential Loyalists
14219,4,3,633.83,0,Potential Loyalists
14220,247,4,1515.0,0,Potential Loyalists
14221,42,17,6517.49,3,Loyal Customers
14222,177,1,683.17,0,Potential Loyalists
14223,92,3,991.13,0,Potential Loyalists
14224,110,9,1897.9,0,Potential Loyalists
14225,435,4,2037.02,1,At Risk
14226,29,6,3002.53,0,Potential Loyalists
14227,26,15,6368.71,3,Loyal Customers
14228,438,3,745.5,1,At Risk
14229,52,7,2594.04,0,Potential Loyalists
14230,436,3,979.8000000000001,1,At Risk
14231,184,4,1235.6200000000001,0,Potential Loyalists
14232,43,5,2048.07,0,Potential Loyalists
14233,49,7,2904.27,0,Potential Loyalists
14234,22,4,775.46,0,Potential Loyalists
14235,75,9,4717.99,3,Loyal Customers
14236,81,5,1744.64,0,Potential Loyalists
14237,373,2,632.14,1,At Risk
14238,326,3,434.23,1,At Risk
14239,43,21,4263.17,3,Loyal Customers
14240,30,3,1247.49,0,Potential Loyalists
14241,184,2,333.70000000000005,0,Potential Loyalists
14242,235,2,280.55,0,Potential Loyalists
14243,9,17,7431.05,3,Loyal Customers
14244,661,1,366.41999999999996,1,At Risk
14245,220,2,1693.45,0,Potential Loyalists
14246,111,3,1474.06,0,Potential Loyalists
14247,278,5,772.66,0,Potential Loyalists
14248,318,3,1032.95,1,At Risk
14249,411,12,5625.461,1,At Risk
14250,7,3,1904.05,0,Potential Loyalists
14251,2,5,2879.7000000000003,0,Potential Loyalists
14252,381,1,350.99,1,At Risk
14253,493,2,363.40000000000003,1,At Risk
14254,433,1,601.03,1,At Risk
14255,546,1,1000.63,1,At Risk
14256,260,5,2473.9900000000002,0,Potential Loyalists
14257,64,9,5954.45,3,Loyal Customers
14258,9,25,29730.420199999626,2,Champions
14259,142,1,120.0,0,Potential Loyalists
14260,471,3,824.28,1,At Risk
14261,51,2,1163.45,0,Potential Loyalists
14262,8,8,2618.23,0,Potential Loyalists
14263,423,1,322.93,1,At Risk
14264,155,6,1517.3600000000001,0,Potential Loyalists
14265,109,4,1373.35,0,Potential Loyalists
14266,428,1,40.56,1,At Risk
14267,163,3,1516.24,0,Potential Loyalists
14268,471,1,354.85,1,At Risk
14269,439,1,295.73,1,At Risk
14270,332,1,492.65000000000003,1,At Risk
14271,226,2,219.13,0,Potential Loyalists
14272,74,4,920.81,0,Potential Loyalists
14273,51,4,559.97,0,Potential Loyalists
14274,686,1,256.6,1,At Risk
14275,396,6,1189.3799999999999,1,At Risk
14276,99,7,2102.68,0,Potential Loyalists
14277,15,9,17225.81,3,Loyal Customers
14278,410,1,205.83,1,At Risk
14279,521,2,191.86,1,At Risk
14280,197,1,134.04,0,Potential Loyalists
14281,408,1,245.15,1,At Risk
14282,3,25,7849.66,3,Loyal Customers
14283,463,4,628.4399999999999,1,At Risk
14284,31,3,1299.65,0,Potential Loyalists
14285,21,8,3284.42,0,Potential Loyalists
14286,24,7,8479.76,3,Loyal Customers
14287,8,3,176.63,0,Potential Loyalists
14288,213,1,426.6,0,Potential Loyalists
14289,9,6,911.26,0,Potential Loyalists
14290,11,8,4516.56,3,Loyal Customers
14291,2,23,7904.1,3,Loyal Customers
14292,8,16,9226.25,3,Loyal Customers
14293,3,9,3267.9300000000003,0,Potential Loyalists
14294,407,1,375.34,1,At Risk
14295,40,5,2362.91,0,Potential Loyalists
14296,421,2,456.40000000000003,1,At Risk
14297,18,4,1305.33,0,Potential Loyalists
14298,8,46,29730.420199999626,2,Champions
14299,8,27,14499.49,2,Champions
14300,19,1,43.2,0,Potential Loyalists
14301,117,4,1992.18,0,Potential Loyalists
14302,431,3,742.9000000000001,1,At Risk
14303,407,2,277.94,1,At Risk
14304,223,3,1725.01,0,Potential Loyalists
14305,71,3,1858.96,0,Potential Loyalists
14306,51,6,3151.4,0,Potential Loyalists
14307,89,10,5071.03,3,Loyal Customers
14308,549,2,1147.02,1,At Risk
14309,8,11,3780.81,3,Loyal Customers
14310,433,1,492.1,1,At Risk
14311,243,2,516.45,0,Potential Loyalists
14312,47,11,3090.29,3,Loyal Customers
14314,107,2,229.8,0,Potential Loyalists
14315,45,8,3197.82,0,Potential Loyalists
14316,422,5,1370.34,1,At Risk
14317,65,1,508.58000000000004,0,Potential Loyalists
14318,460,1,158.02,1,At Risk
14319,424,1,494.85,1,At Risk
14320,207,5,1346.75,0,Potential Loyalists
14321,11,7,2218.06,0,Potential Loyalists
14322,429,4,474.1,1,At Risk
14323,115,2,605.0600000000001,0,Potential Loyalists
14324,410,2,701.61,1,At Risk
14325,570,1,245.48000000000002,1,At Risk
14326,242,3,940.98,0,Potential Loyalists
14327,163,6,1894.93,0,Potential Loyalists
14328,438,1,445.05,1,At Risk
14329,17,15,9927.22,3,Loyal Customers
14330,624,1,200.63,1,At Risk
14331,124,2,462.65999999999997,0,Potential Loyalists
14332,23,5,1943.51,0,Potential Loyalists
14333,68,1,415.2,0,Potential Loyalists
14334,17,12,4318.48,3,Loyal Customers
14335,16,2,468.26,0,Potential Loyalists
14336,17,4,1614.91,0,Potential Loyalists
14338,161,3,928.1,0,Potential Loyalists
14339,243,2,620.27,0,Potential Loyalists
14340,219,1,134.7,0,Potential Loyalists
14341,45,18,4467.32,3,Loyal Customers
14342,21,6,918.44,0,Potential Loyalists
14343,421,4,1088.91,1,At Risk
14344,127,20,3333.7000000000003,3,Loyal Customers
14345,39,1,108.97999999999999,0,Potential Loyalists
14346,121,5,2315.75,0,Potential Loyalists
14347,737,1,82.6,1,At Risk
14348,260,1,409.57,0,Potential Loyalists
14349,10,1,133.5,0,Potential Loyalists
14350,274,3,972.03,0,Potential Loyalists
14351,165,1,51.0,0,Potential Loyalists
14352,157,4,1078.96,0,Potential Loyalists
14353,215,3,376.5,0,Potential Loyalists
14354,6,2,163.62,0,Potential Loyalists
14355,366,3,1014.45,1,At Risk
14356,80,2,701.23,0,Potential Loyalists
14357,43,1,225.77,0,Potential Loyalists
14358,389,2,400.06,1,At Risk
14359,19,3,912.18,0,Potential Loyalists
14360,32,4,2128.23,0,Potential Loyalists
14361,579,1,214.70999999999998,1,At Risk
14362,22,1,161.2,0,Potential Loyalists
14363,402,2,227.47000000000003,1,At Risk
14364,109,8,3717.35,0,Potential Loyalists
14365,395,2,634.68,1,At Risk
14366,525,1,136.0,1,At Risk
14367,8,16,9261.52,3,Loyal Customers
14368,320,1,155.0,1,At Risk
14369,642,2,469.13,1,At Risk
14370,451,6,1175.78,1,At Risk
14371,295,1,100.5,1,At Risk
14372,443,2,860.08,1,At Risk
14373,358,1,76.55,1,At Risk
14374,541,1,108.0,1,At Risk
14375,185,3,1132.99,0,Potential Loyalists
14376,683,1,215.46,1,At Risk
14377,191,2,617.05,0,Potential Loyalists
14378,622,1,131.25,1,At Risk
14379,44,4,1268.91,0,Potential Loyalists
14380,682,1,48.96,1,At Risk
14381,52,2,631.34,0,Potential Loyalists
14382,26,2,1246.8,0,Potential Loyalists
14383,38,3,1247.69,0,Potential Loyalists
14384,501,1,58.5,1,At Risk
14385,9,3,202.11,0,Potential Loyalists
14386,297,1,142.4,1,At Risk
14387,33,3,1770.56,0,Potential Loyalists
14388,10,16,6701.0,3,Loyal Customers
14389,65,5,1898.01,0,Potential Loyalists
14390,10,13,6399.83,3,Loyal Customers
14391,577,1,135.6,1,At Risk
14392,432,1,266.4,1,At Risk
14393,218,1,67.95,0,Potential Loyalists
14394,565,1,93.8,1,At Risk
14395,2,20,8208.01,3,Loyal Customers
14396,65,7,2121.93,0,Potential Loyalists
14397,3,19,2612.96,3,Loyal Customers
14398,401,2,707.79,1,At Risk
14399,394,8,2113.16,1,At Risk
14400,149,3,1732.47,0,Potential Loyalists
14401,4,22,6795.9,3,Loyal Customers
14402,652,1,285.6,1,At Risk
14403,130,6,1880.51,0,Potential Loyalists
14404,34,13,2899.11,3,Loyal Customers
14405,387,1,195.0,1,At Risk
14406,119,1,156.75,0,Potential Loyalists
14407,107,6,2157.73,0,Potential Loyalists
14408,11,11,4109.77,3,Loyal Customers
14409,71,9,3756.09,0,Potential Loyalists
14410,92,11,2651.14,3,Loyal Customers
14411,311,1,1063.0,1,At Risk
14412,43,3,1426.19,0,Potential Loyalists
14413,362,4,770.37,1,At Risk
14414,92,8,2399.33,0,Potential Loyalists
14415,1,23,12091.6,3,Loyal Customers
14416,22,2,490.22,0,Potential Loyalists
14417,388,1,604.2,1,At Risk
14418,4,3,1937.25,0,Potential Loyalists
14419,11,7,1260.91,0,Potential Loyalists
14420,99,4,1639.17,0,Potential Loyalists
14421,57,6,2469.37,0,Potential Loyalists
14422,1,19,10271.52,3,Loyal Customers
14423,218,3,916.6099999999999,0,Potential Loyalists
14424,18,1,322.08,0,Potential Loyalists
14425,435,3,661.39,1,At Risk
14426,24,17,11727.94,3,Loyal Customers
14427,50,4,1263.52,0,Potential Loyalists
14428,7,5,1244.83,0,Potential Loyalists
14429,404,1,516.28,1,At Risk
14430,512,3,1220.9,1,At Risk
14431,303,4,2614.2,1,At Risk
14432,10,6,2255.51,0,Potential Loyalists
14433,466,1,289.6,1,At Risk
14434,22,6,1372.8,0,Potential Loyalists
14435,502,1,90.42,1,At Risk
14436,99,2,271.70000000000005,0,Potential Loyalists
14437,366,5,958.84,1,At Risk
14438,306,1,131.9,1,At Risk
14439,320,5,9443.04,3,Loyal Customers
14440,8,13,6638.7300000000005,3,Loyal Customers
14441,1,11,4611.6900000000005,3,Loyal Customers
14442,205,7,5367.0199999999995,0,Potential Loyalists
14443,54,5,2386.47,0,Potential Loyalists
14444,456,1,132.04,1,At Risk
14445,456,1,221.65,1,At Risk
14446,1,5,1241.31,0,Potential Loyalists
14447,19,6,1711.73,0,Potential Loyalists
14448,9,2,375.35,0,Potential Loyalists
14449,19,8,2482.8,0,Potential Loyalists
14450,181,7,1128.44,0,Potential Loyalists
14451,60,12,3308.77,3,Loyal Customers
14452,11,4,665.59,0,Potential Loyalists
14453,190,1,119.93,0,Potential Loyalists
14454,376,5,977.3,1,At Risk
14455,432,4,628.21,1,At Risk
14456,5,9,3062.4,0,Potential Loyalists
14457,311,1,113.64,1,At Risk
14458,381,1,237.42,1,At Risk
14459,155,2,5375.741,0,Potential Loyalists
14460,110,9,1093.5,0,Potential Loyalists
14461,148,13,6713.5,3,Loyal Customers
14462,66,12,2270.01,3,Loyal Customers
14463,98,4,786.5699999999999,0,Potential Loyalists
14464,568,2,111.0,1,At Risk
14465,247,11,3946.03,3,Loyal Customers
14466,29,13,4646.9,3,Loyal Customers
14467,18,12,2220.9900000000002,3,Loyal Customers
14468,734,1,204.24,1,At Risk
14469,416,4,2112.21,1,At Risk
14470,12,3,712.04,0,Potential Loyalists
14471,591,2,400.95,1,At Risk
14472,104,9,2228.22,0,Potential Loyalists
14473,74,2,234.34000000000003,0,Potential Loyalists
14474,46,2,1278.08,0,Potential Loyalists
14475,72,4,1151.15,0,Potential Loyalists
14476,257,1,215.7,0,Potential Loyalists
14477,20,7,1969.6,0,Potential Loyalists
14478,382,4,1276.66,1,At Risk
14479,254,4,1299.11,0,Potential Loyalists
14480,11,4,1299.52,0,Potential Loyalists
14481,165,5,2311.4900000000002,0,Potential Loyalists
14482,18,12,4357.91,3,Loyal Customers
14483,282,2,257.1,1,At Risk
14484,50,4,1070.98,0,Potential Loyalists
14485,39,1,165.75,0,Potential Loyalists
14486,512,2,175.5,1,At Risk
14487,27,7,1453.61,0,Potential Loyalists
14488,68,1,1064.28,0,Potential Loyalists
14489,207,4,1574.93,0,Potential Loyalists
14490,406,2,1273.47,1,At Risk
14491,175,2,468.13,0,Potential Loyalists
14492,430,7,1921.91,1,At Risk
14493,7,10,5130.15,3,Loyal Customers
14494,26,3,401.46,0,Potential Loyalists
14495,51,3,174.8,0,Potential Loyalists
14496,312,7,2668.23,1,At Risk
14497,309,2,697.0600000000001,1,At Risk
14498,43,10,3911.27,3,Loyal Customers
14499,26,7,2138.9700000000003,0,Potential Loyalists
14500,88,3,356.85,0,Potential Loyalists
14501,184,2,251.21,0,Potential Loyalists
14502,20,11,2470.67,3,Loyal Customers
14503,3,6,3543.26,0,Potential Loyalists
14504,47,4,673.26,0,Potential Loyalists
14505,17,19,12001.84,3,Loyal Customers
14506,17,7,3290.67,0,Potential Loyalists
14507,24,11,3284.43,3,Loyal Customers
14508,22,5,874.94,0,Potential Loyalists
14509,534,1,110.95,1,At Risk
14510,376,3,1007.28,1,At Risk
14511,11,5,1314.81,0,Potential Loyalists
14512,188,7,1223.47,0,Potential Loyalists
14513,101,6,788.01,0,Potential Loyalists
14514,61,9,4598.9800000000005,3,Loyal Customers
14515,18,12,3749.2599999999998,3,Loyal Customers
14516,516,1,163.92,1,At Risk
14517,33,2,330.45,0,Potential Loyalists
14518,64,1,174.37,0,Potential Loyalists
14519,684,2,206.09,1,At Risk
14520,2,2,270.6,0,Potential Loyalists
14521,491,1,199.45000000000002,1,At Risk
14522,24,8,1758.6200000000001,0,Potential Loyalists
14523,108,1,241.09,0,Potential Loyalists
14524,32,13,2933.71,3,Loyal Customers
14525,20,17,8240.64,3,Loyal Customers
14526,389,1,262.4,1,At Risk
14527,3,46,27792.3,2,Champions
14528,37,1,364.21999999999997,0,Potential Loyalists
14529,60,3,620.04,0,Potential Loyalists
14530,26,16,6197.4,3,Loyal Customers
14531,480,1,376.34,1,At Risk
14532,236,11,3859.1800000000003,3,Loyal Customers
14533,25,11,3466.37,3,Loyal Customers
14534,3,26,6271.11,3,Loyal Customers
14535,60,9,6030.7300000000005,3,Loyal Customers
14536,260,1,171.8,0,Potential Loyalists
14537,58,2,641.4,0,Potential Loyalists
14538,65,5,1370.8400000000001,0,Potential Loyalists
14539,16,2,537.48,0,Potential Loyalists
14540,10,11,3795.34,3,Loyal Customers
14541,59,14,2499.68,3,Loyal Customers
14542,186,1,103.25,0,Potential Loyalists
14543,29,39,14906.77,2,Champions
14544,24,3,2982.43,0,Potential Loyalists
14545,674,1,349.25,1,At Risk
14546,5,11,5197.9,3,Loyal Customers
14547,4,8,4007.54,0,Potential Loyalists
14548,151,9,2627.49,0,Potential Loyalists
14549,311,4,916.5500000000001,1,At Risk
14550,11,4,1353.31,0,Potential Loyalists
14551,18,7,880.04,0,Potential Loyalists
14552,152,3,511.28000000000003,0,Potential Loyalists
14553,19,9,1841.54,0,Potential Loyalists
14554,10,4,2381.04,0,Potential Loyalists
14555,57,6,2315.63,0,Potential Loyalists
14556,596,3,835.34,1,At Risk
14557,85,1,788.38,0,Potential Loyalists
14558,654,3,655.5,1,At Risk
14559,390,1,75.6,1,At Risk
14560,7,44,6114.03,2,Champions
14561,76,3,1080.76,0,Potential Loyalists
14562,4,26,6729.400000000001,3,Loyal Customers
14563,510,2,679.44,1,At Risk
14564,435,2,2605.62,1,At Risk
14565,96,5,3859.2200000000003,0,Potential Loyalists
14566,111,4,4092.0,0,Potential Loyalists
14567,57,2,1530.3600000000001,0,Potential Loyalists
14568,435,1,919.7,1,At Risk
14569,1,4,598.98,0,Potential Loyalists
14570,281,3,613.75,1,At Risk
14571,425,1,161.65,1,At Risk
14572,3,11,5615.18,3,Loyal Customers
14573,180,13,2621.42,3,Loyal Customers
14574,733,1,143.70000000000002,1,At Risk
14575,488,1,460.71,1,At Risk
14576,372,1,70.80000000000001,1,At Risk
14577,13,7,1374.25,0,Potential Loyalists
14578,3,1,168.63,0,Potential Loyalists
14579,432,1,105.56,1,At Risk
14580,518,1,14.850000000000001,1,At Risk
14581,17,2,433.8,0,Potential Loyalists
14582,41,1,114.11,0,Potential Loyalists
14583,6,8,1781.03,0,Potential Loyalists
14584,169,8,1747.91,0,Potential Loyalists
14585,50,5,1143.27,0,Potential Loyalists
14586,277,1,237.36,1,At Risk
14587,19,9,1601.14,0,Potential Loyalists
14588,578,1,135.39,1,At Risk
14589,372,1,79.5,1,At Risk
14590,425,20,3006.62,3,Loyal Customers
14591,15,4,1447.14,0,Potential Loyalists
14592,35,3,570.46,0,Potential Loyalists
14593,22,12,3712.0099999999998,3,Loyal Customers
14594,7,2,634.83,0,Potential Loyalists
14595,20,8,2164.45,0,Potential Loyalists
14596,627,1,229.47,1,At Risk
14597,11,6,2201.54,0,Potential Loyalists
14598,44,2,384.04,0,Potential Loyalists
14599,390,2,474.54,1,At Risk
14600,306,2,865.1700000000001,1,At Risk
14601,11,1,213.96,0,Potential Loyalists
14602,656,1,205.35999999999999,1,At Risk
14603,275,1,660.0,1,At Risk
14604,633,1,143.85999999999999,1,At Risk
14605,374,4,937.16,1,At Risk
14606,1,46,29730.420199999626,2,Champions
14607,16,22,24137.63,2,Champions
14608,4,11,3352.94,3,Loyal Customers
14609,72,10,1486.2,0,Potential Loyalists
14610,396,2,24.35,1,At Risk
14611,444,2,604.3299999999999,1,At Risk
14612,415,1,877.7,1,At Risk
14613,680,1,76.32000000000001,1,At Risk
14614,386,1,295.13,1,At Risk
14615,394,5,951.76,1,At Risk
14616,243,5,527.78,0,Potential Loyalists
14617,403,2,190.47000000000003,1,At Risk
14618,9,7,1342.32,0,Potential Loyalists
14619,246,2,1291.24,0,Potential Loyalists
14620,206,2,412.78000000000003,0,Potential Loyalists
14621,1,9,3000.57,0,Potential Loyalists
14622,185,1,320.58000000000004,0,Potential Loyalists
14623,32,10,2059.58,0,Potential Loyalists
14624,57,6,814.07,0,Potential Loyalists
14625,196,11,4497.88,3,Loyal Customers
14626,24,11,5410.92,3,Loyal Customers
14627,379,1,462.75,1,At Risk
14628,91,5,1998.0,0,Potential Loyalists
14629,4,2,959.01,0,Potential Loyalists
14630,484,1,338.65,1,At Risk
14631,51,6,2025.69,0,Potential Loyalists
14632,263,1,114.56,0,Potential Loyalists
14633,266,1,344.90000000000003,0,Potential Loyalists
14634,438,4,2124.46,1,At Risk
14635,454,1,215.22,1,At Risk
14636,36,2,609.85,0,Potential Loyalists
14637,677,1,106.67999999999999,1,At Risk
14638,51,1,443.6,0,Potential Loyalists
14639,52,9,4978.96,3,Loyal Customers
14640,24,10,3667.06,3,Loyal Customers
14641,22,1,110.46,0,Potential Loyalists
14642,59,1,96.12,0,Potential Loyalists
14643,170,5,1679.89,0,Potential Loyalists
14644,68,7,2247.72,0,Potential Loyalists
14645,157,3,876.89,0,Potential Loyalists
14646,2,46,29730.420199999626,2,Champions
14647,201,2,519.97,0,Potential Loyalists
14648,416,15,4546.86,3,Loyal Customers
14649,5,9,3775.31,3,Loyal Customers
14650,589,1,62.5,1,At Risk
14651,67,9,2034.1200000000001,0,Potential Loyalists
14652,77,1,114.18,0,Potential Loyalists
14653,1,12,3614.54,3,Loyal Customers
14654,738,1,246.86,1,At Risk
14655,8,7,3878.51,0,Potential Loyalists
14656,169,5,814.65,0,Potential Loyalists
14657,18,6,1460.8700000000001,0,Potential Loyalists
14658,5,2,247.15,0,Potential Loyalists
14659,9,9,2529.93,0,Potential Loyalists
14660,87,2,285.74,0,Potential Loyalists
14661,27,1,107.95,0,Potential Loyalists
14662,29,7,1416.33,0,Potential Loyalists
14663,430,2,490.6,1,At Risk
14664,20,2,637.89,0,Potential Loyalists
14665,61,7,2749.65,0,Potential Loyalists
14666,24,1,195.25,0,Potential Loyalists
14667,11,46,21927.14,2,Champions
14668,445,1,111.63,1,At Risk
14669,242,7,3243.93,0,Potential Loyalists
14670,280,3,602.0,1,At Risk
14671,549,2,1127.45,1,At Risk
14672,235,4,1113.14,0,Potential Loyalists
14673,3,7,3410.81,0,Potential Loyalists
14674,509,1,173.66,1,At Risk
14675,16,2,1066.9,0,Potential Loyalists
14676,31,12,8356.79,3,Loyal Customers
14677,593,1,184.91,1,At Risk
14678,579,1,403.39,1,At Risk
14679,382,3,1289.44,1,At Risk
14680,25,46,29730.420199999626,2,Champions
14681,71,6,875.1500000000001,0,Potential Loyalists
14682,188,6,1514.81,0,Potential Loyalists
14683,588,1,146.56,1,At Risk
14684,26,6,1468.55,0,Potential Loyalists
14685,576,8,4619.79,1,At Risk
14686,414,5,885.83,1,At Risk
14687,107,3,1402.06,0,Potential Loyalists
14688,8,28,7713.57,3,Loyal Customers
14689,209,1,112.8,0,Potential Loyalists
14690,44,4,794.33,0,Potential Loyalists
14691,31,5,2114.33,0,Potential Loyalists
14692,137,12,1745.09,3,Loyal Customers
14693,265,7,1165.36,0,Potential Loyalists
14694,617,1,244.31,1,At Risk
14695,519,3,1620.07,1,At Risk
14696,4,8,2767.9,0,Potential Loyalists
14697,218,2,188.60999999999999,0,Potential Loyalists
14698,2,5,1250.76,0,Potential Loyalists
14699,214,4,702.6,0,Potential Loyalists
14700,32,5,3116.26,0,Potential Loyalists
14701,11,15,4562.09,3,Loyal Customers
14702,1,29,6754.22,3,Loyal Customers
14703,15,1,318.17,0,Potential Loyalists
14704,11,11,1813.57,0,Potential Loyalists
14705,199,1,179.0,0,Potential Loyalists
14706,619,1,390.69,1,At Risk
14707,436,2,139.2,1,At Risk
14708,3,5,2212.2799999999997,0,Potential Loyalists
14709,15,25,8886.33,3,Loyal Customers
14710,14,13,1922.59,3,Loyal Customers
14711,10,11,2868.8,3,Loyal Customers
14712,29,4,1328.0700000000002,0,Potential Loyalists
14713,9,21,5418.87,3,Loyal Customers
14714,24,4,906.24,0,Potential Loyalists
14715,25,8,1840.45,0,Potential Loyalists
14716,43,3,565.45,0,Potential Loyalists
14717,733,1,81.3,1,At Risk
14718,410,1,226.42,1,At Risk
14719,2,5,1602.13,0,Potential Loyalists
14720,6,3,663.81,0,Potential Loyalists
14721,379,1,115.77,1,At Risk
14722,147,3,513.37,0,Potential Loyalists
14723,10,11,2093.06,3,Loyal Customers
14724,590,1,345.25,1,At Risk
14725,25,4,1315.24,0,Potential Loyalists
14726,655,1,124.75,1,At Risk
14727,274,3,467.92999999999995,0,Potential Loyalists
14728,413,1,190.58,1,At Risk
14729,374,3,907.38,1,At Risk
14730,1,8,2005.06,0,Potential Loyalists
14731,47,3,380.02,0,Potential Loyalists
14732,8,19,5517.07,3,Loyal Customers
14733,16,15,16184.97,3,Loyal Customers
14734,426,4,1056.42,1,At Risk
14735,4,46,12240.16,2,Champions
14736,485,2,401.08,1,At Risk
14737,4,4,3554.17,0,Potential Loyalists
14738,43,9,1821.9,0,Potential Loyalists
14739,4,25,12287.5,3,Loyal Customers
14740,197,11,4161.06,3,Loyal Customers
14741,12,7,1897.59,0,Potential Loyalists
14742,435,1,579.85,1,At Risk
14743,593,1,50.48,1,At Risk
14744,16,14,3885.08,3,Loyal Customers
14745,113,12,2571.81,3,Loyal Customers
14746,406,4,593.5,1,At Risk
14747,249,1,328.2,0,Potential Loyalists
14748,29,10,3152.32,3,Loyal Customers
14749,480,1,310.15,1,At Risk
14750,736,1,112.03,1,At Risk
14751,684,2,126.45,1,At Risk
14752,44,1,389.64,0,Potential Loyalists
14753,87,2,869.51,0,Potential Loyalists
14754,45,6,1550.48,0,Potential Loyalists
14755,10,25,9972.550000000001,3,Loyal Customers
14756,15,3,2653.76,0,Potential Loyalists
14757,75,1,420.5,0,Potential Loyalists
14758,145,7,2864.97,0,Potential Loyalists
14759,5,3,1625.97,0,Potential Loyalists
14760,297,1,89.2,1,At Risk
14761,59,3,447.92,0,Potential Loyalists
14762,264,2,417.57,0,Potential Loyalists
14764,47,1,278.3,0,Potential Loyalists
14765,29,3,254.11,0,Potential Loyalists
14766,8,11,6556.13,3,Loyal Customers
14767,474,1,382.81,1,At Risk
14768,17,2,192.60000000000002,0,Potential Loyalists
14769,3,17,15771.88,3,Loyal Customers
14770,232,8,3637.64,0,Potential Loyalists
14771,621,2,594.62,1,At Risk
14772,112,1,139.26,0,Potential Loyalists
14773,593,1,140.55,1,At Risk
14774,529,1,241.45,1,At Risk
14775,58,3,1418.46,0,Potential Loyalists
14776,51,15,3708.3,3,Loyal Customers
14777,404,1,307.56,1,At Risk
14778,127,2,730.86,0,Potential Loyalists
14779,281,3,386.15,1,At Risk
14780,55,2,447.68,0,Potential Loyalists
14782,320,1,200.10000000000002,1,At Risk
14783,659,1,307.3,1,At Risk
14784,26,3,449.93,0,Potential Loyalists
14785,10,2,77.4,0,Potential Loyalists
14786,550,1,90.96,1,At Risk
14787,471,1,110.65,1,At Risk
14788,7,3,1156.32,0,Potential Loyalists
14789,29,1,197.64,0,Potential Loyalists
14790,17,10,2526.62,0,Potential Loyalists
14791,607,1,303.63,1,At Risk
14792,64,1,6.2,0,Potential Loyalists
14793,21,2,625.9,0,Potential Loyalists
14794,3,10,1953.9,0,Potential Loyalists
14795,166,1,131.45000000000002,0,Potential Loyalists
14796,1,27,10889.64,3,Loyal Customers
14797,507,1,300.31,1,At Risk
14798,53,8,724.31,0,Potential Loyalists
14799,51,2,338.15,0,Potential Loyalists
14800,48,17,7774.32,3,Loyal Customers
14801,61,1,193.14,0,Potential Loyalists
14802,438,2,1502.98,1,At Risk
14803,162,3,845.55,0,Potential Loyalists
14804,9,1,353.27,0,Potential Loyalists
14805,15,7,1104.64,0,Potential Loyalists
14806,75,2,303.43,0,Potential Loyalists
14807,391,2,519.29,1,At Risk
14808,40,8,2741.17,0,Potential Loyalists
14809,621,2,686.76,1,At Risk
14810,41,13,2537.02,3,Loyal Customers
14811,387,1,170.5,1,At Risk
14812,599,1,185.8,1,At Risk
14813,370,4,1090.87,1,At Risk
14814,581,1,160.46,1,At Risk
14815,37,2,778.5,0,Potential Loyalists
14816,197,1,271.85,0,Potential Loyalists
14817,200,7,3959.86,0,Potential Loyalists
14818,74,6,1170.41,0,Potential Loyalists
14819,64,4,470.16,0,Potential Loyalists
14820,21,9,1274.76,0,Potential Loyalists
14821,367,7,1286.45,1,At Risk
14822,485,1,157.70000000000002,1,At Risk
14823,180,3,321.43,0,Potential Loyalists
14824,10,10,4022.9100000000003,3,Loyal Customers
14825,4,24,4925.08,3,Loyal Customers
14826,582,2,385.2,1,At Risk
14828,197,13,9839.460000000001,3,Loyal Customers
14829,29,7,1692.84,0,Potential Loyalists
14830,53,1,197.13,0,Potential Loyalists
14831,680,3,1676.57,1,At Risk
14832,630,1,322.69,1,At Risk
14833,499,1,94.8,1,At Risk
14834,18,7,2206.16,0,Potential Loyalists
14835,529,2,297.0,1,At Risk
14836,10,3,102.44999999999999,0,Potential Loyalists
14837,90,9,3460.32,0,Potential Loyalists
14838,423,2,773.6700000000001,1,At Risk
14839,418,3,915.28,1,At Risk
14840,268,2,362.71,0,Potential Loyalists
14841,53,14,7163.0,3,Loyal Customers
14842,44,4,2824.69,0,Potential Loyalists
14843,437,1,211.79999999999998,1,At Risk
14844,64,10,6702.43,3,Loyal Customers
14845,600,1,150.0,1,At Risk
14846,427,1,437.4,1,At Risk
14847,149,3,1348.95,0,Potential Loyalists
14848,405,1,310.56,1,At Risk
14849,22,43,15763.45,2,Champions
14850,312,7,1794.01,1,At Risk
14851,23,3,829.4100000000001,0,Potential Loyalists
14852,58,18,6147.18,3,Loyal Customers
14853,24,5,1376.87,0,Potential Loyalists
14854,78,11,4322.86,3,Loyal Customers
14855,119,7,6520.3,3,Loyal Customers
14856,36,3,1311.3799999999999,0,Potential Loyalists
14857,60,7,3651.851,0,Potential Loyalists
14858,506,1,180.75,1,At Risk
14859,13,5,1705.64,0,Potential Loyalists
14860,19,1,170.32,0,Potential Loyalists
14861,52,10,1380.73,0,Potential Loyalists
14862,26,2,841.1999999999999,0,Potential Loyalists
14863,29,1,266.76,0,Potential Loyalists
14865,7,4,129.72,0,Potential Loyalists
14866,11,19,20850.22,2,Champions
14867,186,16,2952.06,3,Loyal Customers
14868,3,12,4184.01,3,Loyal Customers
14869,9,6,2804.24,0,Potential Loyalists
14870,262,6,1838.95,0,Potential Loyalists
14871,3,9,1258.97,0,Potential Loyalists
14872,484,3,816.6,1,At Risk
14873,210,2,854.13,0,Potential Loyalists
14874,535,1,116.18,1,At Risk
14875,108,3,2862.4,0,Potential Loyalists
14876,521,2,256.7,1,At Risk
14877,418,2,437.0,1,At Risk
14878,13,25,4105.24,3,Loyal Customers
14879,685,1,185.06,1,At Risk
14880,77,3,706.19,0,Potential Loyalists
14881,20,1,255.4,0,Potential Loyalists
14882,27,14,3628.15,3,Loyal Customers
14883,19,6,761.59,0,Potential Loyalists
14884,669,1,120.6,1,At Risk
14885,132,3,1598.12,0,Potential Loyalists
14886,253,1,364.8,0,Potential Loyalists
14887,79,1,1862.0,0,Potential Loyalists
14888,207,1,369.2,0,Potential Loyalists
14889,336,1,135.9,1,At Risk
14890,254,3,817.25,0,Potential Loyalists
14891,148,4,1106.73,0,Potential Loyalists
14892,691,1,202.35000000000002,1,At Risk
14893,10,3,1809.6100000000001,0,Potential Loyalists
14894,85,3,1492.81,0,Potential Loyalists
14895,8,38,25119.54,2,Champions
14896,205,8,2092.42,0,Potential Loyalists
14897,8,8,3140.54,0,Potential Loyalists
14898,23,14,3507.81,3,Loyal Customers
14899,395,1,1384.88,1,At Risk
14900,522,1,13.919999999999998,1,At Risk
14901,11,12,2289.65,3,Loyal Customers
14902,26,3,1035.6200000000001,0,Potential Loyalists
14903,21,5,2810.63,0,Potential Loyalists
14904,2,4,1640.64,0,Potential Loyalists
14905,158,8,1971.39,0,Potential Loyalists
14906,445,1,68.44,1,At Risk
14907,3,16,6165.79,3,Loyal Customers
14908,74,2,381.9,0,Potential Loyalists
14909,437,3,1404.68,1,At Risk
14910,3,4,434.35,0,Potential Loyalists
14911,1,46,29730.420199999626,2,Champions
14912,17,6,1889.25,0,Potential Loyalists
14913,36,8,4073.13,0,Potential Loyalists
14915,91,11,1811.25,0,Potential Loyalists
14916,71,8,3042.95,0,Potential Loyalists
14917,597,2,1123.75,1,At Risk
14918,116,9,5955.81,3,Loyal Customers
14919,539,1,359.35,1,At Risk
14920,213,3,1607.17,0,Potential Loyalists
14921,30,2,1316.07,0,Potential Loyalists
14922,394,2,843.74,1,At Risk
14923,51,1,749.1,0,Potential Loyalists
14924,246,3,931.01,0,Potential Loyalists
14926,382,2,359.4,1,At Risk
14927,397,1,308.2,1,At Risk
14928,628,1,223.91000000000003,1,At Risk
14929,32,2,836.69,0,Potential Loyalists
14930,109,6,5246.63,0,Potential Loyalists
14931,5,5,1257.68,0,Potential Loyalists
14932,366,2,1029.66,1,At Risk
14933,444,4,1770.0,1,At Risk
14934,82,5,3503.5,0,Potential Loyalists
14935,297,2,2849.83,1,At Risk
14936,34,12,12410.81,3,Loyal Customers
14937,57,3,1621.88,0,Potential Loyalists
14938,562,2,2322.43,1,At Risk
14940,418,2,531.49,1,At Risk
14941,579,1,182.1,1,At Risk
14942,402,4,746.56,1,At Risk
14943,663,1,107.62,1,At Risk
14944,30,19,9784.67,3,Loyal Customers
14945,414,1,179.4,1,At Risk
14946,14,1,100.9,0,Potential Loyalists
14947,72,6,1049.79,0,Potential Loyalists
14948,23,6,1101.97,0,Potential Loyalists
14949,469,4,515.0,1,At Risk
14950,19,1,371.2,0,Potential Loyalists
14951,79,1,311.69,0,Potential Loyalists
14952,60,32,17629.35,2,Champions
14953,25,4,1013.77,0,Potential Loyalists
14954,12,2,503.44,0,Potential Loyalists
14955,733,1,163.77,1,At Risk
14956,421,1,1325.0,1,At Risk
14957,253,2,333.29,0,Potential Loyalists
14958,147,6,957.9399999999999,0,Potential Loyalists
14959,64,4,695.42,0,Potential Loyalists
14960,8,2,221.27,0,Potential Loyalists
14961,11,22,16410.15,2,Champions
14962,271,4,366.91,0,Potential Loyalists
14963,10,12,3164.48,3,Loyal Customers
14964,247,1,206.21,0,Potential Loyalists
14965,96,2,599.0,0,Potential Loyalists
14966,15,6,1115.8400000000001,0,Potential Loyalists
14967,50,6,1982.6100000000001,0,Potential Loyalists
14968,30,2,504.99,0,Potential Loyalists
14969,704,1,906.23,1,At Risk
14970,68,12,4919.35,3,Loyal Customers
14971,35,3,1116.57,0,Potential Loyalists
14972,128,2,145.07,0,Potential Loyalists
14973,107,3,1314.45,0,Potential Loyalists
14974,37,1,114.39,0,Potential Loyalists
14975,57,2,472.39,0,Potential Loyalists
14976,57,7,790.86,0,Potential Loyalists
14977,726,1,31.929999999999996,1,At Risk
14978,72,10,3142.14,3,Loyal Customers
14979,735,1,439.46,1,At Risk
14980,737,1,150.68,1,At Risk
14981,246,2,372.92,0,Potential Loyalists
14982,572,1,237.78,1,At Risk
14983,689,1,183.20000000000002,1,At Risk
14984,19,6,1271.41,0,Potential Loyalists
14985,198,2,296.75,0,Potential Loyalists
14986,376,2,566.9,1,At Risk
14987,16,8,1713.85,0,Potential Loyalists
14988,212,7,2066.6,0,Potential Loyalists
14989,662,1,342.4,1,At Risk
14990,612,2,305.42,1,At Risk
14991,430,1,314.67,1,At Risk
14992,442,1,210.5,1,At Risk
14993,564,1,36.13,1,At Risk
14994,382,5,960.63,1,At Risk
14995,39,2,233.23000000000002,0,Potential Loyalists
14996,481,2,442.28999999999996,1,At Risk
14997,46,4,776.5999999999999,0,Potential Loyalists
14998,170,4,770.73,0,Potential Loyalists
14999,593,1,129.48000000000002,1,At Risk
15000,48,1,490.52,0,Potential Loyalists
15001,394,2,230.85999999999999,1,At Risk
15002,116,9,4817.28,3,Loyal Customers
15003,473,6,1060.7,1,At Risk
15004,147,1,1246.32,0,Potential Loyalists
15005,16,46,14106.2,2,Champions
15006,51,2,825.14,0,Potential Loyalists
15007,159,1,156.91,0,Potential Loyalists
15008,480,2,360.0,1,At Risk
15009,12,3,1261.78,0,Potential Loyalists
15010,36,1,308.94,0,Potential Loyalists
15011,396,2,416.6,1,At Risk
15012,54,3,860.62,0,Potential Loyalists
15013,488,10,1641.3,1,At Risk
15014,43,2,260.17,0,Potential Loyalists
15015,501,13,2365.02,1,At Risk
15016,173,5,630.3,0,Potential Loyalists
15017,34,1,125.58,0,Potential Loyalists
15018,39,3,607.46,0,Potential Loyalists
15019,267,1,266.0,0,Potential Loyalists
15020,379,1,203.42,1,At Risk
15021,9,12,2783.83,3,Loyal Customers
15022,12,5,1186.09,0,Potential Loyalists
15023,3,20,12170.68,3,Loyal Customers
15024,10,16,4075.51,3,Loyal Customers
15025,33,2,1013.09,0,Potential Loyalists
15026,80,5,1061.61,0,Potential Loyalists
15027,31,10,3195.6,3,Loyal Customers
15028,8,6,1157.71,0,Potential Loyalists
15029,620,1,365.1,1,At Risk
15030,72,8,1979.91,0,Potential Loyalists
15031,4,14,3156.58,3,Loyal Customers
15032,256,8,13780.65,3,Loyal Customers
15033,5,10,2586.67,0,Potential Loyalists
15034,16,14,8313.4,3,Loyal Customers
15035,90,1,252.73000000000002,0,Potential Loyalists
15036,72,3,465.55,0,Potential Loyalists
15037,376,2,402.51,1,At Risk
15038,59,9,1309.86,0,Potential Loyalists
15039,10,46,29730.420199999626,2,Champions
15040,542,1,7.49,1,At Risk
15041,170,2,294.02,0,Potential Loyalists
15042,199,2,315.45,0,Potential Loyalists
15043,31,6,2873.7999999999997,0,Potential Loyalists
15044,19,35,16204.33,2,Champions
15045,152,2,735.66,0,Potential Loyalists
15046,9,25,7812.389999999999,3,Loyal Customers
15047,270,1,343.62,0,Potential Loyalists
15048,65,4,482.75,0,Potential Loyalists
15049,274,1,121.17000000000002,1,At Risk
15050,25,5,4193.79,0,Potential Loyalists
15051,23,9,3935.16,3,Loyal Customers
15052,319,1,215.78,1,At Risk
15053,5,3,697.79,0,Potential Loyalists
15054,12,2,302.1,0,Potential Loyalists
15055,475,3,560.07,1,At Risk
15056,520,1,133.45,1,At Risk
15057,275,5,3255.96,0,Potential Loyalists
15058,25,16,3410.03,3,Loyal Customers
15059,41,19,3523.57,3,Loyal Customers
15060,8,4,303.09,0,Potential Loyalists
15061,4,46,29730.420199999626,2,Champions
15062,71,8,2585.62,0,Potential Loyalists
15063,213,1,370.79999999999995,0,Potential Loyalists
15064,410,4,1254.41,1,At Risk
15065,38,5,3326.86,0,Potential Loyalists
15066,53,1,893.59,0,Potential Loyalists
15067,78,5,3877.88,0,Potential Loyalists
15068,46,4,1176.85,0,Potential Loyalists
15069,179,1,1109.53,0,Potential Loyalists
15070,373,3,843.25,1,At Risk
15071,94,4,1455.56,0,Potential Loyalists
15072,479,1,187.51999999999998,1,At Risk
15073,10,8,2788.02,0,Potential Loyalists
15074,105,3,1566.33,0,Potential Loyalists
15075,78,1,773.03,0,Potential Loyalists
15076,173,3,1447.74,0,Potential Loyalists
15077,495,2,2428.08,1,At Risk
15078,7,46,17761.88,2,Champions
15079,213,11,3767.35,3,Loyal Customers
15080,428,2,546.25,1,At Risk
15081,22,12,1965.72,3,Loyal Customers
15082,669,1,93.35000000000001,1,At Risk
15083,257,1,88.2,0,Potential Loyalists
15084,380,2,965.2,1,At Risk
15085,730,1,347.54,1,At Risk
15086,565,2,218.53,1,At Risk
15087,282,1,306.94,1,At Risk
15088,21,2,1160.07,0,Potential Loyalists
15089,10,6,2420.84,0,Potential Loyalists
15090,308,1,381.32,1,At Risk
15091,68,3,1046.6100000000001,0,Potential Loyalists
15092,215,3,776.46,0,Potential Loyalists
15093,18,23,14326.11,2,Champions
15094,463,2,83.0,1,At Risk
15095,104,10,3141.64,3,Loyal Customers
15096,43,1,219.39000000000001,0,Potential Loyalists
15097,4,3,908.35,0,Potential Loyalists
15098,182,3,29730.420199999626,2,Champions
15099,84,1,410.48,0,Potential Loyalists
15100,334,7,2894.7,1,At Risk
15101,9,6,1477.94,0,Potential Loyalists
15102,531,2,554.67,1,At Risk
15103,31,2,703.36,0,Potential Loyalists
15104,197,2,1027.44,0,Potential Loyalists
15105,18,9,3094.91,0,Potential Loyalists
15106,18,5,1422.52,0,Potential Loyalists
15107,311,9,940.35,1,At Risk
15108,142,4,1300.25,0,Potential Loyalists
15109,246,3,983.1,0,Potential Loyalists
15110,24,6,1505.8500000000001,0,Potential Loyalists
15111,29,5,2730.87,0,Potential Loyalists
15112,611,1,209.4,1,At Risk
15113,10,3,3609.33,0,Potential Loyalists
15114,30,12,3400.12,3,Loyal Customers
15115,18,2,531.85,0,Potential Loyalists
15116,18,4,1352.75,0,Potential Loyalists
15117,15,8,2485.9700000000003,0,Potential Loyalists
15118,134,1,244.8,0,Potential Loyalists
15119,246,1,266.4,0,Potential Loyalists
15120,134,1,358.82,0,Potential Loyalists
15121,50,2,457.72,0,Potential Loyalists
15122,114,11,4497.47,3,Loyal Customers
15123,7,5,4656.17,0,Potential Loyalists
15124,23,4,450.82,0,Potential Loyalists
15125,25,24,17024.87,2,Champions
15126,537,2,449.49,1,At Risk
15127,66,2,711.5,0,Potential Loyalists
15128,60,5,1783.68,0,Potential Loyalists
15129,50,23,6860.18,3,Loyal Customers
15130,170,1,330.11,0,Potential Loyalists
15131,395,1,80.28,1,At Risk
15132,18,5,977.9300000000001,0,Potential Loyalists
15133,128,5,1806.9,0,Potential Loyalists
15134,15,10,1596.29,0,Potential Loyalists
15135,239,2,305.68,0,Potential Loyalists
15136,3,4,1286.7,0,Potential Loyalists
15137,521,2,823.4,1,At Risk
15138,394,1,502.52,1,At Risk
15139,240,2,178.96,0,Potential Loyalists
15140,52,8,3243.69,0,Potential Loyalists
15141,458,7,1388.47,1,At Risk
15142,46,6,2619.92,0,Potential Loyalists
15143,226,2,563.63,0,Potential Loyalists
15144,8,29,12160.31,2,Champions
15145,4,4,1194.73,0,Potential Loyalists
15146,165,2,1327.16,0,Potential Loyalists
15147,240,1,623.5,0,Potential Loyalists
15148,11,1,301.29,0,Potential Loyalists
15149,134,5,1554.6100000000001,0,Potential Loyalists
15150,17,13,9001.08,3,Loyal Customers
15151,423,2,2085.61,1,At Risk
15152,10,14,5263.83,3,Loyal Customers
15153,31,1,329.25,0,Potential Loyalists
15154,75,3,1388.41,0,Potential Loyalists
15155,383,1,383.96999999999997,1,At Risk
15156,1,3,961.49,0,Potential Loyalists
15157,4,5,2654.11,0,Potential Loyalists
15158,45,2,606.02,0,Potential Loyalists
15159,2,34,22116.73,2,Champions
15160,357,4,589.27,1,At Risk
15161,388,1,119.92,1,At Risk
15162,731,1,312.9,1,At Risk
15163,18,2,304.47,0,Potential Loyalists
15164,69,9,2068.92,0,Potential Loyalists
15165,373,1,975.5,1,At Risk
15166,468,1,167.16,1,At Risk
15167,321,5,1659.67,1,At Risk
15168,26,1,106.56,0,Potential Loyalists
15169,382,2,569.22,1,At Risk
15170,407,1,81.15,1,At Risk
15171,331,1,1289.5,1,At Risk
15172,9,5,1624.05,0,Potential Loyalists
15173,381,7,1494.6,1,At Risk
15174,323,2,481.46,1,At Risk
15175,72,1,224.14,0,Potential Loyalists
15176,668,1,988.04,1,At Risk
15177,426,1,948.93,1,At Risk
15178,260,1,40.5,0,Potential Loyalists
15179,18,13,7491.92,3,Loyal Customers
15180,367,3,904.4300000000001,1,At Risk
15181,66,5,1200.2,0,Potential Loyalists
15182,154,11,2998.952,3,Loyal Customers
15183,548,3,639.93,1,At Risk
15184,29,4,689.95,0,Potential Loyalists
15185,70,1,310.62,0,Potential Loyalists
15186,14,5,1403.2,0,Potential Loyalists
15187,2,16,4777.18,3,Loyal Customers
15188,725,1,310.43,1,At Risk
15189,1,46,17524.38,2,Champions
15190,434,1,834.4399999999999,1,At Risk
15191,463,3,588.05,1,At Risk
15192,120,5,1981.39,0,Potential Loyalists
15193,61,1,499.32,0,Potential Loyalists
15194,3,28,12427.69,2,Champions
15195,3,1,3861.0,0,Potential Loyalists
15196,433,2,316.25,1,At Risk
15197,11,6,1877.51,0,Potential Loyalists
15198,92,5,571.35,0,Potential Loyalists
15199,59,10,3122.4,3,Loyal Customers
15200,495,1,549.05,1,At Risk
15201,87,7,1842.95,0,Potential Loyalists
15202,420,3,6001.49,1,At Risk
15203,26,15,4400.18,3,Loyal Customers
15204,357,1,316.58,1,At Risk
15205,85,2,653.24,0,Potential Loyalists
15206,10,4,420.29999999999995,0,Potential Loyalists
15207,416,3,683.9200000000001,1,At Risk
15208,1,6,970.52,0,Potential Loyalists
15209,730,1,178.98000000000002,1,At Risk
15210,225,3,1176.19,0,Potential Loyalists
15211,60,2,1277.48,0,Potential Loyalists
15212,241,2,208.28,0,Potential Loyalists
15213,319,2,328.35,1,At Risk
15214,2,8,1661.44,0,Potential Loyalists
15215,47,7,2422.43,0,Potential Loyalists
15216,88,2,486.09,0,Potential Loyalists
15217,563,1,426.24,1,At Risk
15218,11,22,11516.57,3,Loyal Customers
15219,176,2,685.45,0,Potential Loyalists
15220,52,6,1778.96,0,Potential Loyalists
15221,366,4,2465.4500000000003,1,At Risk
15222,319,11,3550.91,3,Loyal Customers
15223,226,5,1417.95,0,Potential Loyalists
15224,358,5,871.36,1,At Risk
15225,234,1,409.40000000000003,0,Potential Loyalists
15226,311,1,154.41,1,At Risk
15227,37,9,2488.4900000000002,0,Potential Loyalists
15228,66,6,5580.2699999999995,0,Potential Loyalists
15229,586,1,160.5,1,At Risk
15230,239,2,429.6,0,Potential Loyalists
15231,621,1,250.26,1,At Risk
15232,113,2,612.06,0,Potential Loyalists
15233,401,1,59.400000000000006,1,At Risk
15234,277,1,197.0,1,At Risk
15235,218,16,2937.81,3,Loyal Customers
15236,299,1,321.05,1,At Risk
15237,2,4,1412.32,0,Potential Loyalists
15238,29,3,1071.99,0,Potential Loyalists
15239,10,2,780.59,0,Potential Loyalists
15240,45,12,4459.98,3,Loyal Customers
15241,67,11,3050.16,3,Loyal Customers
15242,422,1,302.04,1,At Risk
15243,74,2,927.2800000000001,0,Potential Loyalists
15244,65,3,912.08,0,Potential Loyalists
15245,134,8,4610.84,0,Potential Loyalists
15246,238,3,780.4,0,Potential Loyalists
15247,122,3,976.06,0,Potential Loyalists
15248,411,3,1893.93,1,At Risk
15249,32,18,9266.0,3,Loyal Customers
15250,641,1,60.0,1,At Risk
15251,9,21,20324.54,2,Champions
15252,36,5,2103.41,0,Potential Loyalists
15253,16,8,2055.09,0,Potential Loyalists
15254,127,3,1088.35,0,Potential Loyalists
15255,67,9,3729.42,0,Potential Loyalists
15256,149,2,170.4,0,Potential Loyalists
15257,283,2,685.9,1,At Risk
15258,169,2,623.16,0,Potential Loyalists
15259,513,4,1182.3799999999999,1,At Risk
15260,100,25,9188.23,3,Loyal Customers
15261,135,4,1508.0,0,Potential Loyalists
15262,324,3,418.82,1,At Risk
15263,107,1,156.51,0,Potential Loyalists
15264,64,2,848.4,0,Potential Loyalists
15265,151,4,3345.64,0,Potential Loyalists
15266,338,5,852.21,1,At Risk
15267,22,5,1717.36,0,Potential Loyalists
15268,479,3,961.9000000000001,1,At Risk
15269,24,3,1225.3600000000001,0,Potential Loyalists
15270,16,21,8524.86,3,Loyal Customers
15271,7,24,4709.54,3,Loyal Customers
15272,57,6,2085.48,0,Potential Loyalists
15273,600,1,228.96,1,At Risk
15274,4,2,716.57,0,Potential Loyalists
15275,38,1,615.14,0,Potential Loyalists
15276,66,4,649.53,0,Potential Loyalists
15277,47,2,476.34,0,Potential Loyalists
15278,562,4,496.15999999999997,1,At Risk
15279,355,5,1580.54,1,At Risk
15280,172,3,406.21999999999997,0,Potential Loyalists
15281,59,16,8543.57,3,Loyal Customers
15282,570,1,348.59,1,At Risk
15283,390,3,148.33,1,At Risk
15284,500,1,24.75,1,At Risk
15285,408,1,94.92,1,At Risk
15286,50,1,240.55,0,Potential Loyalists
15287,22,5,856.03,0,Potential Loyalists
15288,43,10,3883.13,3,Loyal Customers
15289,29,5,1593.09,0,Potential Loyalists
15290,5,26,10496.28,3,Loyal Customers
15291,26,40,13846.56,2,Champions
15292,201,1,180.94,0,Potential Loyalists
15293,666,1,247.5,1,At Risk
15294,411,1,233.35,1,At Risk
15295,654,1,217.23999999999998,1,At Risk
15296,51,12,10342.83,3,Loyal Customers
15297,10,3,641.94,0,Potential Loyalists
15298,2,23,9459.37,3,Loyal Customers
15299,67,10,7991.54,3,Loyal Customers
15300,64,1,496.44,0,Potential Loyalists
15301,51,17,7603.4400000000005,3,Loyal Customers
15302,730,1,308.0,1,At Risk
15303,290,3,1224.18,1,At Risk
15304,61,9,919.5500000000001,0,Potential Loyalists
15305,555,1,93.6,1,At Risk
15306,64,9,3484.73,0,Potential Loyalists
15307,96,1,205.3,0,Potential Loyalists
15308,274,1,310.47,1,At Risk
15309,611,4,797.96,1,At Risk
15310,479,1,1634.64,1,At Risk
15311,1,46,29730.420199999626,2,Champions
15312,75,12,2930.19,3,Loyal Customers
15313,110,1,52.0,0,Potential Loyalists
15314,199,3,820.4499999999999,0,Potential Loyalists
15315,64,2,570.5,0,Potential Loyalists
15316,327,1,165.0,1,At Risk
15317,677,1,129.75,1,At Risk
15318,4,1,312.62,0,Potential Loyalists
15319,284,1,204.5,1,At Risk
15320,44,1,267.13,0,Potential Loyalists
15321,71,12,6709.7300000000005,3,Loyal Customers
15322,86,2,1390.86,0,Potential Loyalists
15323,563,3,434.6,1,At Risk
15324,701,1,140.22000000000003,1,At Risk
15325,104,8,1602.01,0,Potential Loyalists
15326,334,5,1700.52,1,At Risk
15327,53,1,208.75,0,Potential Loyalists
15328,408,1,107.24,1,At Risk
15329,39,11,2984.33,3,Loyal Customers
15330,32,2,714.96,0,Potential Loyalists
15331,500,3,767.91,1,At Risk
15332,366,6,6553.74,1,At Risk
15333,208,1,1028.56,0,Potential Loyalists
15334,157,3,351.67,0,Potential Loyalists
15335,54,1,173.97,0,Potential Loyalists
15336,402,1,240.5,1,At Risk
15337,411,1,373.02,1,At Risk
15338,677,1,283.43,1,At Risk
15339,66,7,1827.84,0,Potential Loyalists
15340,562,1,105.5,1,At Risk
15341,81,2,2402.7200000000003,0,Potential Loyalists
15342,130,1,406.09,0,Potential Loyalists
15343,87,1,364.5,0,Potential Loyalists
15344,1,3,563.94,0,Potential Loyalists
15345,46,1,393.54,0,Potential Loyalists
15346,333,3,596.12,1,At Risk
15347,366,4,1363.6,1,At Risk
15348,72,1,158.04,0,Potential Loyalists
15349,158,2,473.81,0,Potential Loyalists
15350,373,2,663.25,1,At Risk
15351,12,10,3738.29,3,Loyal Customers
15352,549,1,114.95,1,At Risk
15353,255,7,3175.95,0,Potential Loyalists
15354,603,3,284.4,1,At Risk
15355,29,2,277.05,0,Potential Loyalists
15356,31,13,3464.95,3,Loyal Customers
15358,5,42,17050.41,2,Champions
15359,663,8,181.35,1,At Risk
15360,40,1,427.93,0,Potential Loyalists
15361,362,4,689.07,1,At Risk
15362,449,2,613.08,1,At Risk
15363,373,2,1004.11,1,At Risk
15364,96,2,913.19,0,Potential Loyalists
15365,26,13,4557.13,3,Loyal Customers
15366,75,7,2389.08,0,Potential Loyalists
15367,57,11,5081.33,3,Loyal Customers
15368,21,2,722.74,0,Potential Loyalists
15369,492,11,6251.26,1,At Risk
15370,41,8,3739.01,0,Potential Loyalists
15371,662,1,59.400000000000006,1,At Risk
15372,137,8,6017.06,3,Loyal Customers
15373,8,17,3421.39,3,Loyal Customers
15374,129,2,307.32,0,Potential Loyalists
15375,690,1,60.959999999999994,1,At Risk
15376,40,3,1233.3600000000001,0,Potential Loyalists
15377,383,4,1211.75,1,At Risk
15378,463,2,246.5,1,At Risk
15379,169,8,4877.84,3,Loyal Customers
15380,9,11,3479.0600000000004,3,Loyal Customers
15381,214,5,1890.5700000000002,0,Potential Loyalists
15382,15,12,13733.550000000001,3,Loyal Customers
15384,170,4,2027.79,0,Potential Loyalists
15385,40,3,942.08,0,Potential Loyalists
15386,186,1,394.14,0,Potential Loyalists
15387,492,1,468.65,1,At Risk
15388,270,1,140.54,0,Potential Loyalists
15389,172,5,2733.8,0,Potential Loyalists
15390,396,2,1216.66,1,At Risk
15391,584,1,289.87,1,At Risk
15392,5,7,2911.62,0,Potential Loyalists
15393,16,5,891.34,0,Potential Loyalists
15394,10,11,5286.8,3,Loyal Customers
15395,326,1,107.45,1,At Risk
15396,113,2,796.38,0,Potential Loyalists
15397,290,1,94.0,1,At Risk
15398,16,2,1345.53,0,Potential Loyalists
15399,1,3,815.77,0,Potential Loyalists
15400,92,8,1302.3,0,Potential Loyalists
15401,452,2,216.95000000000002,1,At Risk
15402,149,6,1830.54,0,Potential Loyalists
15403,492,2,170.88,1,At Risk
15404,376,1,257.06,1,At Risk
15405,189,2,659.84,0,Potential Loyalists
15406,31,4,975.87,0,Potential Loyalists
15407,34,4,1056.44,0,Potential Loyalists
15408,264,1,267.18,0,Potential Loyalists
15409,721,1,131.25,1,At Risk
15410,84,10,4685.72,3,Loyal Customers
15411,26,4,1358.88,0,Potential Loyalists
15412,171,1,190.53,0,Potential Loyalists
15413,692,5,6798.72,1,At Risk
15414,10,3,774.9000000000001,0,Potential Loyalists
15415,313,1,572.8100000000001,1,At Risk
15416,65,7,4572.82,0,Potential Loyalists
15417,85,1,508.8,0,Potential Loyalists
15418,425,2,452.32,1,At Risk
15419,25,1,135.86,0,Potential Loyalists
15420,434,6,743.0,1,At Risk
15421,59,10,3805.34,3,Loyal Customers
15422,323,7,1619.97,1,At Risk
15423,38,3,266.89,0,Potential Loyalists
15424,254,3,597.78,0,Potential Loyalists
15425,400,4,1944.57,1,At Risk
15426,19,9,2615.39,0,Potential Loyalists
15427,33,3,1483.14,0,Potential Loyalists
15428,15,4,762.75,0,Potential Loyalists
15429,27,2,397.35,0,Potential Loyalists
15430,468,2,954.75,1,At Risk
15431,503,1,153.24,1,At Risk
15432,23,2,320.76,0,Potential Loyalists
15433,214,2,533.3,0,Potential Loyalists
15434,8,11,2567.06,3,Loyal Customers
15435,22,1,149.29,0,Potential Loyalists
15436,12,3,1122.53,0,Potential Loyalists
15437,262,2,393.45,0,Potential Loyalists
15438,131,1,156.57999999999998,0,Potential Loyalists
15439,405,4,1269.05,1,At Risk
15440,55,3,383.68,0,Potential Loyalists
15441,396,3,1254.21,1,At Risk
15442,249,1,594.0,0,Potential Loyalists
15443,2,14,5175.93,3,Loyal Customers
15444,9,2,1418.26,0,Potential Loyalists
15445,264,2,284.5,0,Potential Loyalists
15446,377,3,406.95,1,At Risk
15447,331,5,492.88,1,At Risk
15448,313,2,788.81,1,At Risk
15449,26,3,974.52,0,Potential Loyalists
15450,30,1,429.84,0,Potential Loyalists
15451,434,2,233.21,1,At Risk
15452,30,6,1799.1100000000001,0,Potential Loyalists
15453,2,7,1388.37,0,Potential Loyalists
15454,362,2,307.69,1,At Risk
15455,598,1,38.25,1,At Risk
15456,283,10,2119.27,0,Potential Loyalists
15457,262,1,237.07,0,Potential Loyalists
15458,25,2,370.43999999999994,0,Potential Loyalists
15459,417,2,202.82999999999998,1,At Risk
15460,354,1,216.76,1,At Risk
15461,461,2,429.7,1,At Risk
15462,94,4,737.05,0,Potential Loyalists
15463,29,1,126.14,0,Potential Loyalists
15464,338,1,1048.85,1,At Risk
15465,20,32,12655.65,2,Champions
15466,85,4,1571.01,0,Potential Loyalists
15467,9,3,524.88,0,Potential Loyalists
15468,51,3,1430.48,0,Potential Loyalists
15469,50,3,874.25,0,Potential Loyalists
15470,576,1,63.419999999999995,1,At Risk
15471,2,3,1316.56,0,Potential Loyalists
15472,113,1,371.56,0,Potential Loyalists
15473,14,8,2046.0,0,Potential Loyalists
15474,596,1,163.1,1,At Risk
15475,77,1,454.10999999999996,0,Potential Loyalists
15476,380,4,2209.98,1,At Risk
15477,650,1,368.4,1,At Risk
15478,40,3,2024.98,0,Potential Loyalists
15479,733,1,147.4,1,At Risk
15480,116,5,6279.0,0,Potential Loyalists
15481,401,1,1993.34,1,At Risk
15482,16,19,14592.56,3,Loyal Customers
15483,161,10,862.2,0,Potential Loyalists
15484,1,6,4656.0,0,Potential Loyalists
15485,30,7,5771.51,3,Loyal Customers
15486,527,1,102.0,1,At Risk
15487,680,1,231.32,1,At Risk
15488,93,5,431.92,0,Potential Loyalists
15489,23,8,2419.61,0,Potential Loyalists
15490,430,1,217.6,1,At Risk
15491,95,6,3100.09,0,Potential Loyalists
15492,28,2,659.4599999999999,0,Potential Loyalists
15493,33,9,4314.9800000000005,3,Loyal Customers
15494,21,5,3780.05,0,Potential Loyalists
15495,379,1,246.5,1,At Risk
15496,631,1,146.14000000000001,1,At Risk
15497,18,9,8657.39,3,Loyal Customers
15498,3,44,26039.58,2,Champions
15499,724,1,161.6,1,At Risk
15500,8,4,1131.56,0,Potential Loyalists
15501,405,2,402.5,1,At Risk
15502,16,14,13993.47,3,Loyal Customers
15503,363,2,267.15,1,At Risk
15504,81,4,423.85,0,Potential Loyalists
15505,53,5,3610.96,0,Potential Loyalists
15506,23,6,2040.03,0,Potential Loyalists
15507,172,1,492.36,0,Potential Loyalists
15508,189,6,1000.27,0,Potential Loyalists
15509,380,1,166.51,1,At Risk
15510,331,1,250.0,1,At Risk
15511,12,5,909.23,0,Potential Loyalists
15512,156,4,331.58,0,Potential Loyalists
15513,33,35,27750.55,2,Champions
15514,12,18,6598.55,3,Loyal Customers
15515,387,1,171.81,1,At Risk
15516,45,3,62.43,0,Potential Loyalists
15517,233,1,267.03,0,Potential Loyalists
15518,64,15,4218.94,3,Loyal Customers
15519,383,2,344.61,1,At Risk
15520,2,1,343.5,0,Potential Loyalists
15521,40,16,7106.69,3,Loyal Customers
15522,33,2,398.84,0,Potential Loyalists
15523,84,16,17359.99,2,Champions
15524,25,2,591.4,0,Potential Loyalists
15525,2,4,1295.7,0,Potential Loyalists
15526,33,2,148.44,0,Potential Loyalists
15527,19,23,5575.64,3,Loyal Customers
15528,254,1,229.33,0,Potential Loyalists
15529,23,12,5111.95,3,Loyal Customers
15530,22,5,1813.72,0,Potential Loyalists
15531,8,2,2007.44,0,Potential Loyalists
15532,25,10,3771.9,3,Loyal Customers
15533,19,3,807.57,0,Potential Loyalists
15534,726,1,162.25,1,At Risk
15535,173,6,1087.82,0,Potential Loyalists
15536,409,1,259.09,1,At Risk
15537,163,1,110.92,0,Potential Loyalists
15538,538,6,3358.3999999999996,1,At Risk
15539,7,1,538.46,0,Potential Loyalists
15540,11,2,460.68,0,Potential Loyalists
15541,114,1,85.13000000000001,0,Potential Loyalists
15542,512,3,918.45,1,At Risk
15543,288,2,242.84,1,At Risk
15544,9,20,8162.43,3,Loyal Customers
15545,54,2,428.05,0,Potential Loyalists
15546,607,2,1079.1000000000001,1,At Risk
15547,7,26,10154.39,3,Loyal Customers
15548,596,1,158.09,1,At Risk
15549,77,8,2345.96,0,Potential Loyalists
15550,4,12,2218.8,3,Loyal Customers
15551,37,7,1710.08,0,Potential Loyalists
15552,217,2,252.52,0,Potential Loyalists
15553,60,1,437.23,0,Potential Loyalists
15554,278,1,217.2,1,At Risk
15555,12,36,12112.35,2,Champions
15556,24,1,279.77,0,Potential Loyalists
15557,29,1,473.65000000000003,0,Potential Loyalists
15558,639,1,214.13,1,At Risk
15559,568,1,1109.4,1,At Risk
15560,398,2,153.52,1,At Risk
15561,12,8,1934.3899999999999,0,Potential Loyalists
15562,352,3,673.3800000000001,1,At Risk
15563,22,7,2867.0,0,Potential Loyalists
15564,463,2,70.74000000000001,1,At Risk
15565,50,2,173.16,0,Potential Loyalists
15566,393,2,227.87,1,At Risk
15567,19,1,186.01,0,Potential Loyalists
15568,3,3,758.29,0,Potential Loyalists
15569,104,10,3586.35,3,Loyal Customers
15570,7,25,9311.04,3,Loyal Customers
15571,12,14,4051.63,3,Loyal Customers
15572,5,10,4068.67,3,Loyal Customers
15573,32,5,1207.18,0,Potential Loyalists
15574,178,6,1518.7,0,Potential Loyalists
15575,620,1,30.1,1,At Risk
15576,38,1,940.6700000000001,0,Potential Loyalists
15577,151,5,397.98,0,Potential Loyalists
15578,162,1,127.1,0,Potential Loyalists
15579,69,5,1302.5,0,Potential Loyalists
15580,377,8,1381.19,1,At Risk
15581,121,38,7794.59,2,Champions
15582,25,3,682.9100000000001,0,Potential Loyalists
15583,376,1,107.86,1,At Risk
15584,24,6,1277.5,0,Potential Loyalists
15585,177,1,455.3,0,Potential Loyalists
15586,593,3,1139.1,1,At Risk
15587,50,7,1522.0800000000002,0,Potential Loyalists
15588,678,1,579.6,1,At Risk
15589,256,3,478.53000000000003,0,Potential Loyalists
15590,382,5,1496.6,1,At Risk
15591,583,3,217.9,1,At Risk
15592,47,1,388.58,0,Potential Loyalists
15593,71,1,199.8,0,Potential Loyalists
15594,16,5,1771.78,0,Potential Loyalists
15595,488,1,357.6,1,At Risk
15596,101,9,3130.04,0,Potential Loyalists
15597,35,2,563.37,0,Potential Loyalists
15598,53,2,548.02,0,Potential Loyalists
15599,27,3,1250.06,0,Potential Loyalists
15600,428,4,1199.31,1,At Risk
15601,11,30,14960.12,2,Champions
15602,8,16,3230.51,3,Loyal Customers
15603,79,2,88.48,0,Potential Loyalists
15604,52,1,216.39,0,Potential Loyalists
15605,36,9,1936.8,0,Potential Loyalists
15606,61,17,5230.99,3,Loyal Customers
15607,337,9,1708.97,1,At Risk
15608,28,5,1785.98,0,Potential Loyalists
15609,184,1,298.48,0,Potential Loyalists
15610,52,1,112.46000000000001,0,Potential Loyalists
15611,10,26,2997.28,3,Loyal Customers
15612,36,2,195.15,0,Potential Loyalists
15613,610,1,433.71999999999997,1,At Risk
15614,438,4,3147.36,1,At Risk
15615,10,46,21373.97,2,Champions
15616,438,1,317.11,1,At Risk
15617,396,3,828.5500000000001,1,At Risk
15618,33,4,776.851,0,Potential Loyalists
15619,11,1,336.40000000000003,0,Potential Loyalists
15620,57,4,1942.36,0,Potential Loyalists
15621,4,4,1293.03,0,Potential Loyalists
15622,43,17,7852.61,3,Loyal Customers
15623,141,8,2437.05,0,Potential Loyalists
15624,117,4,588.13,0,Potential Loyalists
15625,104,9,3236.4,0,Potential Loyalists
15626,75,3,1067.52,0,Potential Loyalists
15627,457,2,566.9,1,At Risk
15628,5,17,5652.26,3,Loyal Customers
15629,450,4,2240.9,1,At Risk
15630,45,3,1481.4,0,Potential Loyalists
15631,642,1,596.67,1,At Risk
15632,16,8,3285.31,0,Potential Loyalists
15633,509,13,4352.46,1,At Risk
15634,17,2,554.65,0,Potential Loyalists
15635,396,1,100.35,1,At Risk
15636,90,4,1444.58,0,Potential Loyalists
15637,53,5,797.59,0,Potential Loyalists
15638,379,6,2265.2,1,At Risk
15639,134,3,1065.08,0,Potential Loyalists
15640,4,29,23957.58,2,Champions
15641,105,12,5345.55,3,Loyal Customers
15642,730,1,105.78000000000002,1,At Risk
15643,192,3,664.0,0,Potential Loyalists
15644,166,4,813.0,0,Potential Loyalists
15645,19,3,1055.17,0,Potential Loyalists
15646,158,5,974.61,0,Potential Loyalists
15647,415,1,169.0,1,At Risk
15648,204,2,657.35,0,Potential Loyalists
15649,336,4,2170.35,1,At Risk
15650,522,2,553.88,1,At Risk
15651,37,5,1259.06,0,Potential Loyalists
15652,91,5,1420.34,0,Potential Loyalists
15653,93,2,877.4399999999999,0,Potential Loyalists
15654,9,2,922.53,0,Potential Loyalists
15655,243,1,560.67,0,Potential Loyalists
15656,45,4,748.5,0,Potential Loyalists
15657,23,1,30.0,0,Potential Loyalists
15658,190,8,2423.4700000000003,0,Potential Loyalists
15659,44,3,532.49,0,Potential Loyalists
15660,25,15,2812.99,3,Loyal Customers
15661,317,8,1215.95,1,At Risk
15662,661,2,283.73,1,At Risk
15663,106,1,138.14,0,Potential Loyalists
15664,51,4,1254.03,0,Potential Loyalists
15665,168,5,4015.12,0,Potential Loyalists
15666,472,2,632.9399999999999,1,At Risk
15667,40,1,301.32,0,Potential Loyalists
15668,218,1,76.32000000000001,0,Potential Loyalists
15669,40,4,684.34,0,Potential Loyalists
15670,297,2,325.2,1,At Risk
15671,19,7,2657.13,0,Potential Loyalists
15672,725,1,45.300000000000004,1,At Risk
15673,88,9,6414.79,3,Loyal Customers
15674,73,13,6948.2300000000005,3,Loyal Customers
15675,81,4,542.04,0,Potential Loyalists
15676,19,3,3435.76,0,Potential Loyalists
15677,49,3,1305.63,0,Potential Loyalists
15678,53,3,1893.89,0,Potential Loyalists
15679,24,4,781.28,0,Potential Loyalists
15680,9,10,4507.58,3,Loyal Customers
15681,25,14,2989.7,3,Loyal Customers
15682,599,2,318.24,1,At Risk
15683,117,2,524.54,0,Potential Loyalists
15684,547,3,173.95,1,At Risk
15685,450,1,55.980000000000004,1,At Risk
15686,420,1,90.0,1,At Risk
15687,9,9,2993.1,0,Potential Loyalists
15688,419,1,190.57,1,At Risk
15689,120,3,521.03,0,Potential Loyalists
15690,4,2,239.76,0,Potential Loyalists
15691,252,4,571.3,0,Potential Loyalists
15692,28,1,191.04,0,Potential Loyalists
15693,659,1,37.5,1,At Risk
15694,1,24,10810.81,3,Loyal Customers
15695,267,4,1131.04,0,Potential Loyalists
15696,33,13,3906.57,3,Loyal Customers
15697,690,1,246.75,1,At Risk
15698,624,1,46.2,1,At Risk
15699,18,1,309.65,0,Potential Loyalists
15700,172,2,696.68,0,Potential Loyalists
15701,2,4,1542.14,0,Potential Loyalists
15702,476,2,140.39000000000001,1,At Risk
15703,265,1,211.5,0,Potential Loyalists
15704,140,6,3817.96,0,Potential Loyalists
15705,201,1,143.1,0,Potential Loyalists
15706,64,4,1060.56,0,Potential Loyalists
15707,35,4,945.58,0,Potential Loyalists
15708,41,9,4378.72,3,Loyal Customers
15709,284,2,327.85,1,At Risk
15710,417,1,898.87,1,At Risk
15711,557,2,420.25,1,At Risk
15712,9,12,3472.4100000000003,3,Loyal Customers
15713,143,4,1010.79,0,Potential Loyalists
15714,12,5,784.8100000000001,0,Potential Loyalists
15715,556,5,658.02,1,At Risk
15716,146,11,3056.81,3,Loyal Customers
15717,234,5,607.0,0,Potential Loyalists
15718,540,1,293.79,1,At Risk
15719,33,31,10223.06,3,Loyal Customers
15720,24,2,741.92,0,Potential Loyalists
15721,12,1,507.08,0,Potential Loyalists
15722,36,11,5258.1,3,Loyal Customers
15723,365,4,947.65,1,At Risk
15724,201,3,310.85,0,Potential Loyalists
15725,15,1,415.25,0,Potential Loyalists
15726,390,1,321.91,1,At Risk
15727,17,15,9445.51,3,Loyal Customers
15728,380,2,544.6,1,At Risk
15729,213,3,192.55,0,Potential Loyalists
15730,66,5,1726.58,0,Potential Loyalists
15731,554,1,125.3,1,At Risk
15732,212,10,1682.07,0,Potential Loyalists
15733,283,1,162.3,1,At Risk
15734,115,4,2263.3,0,Potential Loyalists
15735,421,1,327.68,1,At Risk
15736,435,2,1815.72,1,At Risk
15737,15,8,1205.1200000000001,0,Potential Loyalists
15738,19,41,13372.970000000001,2,Champions
15739,66,1,449.12,0,Potential Loyalists
15740,49,1,154.88,0,Potential Loyalists
15741,458,2,208.62,1,At Risk
15742,619,1,156.87,1,At Risk
15743,16,4,784.46,0,Potential Loyalists
15744,78,1,34.8,0,Potential Loyalists
15745,19,4,1094.59,0,Potential Loyalists
15746,134,1,196.88,0,Potential Loyalists
15747,13,9,2562.61,0,Potential Loyalists
15748,40,3,614.7600000000001,0,Potential Loyalists
15749,235,3,29730.420199999626,2,Champions
15750,3,18,6797.191,3,Loyal Customers
15751,461,11,1380.44,1,At Risk
15752,40,9,4207.54,3,Loyal Customers
15753,305,1,79.2,1,At Risk
15754,51,9,3037.61,0,Potential Loyalists
15755,10,17,5993.12,3,Loyal Customers
15756,61,4,532.96,0,Potential Loyalists
15757,66,6,2940.36,0,Potential Loyalists
15758,25,1,205.25,0,Potential Loyalists
15759,218,7,830.9300000000001,0,Potential Loyalists
15760,631,2,13916.34,1,At Risk
15761,443,1,143.05,1,At Risk
15762,65,2,583.75,0,Potential Loyalists
15763,32,2,1086.92,0,Potential Loyalists
15764,88,8,4503.08,0,Potential Loyalists
15765,667,1,370.63,1,At Risk
15766,64,3,831.06,0,Potential Loyalists
15768,116,34,15601.09,2,Champions
15769,7,46,29730.420199999626,2,Champions
15770,613,1,321.45,1,At Risk
15771,604,3,1006.54,1,At Risk
15772,418,1,280.88,1,At Risk
15773,6,2,774.52,0,Potential Loyalists
15774,69,6,1329.94,0,Potential Loyalists
15775,245,2,150.5,0,Potential Loyalists
15776,133,1,241.62,0,Potential Loyalists
15777,241,7,1762.61,0,Potential Loyalists
15778,431,1,307.95,1,At Risk
15779,463,2,124.08000000000001,1,At Risk
15780,184,3,475.28000000000003,0,Potential Loyalists
15781,25,3,345.46,0,Potential Loyalists
15782,10,4,4014.1,0,Potential Loyalists
15783,11,1,246.3,0,Potential Loyalists
15784,468,2,848.3299999999999,1,At Risk
15785,33,16,5969.93,3,Loyal Customers
15786,46,5,8514.82,3,Loyal Customers
15787,26,3,948.05,0,Potential Loyalists
15788,509,1,221.82999999999998,1,At Risk
15789,358,6,1962.01,1,At Risk
15790,10,1,220.85,0,Potential Loyalists
15791,44,5,3608.34,0,Potential Loyalists
15792,400,2,933.84,1,At Risk
15793,15,8,2399.57,0,Potential Loyalists
15794,736,2,777.0,1,At Risk
15795,150,8,1979.8700000000001,0,Potential Loyalists
15796,1,17,5175.83,3,Loyal Customers
15797,113,6,2821.08,0,Potential Loyalists
15798,493,3,1535.37,1,At Risk
15799,76,4,1424.29,0,Potential Loyalists
15800,107,7,1242.58,0,Potential Loyalists
15801,46,3,1063.95,0,Potential Loyalists
15802,143,1,451.42,0,Potential Loyalists
15803,51,4,1929.66,0,Potential Loyalists
15804,1,13,4206.39,3,Loyal Customers
15805,23,30,10189.23,3,Loyal Customers
15806,46,3,784.58,0,Potential Loyalists
15807,50,5,1817.52,0,Potential Loyalists
15808,306,21,18409.93,2,Champions
15809,36,7,1274.44,0,Potential Loyalists
15810,79,8,2999.04,0,Potential Loyalists
15811,22,7,3890.52,0,Potential Loyalists
15812,107,12,5201.47,3,Loyal Customers
15813,208,2,1303.9099999999999,0,Potential Loyalists
15814,17,6,2634.44,0,Potential Loyalists
15815,64,5,2100.6,0,Potential Loyalists
15816,542,2,144.14999999999998,1,At Risk
15817,421,3,2766.4,1,At Risk
15818,588,1,340.5,1,At Risk
15819,49,10,3934.79,3,Loyal Customers
15820,320,1,206.98,1,At Risk
15821,44,2,570.96,0,Potential Loyalists
15822,3,6,1840.06,0,Potential Loyalists
15823,372,3,3897.17,1,At Risk
15824,453,2,890.94,1,At Risk
15825,172,1,532.94,0,Potential Loyalists
15826,56,4,2598.28,0,Potential Loyalists
15827,73,28,3794.07,3,Loyal Customers
15828,375,1,1108.82,1,At Risk
15829,99,2,636.14,0,Potential Loyalists
15830,38,1,576.0,0,Potential Loyalists
15831,58,3,801.76,0,Potential Loyalists
15832,254,1,836.79,0,Potential Loyalists
15833,738,1,80.4,1,At Risk
15834,70,7,3772.9900000000002,0,Potential Loyalists
15835,44,4,954.09,0,Potential Loyalists
15836,50,1,137.37,0,Potential Loyalists
15837,65,2,777.01,0,Potential Loyalists
15838,11,34,29730.420199999626,2,Champions
15839,33,3,1048.49,0,Potential Loyalists
15840,59,2,355.56,0,Potential Loyalists
15841,73,9,2742.41,0,Potential Loyalists
15842,393,2,548.8,1,At Risk
15843,304,1,118.95000000000002,1,At Risk
15844,46,1,130.73999999999998,0,Potential Loyalists
15845,18,11,4426.28,3,Loyal Customers
15846,385,1,107.01,1,At Risk
15847,38,5,822.57,0,Potential Loyalists
15848,622,1,139.94,1,At Risk
15850,19,6,1058.72,0,Potential Loyalists
15851,527,1,109.73,1,At Risk
15852,187,3,257.26,0,Potential Loyalists
15853,52,1,110.8,0,Potential Loyalists
15854,4,21,5583.81,3,Loyal Customers
15855,137,6,1052.72,0,Potential Loyalists
15856,4,46,29730.420199999626,2,Champions
15857,19,2,570.48,0,Potential Loyalists
15858,16,13,3960.37,3,Loyal Customers
15859,432,1,438.46,1,At Risk
15860,41,17,2505.21,3,Loyal Customers
15861,12,12,4401.79,3,Loyal Customers
15862,8,13,2928.29,3,Loyal Customers
15863,26,5,358.7,0,Potential Loyalists
15864,22,7,2180.76,0,Potential Loyalists
15865,41,5,2248.92,0,Potential Loyalists
15866,101,1,230.53,0,Potential Loyalists
15867,5,31,9063.95,3,Loyal Customers
15868,583,1,94.53,1,At Risk
15869,277,3,323.65999999999997,0,Potential Loyalists
15870,33,4,862.61,0,Potential Loyalists
15871,437,1,33.099999999999994,1,At Risk
15872,15,4,795.68,0,Potential Loyalists
15873,500,4,313.91999999999996,1,At Risk
15874,64,21,11284.76,3,Loyal Customers
15875,646,1,111.72,1,At Risk
15876,409,2,1449.1399999999999,1,At Risk
15877,2,2,493.28,0,Potential Loyalists
15878,562,2,330.77,1,At Risk
15879,404,4,1157.3,1,At Risk
15880,369,1,686.5600000000001,1,At Risk
15881,312,5,501.39000000000004,1,At Risk
15882,199,8,1495.98,0,Potential Loyalists
15883,2,2,396.48,0,Potential Loyalists
15884,432,2,249.70000000000002,1,At Risk
15885,93,15,1951.82,3,Loyal Customers
15886,60,4,1052.8700000000001,0,Potential Loyalists
15887,407,3,1027.15,1,At Risk
15888,81,3,429.16,0,Potential Loyalists
15889,157,8,1806.28,0,Potential Loyalists
15890,395,5,535.65,1,At Risk
15891,227,1,524.52,0,Potential Loyalists
15892,669,1,128.2,1,At Risk
15893,482,1,305.28000000000003,1,At Risk
15894,253,2,420.29,0,Potential Loyalists
15895,150,1,179.17,0,Potential Loyalists
15897,194,2,222.05,0,Potential Loyalists
15898,1,25,5596.31,3,Loyal Customers
15899,369,1,112.5,1,At Risk
15900,24,4,900.4,0,Potential Loyalists
15901,17,7,703.22,0,Potential Loyalists
15902,380,1,145.01,1,At Risk
15903,10,12,8939.84,3,Loyal Customers
15904,8,1,164.68,0,Potential Loyalists
15905,543,1,114.69,1,At Risk
15906,20,10,2555.64,0,Potential Loyalists
15907,4,3,967.45,0,Potential Loyalists
15908,491,2,764.57,1,At Risk
15909,174,1,191.94,0,Potential Loyalists
15910,1,15,2681.8,3,Loyal Customers
15911,624,8,1702.34,1,At Risk
15912,178,9,1074.7,0,Potential Loyalists
15913,534,1,6.300000000000001,1,At Risk
15914,378,2,205.99,1,At Risk
15915,402,1,429.21,1,At Risk
15916,16,13,3427.17,3,Loyal Customers
15917,248,5,560.63,0,Potential Loyalists
15918,191,3,582.88,0,Potential Loyalists
15919,20,2,910.61,0,Potential Loyalists
15920,154,9,571.64,0,Potential Loyalists
15921,173,4,802.11,0,Potential Loyalists
15922,373,1,739.0,1,At Risk
15923,373,1,254.16,1,At Risk
15924,731,1,102.82,1,At Risk
15925,194,1,207.15,0,Potential Loyalists
15926,542,1,134.44,1,At Risk
15927,647,1,123.39,1,At Risk
15928,656,1,293.53,1,At Risk
15929,644,1,594.0,1,At Risk
15930,67,1,426.63,0,Potential Loyalists
15931,428,1,239.9,1,At Risk
15932,4,8,2495.87,0,Potential Loyalists
15933,21,3,1107.46,0,Potential Loyalists
15934,418,2,2190.66,1,At Risk
15935,239,2,416.86,0,Potential Loyalists
15936,379,2,282.79,1,At Risk
15937,64,1,145.35,0,Potential Loyalists
15938,112,9,734.81,0,Potential Loyalists
15939,90,16,9060.39,3,Loyal Customers
15940,311,1,35.8,1,At Risk
15941,637,1,405.0,1,At Risk
15942,134,1,337.44,0,Potential Loyalists
15943,650,2,271.28999999999996,1,At Risk
15944,277,4,2164.24,0,Potential Loyalists
15945,365,4,827.27,1,At Risk
15946,503,3,2304.18,1,At Risk
15947,83,1,1708.24,0,Potential Loyalists
15948,8,3,1509.0900000000001,0,Potential Loyalists
15949,17,2,364.72,0,Potential Loyalists
15950,32,10,7180.71,3,Loyal Customers
15951,9,3,1013.17,0,Potential Loyalists
15952,34,4,806.57,0,Potential Loyalists
15953,15,18,3669.5499999999997,3,Loyal Customers
15954,589,1,190.75,1,At Risk
15955,24,22,8658.36,3,Loyal Customers
15956,551,2,617.6,1,At Risk
15957,32,3,930.1,0,Potential Loyalists
15958,74,4,492.99,0,Potential Loyalists
15959,682,3,579.49,1,At Risk
15960,374,4,410.95,1,At Risk
15961,379,1,451.28999999999996,1,At Risk
15962,449,1,295.83,1,At Risk
15963,20,2,470.76,0,Potential Loyalists
15964,663,1,272.96000000000004,1,At Risk
15965,17,13,3013.09,3,Loyal Customers
15966,451,1,426.53000000000003,1,At Risk
15967,23,12,3041.6,3,Loyal Customers
15968,388,1,418.05,1,At Risk
15969,3,5,1127.05,0,Potential Loyalists
15970,304,2,1017.32,1,At Risk
15971,18,18,5902.83,3,Loyal Customers
15972,456,5,1810.27,1,At Risk
15973,367,3,988.44,1,At Risk
15974,39,7,3442.15,0,Potential Loyalists
15975,84,1,371.01,0,Potential Loyalists
15976,165,6,1746.6399999999999,0,Potential Loyalists
15977,17,2,1054.73,0,Potential Loyalists
15978,77,3,3279.42,0,Potential Loyalists
15979,603,1,329.22,1,At Risk
15980,89,7,6593.68,3,Loyal Customers
15981,25,21,9362.77,3,Loyal Customers
15982,605,1,324.51,1,At Risk
15983,22,8,3958.8199999999997,0,Potential Loyalists
15984,3,30,8759.32,3,Loyal Customers
15985,123,7,2715.28,0,Potential Loyalists
15986,30,2,354.42,0,Potential Loyalists
15987,12,8,1682.13,0,Potential Loyalists
15988,19,3,770.09,0,Potential Loyalists
15989,376,2,372.51,1,At Risk
15990,44,7,2010.05,0,Potential Loyalists
15991,534,1,150.55,1,At Risk
15992,4,3,896.6,0,Potential Loyalists
15993,9,7,2797.57,0,Potential Loyalists
15994,55,3,1202.18,0,Potential Loyalists
15995,414,1,696.19,1,At Risk
15996,88,7,1686.9,0,Potential Loyalists
15998,37,16,8308.34,3,Loyal Customers
15999,736,1,20.4,1,At Risk
16000,3,3,12393.7,3,Loyal Customers
16001,381,1,583.39,1,At Risk
16002,625,1,169.21,1,At Risk
16003,30,10,5613.83,3,Loyal Customers
16004,475,5,2146.39,1,At Risk
16005,12,10,2436.22,0,Potential Loyalists
16006,211,2,347.17,0,Potential Loyalists
16007,48,7,3075.14,0,Potential Loyalists
16008,24,15,5384.13,3,Loyal Customers
16009,22,4,992.71,0,Potential Loyalists
16010,246,11,1724.06,0,Potential Loyalists
16011,8,29,5880.46,3,Loyal Customers
16012,35,5,2989.79,0,Potential Loyalists
16013,4,46,29730.420199999626,2,Champions
16014,38,5,1130.27,0,Potential Loyalists
16015,4,3,705.39,0,Potential Loyalists
16016,3,11,2533.94,3,Loyal Customers
16017,47,5,1553.83,0,Potential Loyalists
16018,39,4,698.13,0,Potential Loyalists
16019,47,27,17465.85,2,Champions
16020,17,3,851.01,0,Potential Loyalists
16021,395,2,532.25,1,At Risk
16022,260,1,628.28,0,Potential Loyalists
16023,46,3,719.81,0,Potential Loyalists
16024,12,3,484.2,0,Potential Loyalists
16025,30,1,439.65999999999997,0,Potential Loyalists
16026,43,1,236.09,0,Potential Loyalists
16027,92,15,2048.36,3,Loyal Customers
16028,596,1,82.2,1,At Risk
16029,39,46,29730.420199999626,2,Champions
16030,310,1,331.24,1,At Risk
16031,92,2,548.94,0,Potential Loyalists
16032,456,6,1970.45,1,At Risk
16033,6,27,10836.13,3,Loyal Customers
16034,196,6,928.72,0,Potential Loyalists
16035,560,1,217.73,1,At Risk
16036,87,4,2556.84,0,Potential Loyalists
16037,270,5,1509.34,0,Potential Loyalists
16038,8,3,471.78000000000003,0,Potential Loyalists
16039,424,2,456.4,1,At Risk
16040,65,7,2416.9,0,Potential Loyalists
16041,31,3,3166.4,0,Potential Loyalists
16042,22,8,2265.12,0,Potential Loyalists
16043,38,8,1856.5900000000001,0,Potential Loyalists
16044,435,1,340.84000000000003,1,At Risk
16045,120,8,3434.9300000000003,0,Potential Loyalists
16046,562,1,235.78,1,At Risk
16047,682,1,107.14,1,At Risk
16048,373,4,1075.23,1,At Risk
16049,40,6,1899.68,0,Potential Loyalists
16050,174,3,300.7,0,Potential Loyalists
16051,682,1,188.44,1,At Risk
16052,54,1,362.06,0,Potential Loyalists
16053,33,6,3634.84,0,Potential Loyalists
16054,145,4,2111.88,0,Potential Loyalists
16055,221,1,134.8,0,Potential Loyalists
16056,45,1,664.85,0,Potential Loyalists
16057,16,10,3854.85,3,Loyal Customers
16058,406,1,62.7,1,At Risk
16059,66,12,3217.77,3,Loyal Customers
16060,401,3,541.95,1,At Risk
16061,431,1,89.65,1,At Risk
16062,10,8,2863.45,0,Potential Loyalists
16063,260,1,335.32,0,Potential Loyalists
16064,725,1,111.0,1,At Risk
16065,365,8,2382.62,1,At Risk
16066,17,5,1521.87,0,Potential Loyalists
16067,563,3,3395.29,1,At Risk
16068,594,1,122.93,1,At Risk
16069,418,1,457.7,1,At Risk
16070,22,2,852.15,0,Potential Loyalists
16071,45,4,1076.8,0,Potential Loyalists
16072,288,4,4328.89,0,Potential Loyalists
16073,297,1,122.39999999999999,1,At Risk
16074,390,1,265.25,1,At Risk
16075,503,2,736.9300000000001,1,At Risk
16076,3,10,2234.73,0,Potential Loyalists
16077,626,1,2300.4,1,At Risk
16078,284,2,362.99,1,At Risk
16079,17,3,1352.0,0,Potential Loyalists
16080,82,4,602.5600000000001,0,Potential Loyalists
16081,56,8,4460.18,0,Potential Loyalists
16082,670,1,106.75,1,At Risk
16083,101,4,2351.42,0,Potential Loyalists
16084,299,1,436.18,1,At Risk
16085,23,12,2343.53,3,Loyal Customers
16086,59,10,2864.9900000000002,0,Potential Loyalists
16087,389,5,1739.92,1,At Risk
16088,576,2,1437.43,1,At Risk
16089,386,2,271.44,1,At Risk
16090,624,1,205.91,1,At Risk
16091,155,2,315.06,0,Potential Loyalists
16092,115,6,1587.94,0,Potential Loyalists
16093,107,1,17.0,0,Potential Loyalists
16094,12,11,3695.56,3,Loyal Customers
16095,456,1,447.05,1,At Risk
16096,264,4,1584.97,0,Potential Loyalists
16097,240,1,185.04999999999998,0,Potential Loyalists
16098,88,14,4448.1,3,Loyal Customers
16099,50,7,1573.2,0,Potential Loyalists
16100,463,1,582.64,1,At Risk
16101,71,4,3229.16,0,Potential Loyalists
16102,42,3,1842.14,0,Potential Loyalists
16103,7,22,6191.71,3,Loyal Customers
16104,62,9,2778.61,0,Potential Loyalists
16105,249,5,2386.19,0,Potential Loyalists
16106,66,1,108.38,0,Potential Loyalists
16107,18,7,3204.1600000000003,0,Potential Loyalists
16108,85,4,2235.92,0,Potential Loyalists
16109,219,3,939.48,0,Potential Loyalists
16110,45,4,1819.27,0,Potential Loyalists
16111,428,1,562.48,1,At Risk
16112,143,4,195.73999999999998,0,Potential Loyalists
16113,183,1,161.38,0,Potential Loyalists
16114,171,1,135.75000000000003,0,Potential Loyalists
16115,10,12,2575.14,3,Loyal Customers
16116,212,1,612.78,0,Potential Loyalists
16117,190,3,654.4,0,Potential Loyalists
16118,653,1,4376.25,1,At Risk
16119,8,8,1720.81,0,Potential Loyalists
16120,59,6,3056.91,0,Potential Loyalists
16121,57,5,1477.09,0,Potential Loyalists
16122,73,6,1001.34,0,Potential Loyalists
16123,52,1,307.78,0,Potential Loyalists
16124,317,4,1772.49,1,At Risk
16125,367,14,4587.65,3,Loyal Customers
16126,29,15,14646.800000000001,3,Loyal Customers
16127,39,2,801.31,0,Potential Loyalists
16128,18,11,3801.05,3,Loyal Customers
16129,407,3,1396.05,1,At Risk
16130,422,4,987.48,1,At Risk
16131,52,12,9957.42,3,Loyal Customers
16132,544,2,664.1999999999999,1,At Risk
16133,4,46,22992.260000000002,2,Champions
16134,22,5,2145.34,0,Potential Loyalists
16135,263,2,819.45,0,Potential Loyalists
16136,60,4,946.8,0,Potential Loyalists
16137,680,1,422.7,1,At Risk
16138,379,3,910.35,1,At Risk
16139,19,5,1111.15,0,Potential Loyalists
16140,66,3,1557.6000000000001,0,Potential Loyalists
16141,88,2,955.94,0,Potential Loyalists
16142,250,1,535.34,0,Potential Loyalists
16143,3,12,4910.83,3,Loyal Customers
16144,247,1,175.2,0,Potential Loyalists
16145,9,19,6805.4400000000005,3,Loyal Customers
16146,157,4,946.38,0,Potential Loyalists
16147,134,5,2398.91,0,Potential Loyalists
16148,296,2,386.62,1,At Risk
16149,5,3,422.22,0,Potential Loyalists
16150,43,10,4395.59,3,Loyal Customers
16152,269,1,1829.04,0,Potential Loyalists
16153,50,11,5133.49,3,Loyal Customers
16155,382,5,796.9,1,At Risk
16156,9,20,6218.18,3,Loyal Customers
16157,16,3,656.69,0,Potential Loyalists
16158,522,9,628.32,1,At Risk
16159,282,4,1232.79,0,Potential Loyalists
16160,65,2,1025.44,0,Potential Loyalists
16161,2,43,12831.8,2,Champions
16162,252,1,37.4,0,Potential Loyalists
16163,232,6,2849.58,0,Potential Loyalists
16164,17,3,822.48,0,Potential Loyalists
16165,505,1,79.9,1,At Risk
16166,428,2,435.83,1,At Risk
16167,414,5,1386.1200000000001,1,At Risk
16168,11,46,10636.47,2,Champions
16169,8,4,1822.97,0,Potential Loyalists
16170,51,20,6869.0,3,Loyal Customers
16171,59,1,73.2,0,Potential Loyalists
16172,95,8,1884.55,0,Potential Loyalists
16173,16,6,1418.32,0,Potential Loyalists
16174,126,7,2246.75,0,Potential Loyalists
16175,94,7,1836.44,0,Potential Loyalists
16176,421,4,2052.69,1,At Risk
16177,50,8,2247.31,0,Potential Loyalists
16178,138,2,612.6,0,Potential Loyalists
16179,61,1,215.83,0,Potential Loyalists
16180,100,13,16249.87,3,Loyal Customers
16181,73,1,305.54,0,Potential Loyalists
16182,72,9,9971.65,3,Loyal Customers
16183,67,4,1077.81,0,Potential Loyalists
16184,64,6,1158.79,0,Potential Loyalists
16185,17,3,644.72,0,Potential Loyalists
16186,23,26,9026.11,3,Loyal Customers
16187,32,15,6911.4400000000005,3,Loyal Customers
16188,45,5,1087.66,0,Potential Loyalists
16189,16,2,215.48,0,Potential Loyalists
16190,40,8,2723.55,0,Potential Loyalists
16191,3,24,15688.02,2,Champions
16192,736,1,351.3,1,At Risk
16193,237,2,630.43,0,Potential Loyalists
16194,375,1,308.59999999999997,1,At Risk
16195,723,1,323.25,1,At Risk
16196,489,1,93.3,1,At Risk
16197,469,9,2016.71,1,At Risk
16198,75,2,1030.0410000000002,0,Potential Loyalists
16199,392,7,942.75,1,At Risk
16200,4,12,5643.45,3,Loyal Customers
16201,3,5,2112.12,0,Potential Loyalists
16202,361,9,2501.9900000000002,1,At Risk
16203,59,6,1114.54,0,Potential Loyalists
16204,23,3,944.24,0,Potential Loyalists
16205,31,7,1830.61,0,Potential Loyalists
16206,55,13,2602.32,3,Loyal Customers
16207,25,1,394.38,0,Potential Loyalists
16208,45,10,3440.45,3,Loyal Customers
16209,89,9,4146.78,3,Loyal Customers
16210,2,35,29730.420199999626,2,Champions
16211,89,3,1090.59,0,Potential Loyalists
16212,19,4,1293.71,0,Potential Loyalists
16213,79,1,159.0,0,Potential Loyalists
16214,171,4,2038.25,0,Potential Loyalists
16215,81,1,242.35,0,Potential Loyalists
16216,267,1,914.9300000000001,0,Potential Loyalists
16217,235,2,304.25,0,Potential Loyalists
16218,30,13,4439.97,3,Loyal Customers
16219,501,1,40.8,1,At Risk
16221,37,9,2235.5099999999998,0,Potential Loyalists
16222,318,2,1345.22,1,At Risk
16223,375,2,1102.3500000000001,1,At Risk
16224,57,5,1616.54,0,Potential Loyalists
16225,45,15,2867.4100000000003,3,Loyal Customers
16226,203,5,672.1700000000001,0,Potential Loyalists
16227,225,3,1027.22,0,Potential Loyalists
16228,385,3,890.8100000000001,1,At Risk
16229,87,6,2867.86,0,Potential Loyalists
16230,190,2,542.03,0,Potential Loyalists
16231,379,4,1078.22,1,At Risk
16232,44,7,2712.97,0,Potential Loyalists
16233,71,9,1965.71,0,Potential Loyalists
16234,476,3,333.18,1,At Risk
16235,41,9,2053.71,0,Potential Loyalists
16236,78,1,432.2,0,Potential Loyalists
16237,437,1,136.65,1,At Risk
16238,423,1,63.66,1,At Risk
16239,57,6,1492.2,0,Potential Loyalists
16240,24,2,3718.8,0,Potential Loyalists
16241,10,16,4329.31,3,Loyal Customers
16242,8,14,7474.4,3,Loyal Customers
16243,34,2,409.1,0,Potential Loyalists
16244,212,2,2579.38,0,Potential Loyalists
16245,24,3,1413.66,0,Potential Loyalists
16246,460,2,827.25,1,At Risk
16247,170,1,114.56,0,Potential Loyalists
16248,62,1,152.94,0,Potential Loyalists
16249,53,5,1800.07,0,Potential Loyalists
16250,261,3,791.38,0,Potential Loyalists
16251,512,1,128.31,1,At Risk
16252,383,1,295.09000000000003,1,At Risk
16253,67,7,7310.15,3,Loyal Customers
16254,378,3,985.14,1,At Risk
16255,17,15,4906.8,3,Loyal Customers
16256,267,3,1629.37,0,Potential Loyalists
16257,177,1,46.95,0,Potential Loyalists
16258,45,15,11942.52,3,Loyal Customers
16259,410,3,361.94,1,At Risk
16260,51,1,1035.45,0,Potential Loyalists
16261,17,6,1059.45,0,Potential Loyalists
16262,378,1,755.15,1,At Risk
16263,423,1,351.01,1,At Risk
16264,438,2,837.53,1,At Risk
16265,9,12,6935.17,3,Loyal Customers
16266,74,14,1757.95,3,Loyal Customers
16267,591,1,186.66,1,At Risk
16268,71,2,667.65,0,Potential Loyalists
16269,438,1,717.57,1,At Risk
16270,353,1,1141.24,1,At Risk
16271,3,10,3463.02,3,Loyal Customers
16272,117,1,411.7,0,Potential Loyalists
16273,648,2,336.03999999999996,1,At Risk
16274,373,1,715.9,1,At Risk
16275,197,3,2151.11,0,Potential Loyalists
16276,177,3,2629.3900000000003,0,Potential Loyalists
16277,734,1,188.69,1,At Risk
16278,100,3,1117.84,0,Potential Loyalists
16279,21,9,5705.08,3,Loyal Customers
16280,725,1,238.05,1,At Risk
16281,72,3,3424.02,0,Potential Loyalists
16282,340,3,1307.58,1,At Risk
16283,6,8,4403.82,3,Loyal Customers
16284,31,3,1029.77,0,Potential Loyalists
16285,646,1,176.9,1,At Risk
16286,477,2,328.95,1,At Risk
16287,170,5,1006.98,0,Potential Loyalists
16288,470,1,129.85,1,At Risk
16289,462,1,136.31,1,At Risk
16290,465,4,2069.3,1,At Risk
16291,682,1,117.72,1,At Risk
16292,122,5,1253.76,0,Potential Loyalists
16293,22,15,4657.95,3,Loyal Customers
16294,477,1,126.05000000000001,1,At Risk
16295,10,4,1328.55,0,Potential Loyalists
16296,626,4,1313.67,1,At Risk
16297,269,1,301.9,0,Potential Loyalists
16298,23,7,1085.7,0,Potential Loyalists
16299,477,1,193.65,1,At Risk
16300,430,3,1392.43,1,At Risk
16301,737,1,107.33,1,At Risk
16302,127,1,233.22,0,Potential Loyalists
16303,26,7,7928.27,3,Loyal Customers
16304,695,1,381.66,1,At Risk
16305,139,1,361.21999999999997,0,Potential Loyalists
16306,214,7,1192.82,0,Potential Loyalists
16307,429,3,1194.92,1,At Risk
16308,38,7,5120.0,0,Potential Loyalists
16309,106,2,706.57,0,Potential Loyalists
16310,414,2,460.08,1,At Risk
16311,18,2,616.26,0,Potential Loyalists
16312,432,1,171.15,1,At Risk
16313,3,2,274.15000000000003,0,Potential Loyalists
16314,390,3,1491.4,1,At Risk
16315,331,2,402.71,1,At Risk
16316,64,13,5744.91,3,Loyal Customers
16317,120,5,2192.51,0,Potential Loyalists
16318,35,1,328.15,0,Potential Loyalists
16319,218,1,404.40000000000003,0,Potential Loyalists
16320,172,6,5628.99,0,Potential Loyalists
16321,72,7,604.5500000000001,0,Potential Loyalists
16322,1,2,326.75,0,Potential Loyalists
16323,196,2,353.66,0,Potential Loyalists
16324,128,3,428.68,0,Potential Loyalists
16325,47,12,3597.5,3,Loyal Customers
16326,6,24,4826.99,3,Loyal Customers
16327,14,16,10731.34,3,Loyal Customers
16328,563,1,310.83,1,At Risk
16329,428,4,1703.07,1,At Risk
16330,18,7,634.33,0,Potential Loyalists
16331,432,6,2037.7,1,At Risk
16332,28,11,2010.41,0,Potential Loyalists
16333,8,22,26626.8,2,Champions
16334,492,1,277.48,1,At Risk
16335,552,7,2774.0,1,At Risk
16336,421,4,3517.69,1,At Risk
16337,37,1,151.05,0,Potential Loyalists
16338,157,1,214.79999999999998,0,Potential Loyalists
16339,284,1,109.95,1,At Risk
16340,107,3,1526.06,0,Potential Loyalists
16341,25,7,3850.79,0,Potential Loyalists
16342,75,4,322.41,0,Potential Loyalists
16343,16,3,687.0699999999999,0,Potential Loyalists
16344,158,4,842.42,0,Potential Loyalists
16345,44,2,1198.74,0,Potential Loyalists
16346,385,1,224.51,1,At Risk
16347,11,11,3509.41,3,Loyal Customers
16348,32,8,1798.22,0,Potential Loyalists
16349,291,1,53.5,1,At Risk
16350,21,9,2253.89,0,Potential Loyalists
16351,333,13,3330.0299999999997,3,Loyal Customers
16352,18,2,494.44,0,Potential Loyalists
16353,4,38,9999.460000000001,2,Champions
16354,63,5,1129.51,0,Potential Loyalists
16355,375,1,416.35,1,At Risk
16356,198,6,415.87,0,Potential Loyalists
16357,33,4,868.37,0,Potential Loyalists
16358,1,5,2919.65,0,Potential Loyalists
16359,7,16,2697.75,3,Loyal Customers
16360,5,6,3512.53,0,Potential Loyalists
16361,10,4,896.66,0,Potential Loyalists
16362,32,6,946.94,0,Potential Loyalists
16363,53,1,109.36000000000001,0,Potential Loyalists
16364,12,2,707.04,0,Potential Loyalists
16365,18,15,3307.2,3,Loyal Customers
16366,19,4,1548.1299999999999,0,Potential Loyalists
16367,37,3,1362.4,0,Potential Loyalists
16368,2,3,640.21,0,Potential Loyalists
16369,18,7,2664.81,0,Potential Loyalists
16370,82,4,1320.56,0,Potential Loyalists
16371,449,1,157.2,1,At Risk
16372,33,5,1328.61,0,Potential Loyalists
16373,382,2,309.49,1,At Risk
16374,66,5,1771.45,0,Potential Loyalists
16375,470,2,104.0,1,At Risk
16376,9,2,987.01,0,Potential Loyalists
16377,267,2,1308.48,0,Potential Loyalists
16378,247,3,362.95,0,Potential Loyalists
16379,4,4,2157.4,0,Potential Loyalists
16380,61,1,1780.59,0,Potential Loyalists
16381,396,2,258.7,1,At Risk
16382,408,2,353.1,1,At Risk
16383,75,7,2974.84,0,Potential Loyalists
16384,90,4,1358.95,0,Potential Loyalists
16385,60,5,1030.61,0,Potential Loyalists
16386,29,3,1102.59,0,Potential Loyalists
16387,323,5,918.55,1,At Risk
16388,654,1,186.05,1,At Risk
16389,53,4,1382.07,0,Potential Loyalists
16390,537,3,467.5,1,At Risk
16391,401,4,1103.61,1,At Risk
16392,270,3,763.05,0,Potential Loyalists
16393,2,23,5561.66,3,Loyal Customers
16394,57,5,1555.34,0,Potential Loyalists
16395,61,14,3537.85,3,Loyal Customers
16396,476,1,137.8,1,At Risk
16397,628,1,127.88,1,At Risk
16398,154,2,1705.8,0,Potential Loyalists
16399,19,3,641.82,0,Potential Loyalists
16400,95,9,3159.44,0,Potential Loyalists
16401,1,23,6849.15,3,Loyal Customers
16402,265,2,511.4,0,Potential Loyalists
16403,312,1,177.5,1,At Risk
16404,70,1,443.05,0,Potential Loyalists
16405,302,2,167.25,1,At Risk
16406,19,3,552.68,0,Potential Loyalists
16407,13,14,2821.65,3,Loyal Customers
16408,591,1,231.93,1,At Risk
16409,36,12,5709.04,3,Loyal Customers
16410,734,1,130.32,1,At Risk
16411,19,4,910.1899999999999,0,Potential Loyalists
16412,54,5,647.23,0,Potential Loyalists
16413,57,2,528.98,0,Potential Loyalists
16414,22,5,559.71,0,Potential Loyalists
16415,44,3,719.44,0,Potential Loyalists
16416,27,9,2972.88,0,Potential Loyalists
16417,493,1,35.7,1,At Risk
16418,45,5,1101.94,0,Potential Loyalists
16419,113,8,1487.42,0,Potential Loyalists
16420,396,1,75.0,1,At Risk
16421,376,3,526.27,1,At Risk
16422,17,46,29730.420199999626,2,Champions
16423,25,1,346.12,0,Potential Loyalists
16424,191,2,443.06,0,Potential Loyalists
16425,302,1,302.7,1,At Risk
16426,2,10,1908.25,0,Potential Loyalists
16427,263,2,241.06,0,Potential Loyalists
16428,414,3,660.28,1,At Risk
16429,106,1,284.55,0,Potential Loyalists
16430,57,7,1117.94,0,Potential Loyalists
16431,213,3,642.81,0,Potential Loyalists
16432,64,1,287.4,0,Potential Loyalists
16433,28,2,384.52,0,Potential Loyalists
16434,29,12,2741.74,3,Loyal Customers
16435,512,3,1011.5699999999999,1,At Risk
16436,668,3,329.34,1,At Risk
16437,381,2,301.25,1,At Risk
16438,6,5,798.35,0,Potential Loyalists
16439,722,1,310.70000000000005,1,At Risk
16440,8,6,3856.9700000000003,0,Potential Loyalists
16441,67,5,1034.43,0,Potential Loyalists
16442,2,5,899.47,0,Potential Loyalists
16443,521,1,162.24,1,At Risk
16444,46,17,3656.58,3,Loyal Customers
16445,34,4,602.73,0,Potential Loyalists
16446,1,2,29730.420199999626,2,Champions
16447,136,3,775.14,0,Potential Loyalists
16448,198,2,367.87,0,Potential Loyalists
16449,198,2,707.69,0,Potential Loyalists
16450,150,3,1505.73,0,Potential Loyalists
16451,88,3,1013.15,0,Potential Loyalists
16452,631,2,332.17,1,At Risk
16453,531,2,251.71,1,At Risk
16454,45,4,30.950000000000003,0,Potential Loyalists
16455,64,11,4384.37,3,Loyal Customers
16456,99,13,6862.91,3,Loyal Customers
16457,218,1,208.36,0,Potential Loyalists
16458,3,30,5715.34,3,Loyal Customers
16459,730,1,71.78999999999999,1,At Risk
16460,28,3,814.72,0,Potential Loyalists
16461,178,3,1615.22,0,Potential Loyalists
16462,74,3,136.0,0,Potential Loyalists
16463,21,4,1422.4,0,Potential Loyalists
16464,20,3,1314.68,0,Potential Loyalists
16465,421,2,746.24,1,At Risk
16466,34,15,3838.59,3,Loyal Customers
16467,509,7,2869.16,1,At Risk
16468,74,3,787.52,0,Potential Loyalists
16469,24,5,828.91,0,Potential Loyalists
16470,52,11,2458.6,3,Loyal Customers
16471,275,4,1189.98,0,Potential Loyalists
16472,434,2,789.6,1,At Risk
16473,165,4,470.83,0,Potential Loyalists
16474,7,7,1871.5,0,Potential Loyalists
16475,88,4,544.3,0,Potential Loyalists
16476,432,1,350.35,1,At Risk
16477,64,11,4320.02,3,Loyal Customers
16478,25,3,331.0,0,Potential Loyalists
16479,10,2,300.83,0,Potential Loyalists
16480,76,1,769.29,0,Potential Loyalists
16481,682,1,453.38,1,At Risk
16482,16,1,220.62,0,Potential Loyalists
16483,192,1,139.35,0,Potential Loyalists
16484,174,2,404.3,0,Potential Loyalists
16485,77,5,2294.68,0,Potential Loyalists
16486,538,1,134.36,1,At Risk
16487,577,2,209.4,1,At Risk
16488,33,3,498.8,0,Potential Loyalists
16489,380,2,303.7,1,At Risk
16490,436,1,205.41000000000003,1,At Risk
16491,47,2,1533.16,0,Potential Loyalists
16492,541,1,385.56,1,At Risk
16493,80,7,2132.09,0,Potential Loyalists
16494,297,1,826.53,1,At Risk
16495,3,3,684.41,0,Potential Loyalists
16496,9,6,2330.77,0,Potential Loyalists
16497,50,23,6695.28,3,Loyal Customers
16498,161,2,100.97,0,Potential Loyalists
16499,360,8,2578.34,1,At Risk
16500,5,9,843.9100000000001,0,Potential Loyalists
16501,383,1,1237.23,1,At Risk
16502,620,2,266.5,1,At Risk
16503,107,11,3614.34,3,Loyal Customers
16504,25,1,484.38,0,Potential Loyalists
16505,32,1,777.6,0,Potential Loyalists
16506,20,2,90.30000000000001,0,Potential Loyalists
16507,572,1,152.76,1,At Risk
16508,630,1,248.8,1,At Risk
16509,297,1,363.7,1,At Risk
16510,372,6,2100.0,1,At Risk
16511,22,6,1819.02,0,Potential Loyalists
16513,5,4,874.59,0,Potential Loyalists
16515,52,10,3216.3,3,Loyal Customers
16516,30,1,101.69999999999999,0,Potential Loyalists
16517,277,1,162.7,1,At Risk
16518,61,4,959.37,0,Potential Loyalists
16519,25,4,556.26,0,Potential Loyalists
16520,186,6,2482.62,0,Potential Loyalists
16521,415,3,1148.01,1,At Risk
16522,436,2,433.36,1,At Risk
16523,2,28,11916.33,2,Champions
16524,446,2,308.14,1,At Risk
16525,2,46,24582.64,2,Champions
16526,172,2,717.21,0,Potential Loyalists
16527,81,2,1272.44,0,Potential Loyalists
16528,4,1,244.41,0,Potential Loyalists
16529,190,4,2012.0,0,Potential Loyalists
16530,668,1,48.349999999999994,1,At Risk
16531,22,11,2298.33,3,Loyal Customers
16532,18,5,8756.64,3,Loyal Customers
16533,19,3,1095.56,0,Potential Loyalists
16534,642,1,635.9,1,At Risk
16535,5,3,1001.59,0,Potential Loyalists
16536,110,1,548.97,0,Potential Loyalists
16537,641,1,23.35,1,At Risk
16538,541,3,399.62,1,At Risk
16539,3,10,3732.01,3,Loyal Customers
16540,414,1,226.70000000000002,1,At Risk
16541,735,1,424.03,1,At Risk
16542,54,2,257.32,0,Potential Loyalists
16543,592,1,292.21,1,At Risk
16544,520,4,376.70000000000005,1,At Risk
16545,165,2,689.82,0,Potential Loyalists
16546,291,5,5606.47,0,Potential Loyalists
16547,546,1,111.71,1,At Risk
16548,599,1,30.15,1,At Risk
16549,10,34,13182.19,2,Champions
16550,109,18,9435.13,3,Loyal Customers
16551,96,7,2237.12,0,Potential Loyalists
16552,243,2,475.02000000000004,0,Potential Loyalists
16553,163,33,16644.01,2,Champions
16554,42,8,2841.72,0,Potential Loyalists
16555,35,6,1915.68,0,Potential Loyalists
16556,67,17,8012.58,3,Loyal Customers
16557,24,2,281.85,0,Potential Loyalists
16558,1,38,13873.51,2,Champions
16559,397,1,185.20000000000002,1,At Risk
16560,27,8,3048.38,0,Potential Loyalists
16561,6,2,511.12,0,Potential Loyalists
16562,477,1,223.85999999999999,1,At Risk
16563,54,6,4422.76,0,Potential Loyalists
16564,569,1,87.8,1,At Risk
16565,364,4,773.05,1,At Risk
16566,15,5,614.66,0,Potential Loyalists
16567,194,2,865.6,0,Potential Loyalists
16568,428,2,1020.9000000000001,1,At Risk
16569,3,5,1455.23,0,Potential Loyalists
16570,15,20,7434.31,3,Loyal Customers
16571,27,10,4248.74,3,Loyal Customers
16572,127,3,1009.6,0,Potential Loyalists
16573,85,2,663.61,0,Potential Loyalists
16574,71,3,1301.78,0,Potential Loyalists
16576,420,2,540.87,1,At Risk
16577,667,1,380.0,1,At Risk
16578,626,1,156.6,1,At Risk
16579,426,1,295.05,1,At Risk
16581,183,1,105.84,0,Potential Loyalists
16582,113,1,313.62,0,Potential Loyalists
16583,374,2,531.4,1,At Risk
16584,80,5,3163.67,0,Potential Loyalists
16585,594,2,341.59,1,At Risk
16586,249,3,1462.78,0,Potential Loyalists
16587,232,1,225.15,0,Potential Loyalists
16588,386,4,1361.28,1,At Risk
16589,71,4,612.36,0,Potential Loyalists
16590,401,2,605.9,1,At Risk
16591,69,1,213.5,0,Potential Loyalists
16592,4,28,7807.91,3,Loyal Customers
16593,51,8,1071.1399999999999,0,Potential Loyalists
16594,75,1,181.09,0,Potential Loyalists
16595,61,5,1810.18,0,Potential Loyalists
16596,16,4,579.63,0,Potential Loyalists
16597,4,1,90.04,0,Potential Loyalists
16598,286,1,145.04999999999998,1,At Risk
16599,386,1,172.8,1,At Risk
16600,4,13,2153.41,3,Loyal Customers
16601,41,3,684.25,0,Potential Loyalists
16602,36,2,763.33,0,Potential Loyalists
16603,75,2,482.47,0,Potential Loyalists
16604,563,2,432.45,1,At Risk
16605,724,1,60.48,1,At Risk
16606,404,2,357.66,1,At Risk
16607,18,25,5706.87,3,Loyal Customers
16608,454,2,1288.72,1,At Risk
16609,15,7,5493.46,3,Loyal Customers
16610,219,1,75.66,0,Potential Loyalists
16611,186,6,1785.13,0,Potential Loyalists
16612,33,9,3245.43,0,Potential Loyalists
16613,70,1,618.59,0,Potential Loyalists
16614,183,3,1179.79,0,Potential Loyalists
16615,626,1,291.5,1,At Risk
16616,15,2,500.42,0,Potential Loyalists
16617,236,1,151.85,0,Potential Loyalists
16618,31,5,2647.59,0,Potential Loyalists
16619,264,4,1938.33,0,Potential Loyalists
16620,4,6,1758.93,0,Potential Loyalists
16621,52,4,813.48,0,Potential Loyalists
16622,544,1,225.4,1,At Risk
16623,246,4,1015.24,0,Potential Loyalists
16624,81,2,810.5699999999999,0,Potential Loyalists
16625,275,5,1654.03,0,Potential Loyalists
16626,1,17,4413.1,3,Loyal Customers
16627,79,1,322.8,0,Potential Loyalists
16628,30,7,2318.1,0,Potential Loyalists
16629,74,2,417.73,0,Potential Loyalists
16630,407,1,106.80000000000001,1,At Risk
16631,482,7,1892.52,1,At Risk
16632,486,2,406.4,1,At Risk
16633,17,6,2883.1,0,Potential Loyalists
16634,223,6,1814.61,0,Potential Loyalists
16635,407,1,473.0,1,At Risk
16636,438,4,3802.04,1,At Risk
16637,32,4,1154.47,0,Potential Loyalists
16638,23,15,2430.53,3,Loyal Customers
16639,31,4,1747.98,0,Potential Loyalists
16640,398,1,179.4,1,At Risk
16641,106,2,554.5,0,Potential Loyalists
16642,5,3,1077.45,0,Potential Loyalists
16643,246,2,923.11,0,Potential Loyalists
16644,178,2,833.78,0,Potential Loyalists
16645,736,1,160.39,1,At Risk
16646,449,1,678.8,1,At Risk
16647,170,4,541.9,0,Potential Loyalists
16648,43,3,672.8,0,Potential Loyalists
16649,520,1,306.58000000000004,1,At Risk
16650,72,7,1916.11,0,Potential Loyalists
16651,587,1,136.2,1,At Risk
16652,59,16,17550.39,2,Champions
16653,16,2,1212.66,0,Potential Loyalists
16654,141,8,1711.47,0,Potential Loyalists
16655,18,13,6548.37,3,Loyal Customers
16656,22,30,16833.170000000002,2,Champions
16657,10,4,933.62,0,Potential Loyalists
16658,368,6,814.07,1,At Risk
16659,189,1,39.12,0,Potential Loyalists
16660,16,7,1879.55,0,Potential Loyalists
16661,540,4,986.63,1,At Risk
16662,394,1,163.8,1,At Risk
16663,729,1,165.0,1,At Risk
16664,569,1,109.2,1,At Risk
16665,362,1,135.39999999999998,1,At Risk
16666,19,2,225.94,0,Potential Loyalists
16667,68,2,570.13,0,Potential Loyalists
16668,15,13,862.42,3,Loyal Customers
16669,24,3,1374.8700000000001,0,Potential Loyalists
16670,17,20,8030.150000000001,3,Loyal Customers
16671,28,3,1692.27,0,Potential Loyalists
16672,2,20,8134.9400000000005,3,Loyal Customers
16673,679,1,188.83,1,At Risk
16674,55,2,319.61,0,Potential Loyalists
16675,442,2,608.86,1,At Risk
16676,34,6,2361.9,0,Potential Loyalists
16677,411,2,880.62,1,At Risk
16678,3,12,3109.99,3,Loyal Customers
16679,366,3,793.06,1,At Risk
16680,43,3,821.45,0,Potential Loyalists
16681,73,7,1921.84,0,Potential Loyalists
16682,5,5,1028.0,0,Potential Loyalists
16683,534,1,320.25,1,At Risk
16684,4,46,29730.420199999626,2,Champions
16685,61,2,324.24,0,Potential Loyalists
16686,47,16,5070.92,3,Loyal Customers
16687,391,1,157.63,1,At Risk
16688,1,4,1260.86,0,Potential Loyalists
16689,76,2,422.59999999999997,0,Potential Loyalists
16690,72,4,353.03,0,Potential Loyalists
16691,418,2,178.83,1,At Risk
16692,256,4,1914.6999999999998,0,Potential Loyalists
16693,69,5,1199.46,0,Potential Loyalists
16694,723,1,98.30000000000001,1,At Risk
16695,562,2,193.15,1,At Risk
16696,135,4,657.9000000000001,0,Potential Loyalists
16697,241,1,112.75,0,Potential Loyalists
16698,227,2,1998.0,0,Potential Loyalists
16699,380,7,994.6,1,At Risk
16700,9,25,9167.710000000001,3,Loyal Customers
16701,9,26,9916.73,3,Loyal Customers
16702,415,4,1110.83,1,At Risk
16704,618,2,695.66,1,At Risk
16705,1,42,29730.420199999626,2,Champions
16706,37,3,531.35,0,Potential Loyalists
16707,400,4,551.11,1,At Risk
16708,46,1,656.63,0,Potential Loyalists
16709,85,14,9087.460000000001,3,Loyal Customers
16710,19,22,6349.09,3,Loyal Customers
16711,3,9,2868.48,0,Potential Loyalists
16712,9,13,4266.99,3,Loyal Customers
16713,19,32,14560.69,2,Champions
16714,219,4,1529.8,0,Potential Loyalists
16715,78,2,625.52,0,Potential Loyalists
16716,267,3,2149.6800000000003,0,Potential Loyalists
16717,24,14,6986.2300000000005,3,Loyal Customers
16718,369,5,3647.53,1,At Risk
16719,15,14,3973.3,3,Loyal Customers
16720,26,3,795.48,0,Potential Loyalists
16721,262,1,292.47,0,Potential Loyalists
16722,17,22,8989.08,3,Loyal Customers
16723,91,4,1301.63,0,Potential Loyalists
16724,405,1,147.35,1,At Risk
16725,302,14,1882.11,3,Loyal Customers
16726,26,7,2088.41,0,Potential Loyalists
16727,364,4,1437.42,1,At Risk
16728,46,4,1054.67,0,Potential Loyalists
16729,38,21,7239.92,3,Loyal Customers
16730,52,3,743.11,0,Potential Loyalists
16731,648,1,174.05,1,At Risk
16732,32,4,4387.64,0,Potential Loyalists
16733,530,1,259.68,1,At Risk
16734,52,3,650.51,0,Potential Loyalists
16735,79,14,6270.56,3,Loyal Customers
16736,506,5,2956.56,1,At Risk
16737,53,2,835.1999999999999,0,Potential Loyalists
16738,298,1,3.75,1,At Risk
16739,177,2,786.43,0,Potential Loyalists
16740,395,1,236.81,1,At Risk
16741,625,1,173.06,1,At Risk
16742,47,14,2852.6099999999997,3,Loyal Customers
16743,29,14,4253.26,3,Loyal Customers
16744,11,7,1304.76,0,Potential Loyalists
16745,87,17,7194.3,3,Loyal Customers
16746,5,42,18066.4,2,Champions
16747,38,2,836.06,0,Potential Loyalists
16748,18,14,3637.33,3,Loyal Customers
16749,591,2,4387.08,1,At Risk
16750,45,5,623.93,0,Potential Loyalists
16751,31,1,1764.72,0,Potential Loyalists
16752,373,1,415.0,1,At Risk
16753,58,1,223.92000000000002,0,Potential Loyalists
16754,372,29,29730.420199999626,2,Champions
16755,114,7,2900.58,0,Potential Loyalists
16756,215,7,1312.3700000000001,0,Potential Loyalists
16757,319,2,270.48,1,At Risk
16758,65,1,369.34000000000003,0,Potential Loyalists
16759,8,3,789.79,0,Potential Loyalists
16760,430,1,228.0,1,At Risk
16761,97,1,316.62,0,Potential Loyalists
16762,20,3,1501.38,0,Potential Loyalists
16763,199,2,964.6999999999999,0,Potential Loyalists
16764,4,13,2799.25,3,Loyal Customers
16765,294,2,454.75,1,At Risk
16766,273,2,1145.6,0,Potential Loyalists
16767,31,15,8073.8,3,Loyal Customers
16768,48,9,1708.12,0,Potential Loyalists
16769,260,4,1141.75,0,Potential Loyalists
16770,58,9,1932.13,0,Potential Loyalists
16771,33,10,3967.6,3,Loyal Customers
16772,423,3,3723.5499999999997,1,At Risk
16773,57,3,421.24,0,Potential Loyalists
16774,68,8,1594.45,0,Potential Loyalists
16775,10,16,3056.89,3,Loyal Customers
16776,60,2,619.85,0,Potential Loyalists
16777,80,5,1307.76,0,Potential Loyalists
16778,74,2,245.94,0,Potential Loyalists
16779,2,46,29730.420199999626,2,Champions
16780,100,3,605.55,0,Potential Loyalists
16781,372,2,934.25,1,At Risk
16782,10,38,10438.41,2,Champions
16783,437,1,391.95,1,At Risk
16784,20,5,896.53,0,Potential Loyalists
16785,410,1,533.78,1,At Risk
16786,394,1,51.839999999999996,1,At Risk
16787,398,4,1035.43,1,At Risk
16788,123,5,1950.3,0,Potential Loyalists
16789,8,1,80.8,0,Potential Loyalists
16790,4,6,1545.6200000000001,0,Potential Loyalists
16791,29,15,4038.69,3,Loyal Customers
16792,282,5,623.46,0,Potential Loyalists
16793,57,1,243.84,0,Potential Loyalists
16794,1,15,2090.91,3,Loyal Customers
16795,365,3,2492.39,1,At Risk
16796,89,1,305.62,0,Potential Loyalists
16797,393,5,1827.77,1,At Risk
16798,554,3,848.71,1,At Risk
16799,432,2,495.98,1,At Risk
16800,11,1,1201.49,0,Potential Loyalists
16801,163,4,1619.73,0,Potential Loyalists
16802,679,2,582.61,1,At Risk
16803,65,1,332.3,0,Potential Loyalists
16804,23,3,536.99,0,Potential Loyalists
16805,174,5,1097.24,0,Potential Loyalists
16806,103,4,801.49,0,Potential Loyalists
16807,143,6,2123.88,0,Potential Loyalists
16808,99,2,288.42,0,Potential Loyalists
16809,23,9,1727.43,0,Potential Loyalists
16810,192,2,842.0400000000001,0,Potential Loyalists
16811,5,2,547.07,0,Potential Loyalists
16812,361,4,2392.0,1,At Risk
16813,8,10,1692.98,0,Potential Loyalists
16814,14,36,12499.710000000001,2,Champions
16815,454,2,410.97,1,At Risk
16816,103,4,417.06,0,Potential Loyalists
16817,3,13,2804.9,3,Loyal Customers
16818,11,11,3349.57,3,Loyal Customers
16819,465,2,182.59,1,At Risk
16820,96,1,497.61,0,Potential Loyalists
16821,382,1,113.35,1,At Risk
16822,686,1,181.39,1,At Risk
16823,227,7,2260.09,0,Potential Loyalists
16824,16,3,686.24,0,Potential Loyalists
16825,39,5,1826.89,0,Potential Loyalists
16826,51,1,341.7,0,Potential Loyalists
16827,393,5,392.13,1,At Risk
16828,93,2,128.5,0,Potential Loyalists
16829,157,2,513.32,0,Potential Loyalists
16830,39,4,1207.5,0,Potential Loyalists
16831,565,1,91.8,1,At Risk
16832,184,5,417.61,0,Potential Loyalists
16833,1,6,2409.04,0,Potential Loyalists
16834,228,2,898.96,0,Potential Loyalists
16835,128,6,1538.41,0,Potential Loyalists
16836,40,4,782.37,0,Potential Loyalists
16837,31,11,3170.98,3,Loyal Customers
16838,197,4,1159.61,0,Potential Loyalists
16839,9,44,22310.49,2,Champions
16840,603,2,139.85,1,At Risk
16841,37,12,4006.06,3,Loyal Customers
16842,101,3,1264.19,0,Potential Loyalists
16843,43,35,19571.43,2,Champions
16844,563,2,614.34,1,At Risk
16845,618,1,253.88,1,At Risk
16846,50,3,842.41,0,Potential Loyalists
16847,43,2,614.89,0,Potential Loyalists
16848,53,4,1411.62,0,Potential Loyalists
16849,187,1,124.57,0,Potential Loyalists
16850,334,1,332.41,1,At Risk
16851,4,3,342.45,0,Potential Loyalists
16852,10,2,144.91000000000003,0,Potential Loyalists
16854,417,2,1408.96,1,At Risk
16855,24,2,328.4,0,Potential Loyalists
16856,15,3,358.49,0,Potential Loyalists
16857,443,1,352.8,1,At Risk
16858,369,10,4668.28,1,At Risk
16859,145,7,1932.41,0,Potential Loyalists
16860,453,3,1610.62,1,At Risk
16861,60,5,946.59,0,Potential Loyalists
16862,547,4,662.33,1,At Risk
16863,31,3,998.52,0,Potential Loyalists
16864,434,2,409.25,1,At Risk
16865,402,1,130.95,1,At Risk
16866,141,3,207.73999999999998,0,Potential Loyalists
16867,690,1,76.74000000000001,1,At Risk
16868,394,3,393.39,1,At Risk
16869,23,4,825.42,0,Potential Loyalists
16870,469,1,450.15999999999997,1,At Risk
16871,22,6,2812.34,0,Potential Loyalists
16872,77,6,1213.13,0,Potential Loyalists
16873,5,12,14617.39,3,Loyal Customers
16874,379,1,217.74,1,At Risk
16875,67,11,4234.53,3,Loyal Customers
16876,404,1,136.01,1,At Risk
16877,12,6,853.72,0,Potential Loyalists
16878,84,1,13.3,0,Potential Loyalists
16880,31,8,1840.86,0,Potential Loyalists
16881,67,1,432.0,0,Potential Loyalists
16882,67,3,705.12,0,Potential Loyalists
16883,187,19,2396.59,3,Loyal Customers
16884,38,4,1073.92,0,Potential Loyalists
16885,15,4,710.74,0,Potential Loyalists
16886,456,1,134.0,1,At Risk
16887,35,3,660.72,0,Potential Loyalists
16888,401,3,437.15,1,At Risk
16889,195,6,2530.9,0,Potential Loyalists
16890,477,3,285.41,1,At Risk
16891,2,11,2056.82,3,Loyal Customers
16892,1,7,762.1,0,Potential Loyalists
16893,367,2,401.77,1,At Risk
16894,502,3,1324.06,1,At Risk
16895,65,5,1121.42,0,Potential Loyalists
16896,555,1,103.95,1,At Risk
16897,299,2,289.78,1,At Risk
16898,26,5,1016.37,0,Potential Loyalists
16899,8,8,1721.02,0,Potential Loyalists
16900,17,3,887.11,0,Potential Loyalists
16901,729,1,204.26,1,At Risk
16902,116,1,1706.88,0,Potential Loyalists
16903,29,3,1062.28,0,Potential Loyalists
16904,4,21,5132.37,3,Loyal Customers
16905,5,17,5034.15,3,Loyal Customers
16906,82,7,1448.8,0,Potential Loyalists
16907,29,9,1707.9,0,Potential Loyalists
16908,722,1,252.59,1,At Risk
16909,72,1,379.14,0,Potential Loyalists
16910,4,8,1510.06,0,Potential Loyalists
16911,636,2,255.25,1,At Risk
16912,29,15,4480.31,3,Loyal Customers
16913,290,3,423.90999999999997,1,At Risk
16914,36,1,208.46,0,Potential Loyalists
16915,9,11,1543.18,0,Potential Loyalists
16916,24,4,1123.4,0,Potential Loyalists
16917,277,2,1857.83,0,Potential Loyalists
16918,50,16,3213.29,3,Loyal Customers
16919,156,24,5125.91,3,Loyal Customers
16920,411,1,355.45,1,At Risk
16921,61,3,446.67,0,Potential Loyalists
16922,573,1,611.08,1,At Risk
16923,12,32,13378.36,2,Champions
16924,21,3,846.75,0,Potential Loyalists
16925,540,1,125.65,1,At Risk
16926,371,5,1421.35,1,At Risk
16927,116,3,543.05,0,Potential Loyalists
16928,80,29,4113.23,3,Loyal Customers
16929,4,7,1295.39,0,Potential Loyalists
16930,26,3,380.55,0,Potential Loyalists
16931,5,23,5233.62,3,Loyal Customers
16932,53,3,440.71,0,Potential Loyalists
16933,1,9,3181.25,0,Potential Loyalists
16934,55,6,2110.9900000000002,0,Potential Loyalists
16935,382,3,535.1,1,At Risk
16936,26,2,551.17,0,Potential Loyalists
16937,499,1,202.1,1,At Risk
16938,9,9,7043.18,3,Loyal Customers
16939,489,3,449.0,1,At Risk
16940,52,8,6427.66,3,Loyal Customers
16941,612,1,33.0,1,At Risk
16942,13,9,1920.59,0,Potential Loyalists
16943,212,5,1299.49,0,Potential Loyalists
16944,610,1,101.36,1,At Risk
16945,22,33,8548.16,3,Loyal Customers
16946,383,5,1222.04,1,At Risk
16947,236,5,955.21,0,Potential Loyalists
16948,139,7,868.77,0,Potential Loyalists
16949,4,6,1286.27,0,Potential Loyalists
16950,57,10,3784.37,3,Loyal Customers
16951,135,3,1277.75,0,Potential Loyalists
16952,109,5,798.78,0,Potential Loyalists
16953,30,1,20.8,0,Potential Loyalists
16954,1,20,6081.88,3,Loyal Customers
16955,185,6,1309.41,0,Potential Loyalists
16956,18,1,308.74,0,Potential Loyalists
16957,239,2,416.64,0,Potential Loyalists
16958,435,1,809.44,1,At Risk
16959,87,1,117.35000000000001,0,Potential Loyalists
16960,39,8,2043.43,0,Potential Loyalists
16961,116,3,794.56,0,Potential Loyalists
16962,410,1,251.04,1,At Risk
16963,187,1,110.55000000000001,0,Potential Loyalists
16964,733,2,207.85,1,At Risk
16965,227,1,201.19,0,Potential Loyalists
16966,8,7,2154.97,0,Potential Loyalists
16967,189,1,319.02,0,Potential Loyalists
16968,4,2,439.43,0,Potential Loyalists
16969,39,3,650.41,0,Potential Loyalists
16970,626,1,71.4,1,At Risk
16971,38,1,357.21,0,Potential Loyalists
16972,383,2,786.25,1,At Risk
16973,386,1,127.0,1,At Risk
16974,523,2,365.5,1,At Risk
16975,423,3,926.12,1,At Risk
16976,267,1,251.51999999999998,0,Potential Loyalists
16977,395,4,496.0,1,At Risk
16978,78,3,768.88,0,Potential Loyalists
16979,4,9,2859.74,0,Potential Loyalists
16980,255,3,1473.3300000000002,0,Potential Loyalists
16982,61,1,384.06,0,Potential Loyalists
16983,13,11,3710.22,3,Loyal Customers
16984,88,9,10754.8,3,Loyal Customers
16985,17,23,10923.16,3,Loyal Customers
16986,30,11,4888.75,3,Loyal Customers
16987,3,11,2535.9,3,Loyal Customers
16988,5,2,382.67,0,Potential Loyalists
16989,7,6,1133.25,0,Potential Loyalists
16990,219,2,344.0,0,Potential Loyalists
16991,421,1,1041.21,1,At Risk
16992,11,13,5476.5,3,Loyal Customers
16993,464,2,1950.9499999999998,1,At Risk
16996,30,9,2123.61,0,Potential Loyalists
16997,288,3,702.0,1,At Risk
16998,150,5,402.0,0,Potential Loyalists
16999,23,2,484.82,0,Potential Loyalists
17000,396,2,406.3,1,At Risk
17001,1,19,6640.8,3,Loyal Customers
17002,86,7,2571.55,0,Potential Loyalists
17003,402,4,830.16,1,At Risk
17004,46,4,2425.16,0,Potential Loyalists
17005,471,2,742.36,1,At Risk
17006,5,8,1636.32,0,Potential Loyalists
17007,51,7,1120.1,0,Potential Loyalists
17008,429,1,81.36,1,At Risk
17009,551,1,242.06,1,At Risk
17010,18,1,195.36,0,Potential Loyalists
17011,30,3,671.7,0,Potential Loyalists
17012,725,1,384.16,1,At Risk
17014,8,3,586.33,0,Potential Loyalists
17015,29,3,1842.56,0,Potential Loyalists
17016,577,1,552.4,1,At Risk
17017,3,29,14110.61,2,Champions
17018,41,6,2287.7,0,Potential Loyalists
17019,11,11,4012.2,3,Loyal Customers
17020,542,2,935.62,1,At Risk
17021,442,6,1182.22,1,At Risk
17022,31,2,260.0,0,Potential Loyalists
17023,417,3,800.18,1,At Risk
17024,45,3,95.85,0,Potential Loyalists
17025,61,5,1510.6399999999999,0,Potential Loyalists
17026,185,3,208.98,0,Potential Loyalists
17027,79,9,1327.1100000000001,0,Potential Loyalists
17028,581,3,1593.83,1,At Risk
17029,111,7,2137.3,0,Potential Loyalists
17030,64,1,146.87,0,Potential Loyalists
17031,12,6,2773.85,0,Potential Loyalists
17032,548,8,3004.6,1,At Risk
17033,86,4,1332.79,0,Potential Loyalists
17034,16,5,1283.92,0,Potential Loyalists
17035,246,4,613.59,0,Potential Loyalists
17036,383,1,176.9,1,At Risk
17037,88,1,1267.32,0,Potential Loyalists
17038,30,2,743.17,0,Potential Loyalists
17039,604,1,1954.99,1,At Risk
17040,138,2,463.25,0,Potential Loyalists
17041,27,6,1686.28,0,Potential Loyalists
17042,3,5,1044.3799999999999,0,Potential Loyalists
17043,32,8,2616.55,0,Potential Loyalists
17044,25,12,11962.3,3,Loyal Customers
17045,113,5,827.6800000000001,0,Potential Loyalists
17046,157,5,1906.07,0,Potential Loyalists
17047,85,6,2289.23,0,Potential Loyalists
17048,118,7,2071.68,0,Potential Loyalists
17049,3,19,9947.48,3,Loyal Customers
17050,96,11,4691.79,3,Loyal Customers
17051,194,4,714.39,0,Potential Loyalists
17052,28,1,413.75,0,Potential Loyalists
17053,131,1,498.48,0,Potential Loyalists
17054,28,5,1356.33,0,Potential Loyalists
17055,446,1,239.55,1,At Risk
17056,738,1,128.60000000000002,1,At Risk
17057,596,1,294.74,1,At Risk
17058,82,3,1179.89,0,Potential Loyalists
17059,30,9,5602.53,3,Loyal Customers
17060,266,1,234.24,0,Potential Loyalists
17061,74,11,5232.2300000000005,3,Loyal Customers
17062,314,6,1208.22,1,At Risk
17063,21,13,3638.53,3,Loyal Customers
17064,59,3,859.35,0,Potential Loyalists
17065,638,2,194.7,1,At Risk
17066,726,1,228.34,1,At Risk
17067,725,3,454.54,1,At Risk
17068,12,46,9161.08,2,Champions
17069,28,14,5794.28,3,Loyal Customers
17070,114,2,445.32,0,Potential Loyalists
17071,28,13,3801.2000000000003,3,Loyal Customers
17072,625,1,282.05,1,At Risk
17073,18,4,1446.09,0,Potential Loyalists
17074,563,1,203.05,1,At Risk
17075,18,10,2241.73,0,Potential Loyalists
17076,36,6,1242.75,0,Potential Loyalists
17077,578,1,306.0,1,At Risk
17078,36,2,378.2,0,Potential Loyalists
17079,78,1,118.80000000000001,0,Potential Loyalists
17080,22,7,957.53,0,Potential Loyalists
17081,25,6,964.39,0,Potential Loyalists
17082,33,6,4732.03,0,Potential Loyalists
17083,109,9,4049.79,3,Loyal Customers
17084,35,3,5202.97,0,Potential Loyalists
17085,123,28,7891.41,3,Loyal Customers
17086,7,6,2050.08,0,Potential Loyalists
17087,738,1,221.53,1,At Risk
17088,28,4,1991.01,0,Potential Loyalists
17089,386,1,128.45,1,At Risk
17090,4,13,3149.48,3,Loyal Customers
17091,3,19,7811.1,3,Loyal Customers
17092,50,11,5594.96,3,Loyal Customers
17093,593,1,235.88,1,At Risk
17094,322,2,402.20000000000005,1,At Risk
17095,23,7,2572.25,0,Potential Loyalists
17096,15,11,3759.18,3,Loyal Customers
17097,2,9,1340.45,0,Potential Loyalists
17098,382,3,591.0699999999999,1,At Risk
17099,533,1,582.17,1,At Risk
17100,18,2,971.74,0,Potential Loyalists
17101,10,7,2507.05,0,Potential Loyalists
17102,262,1,25.5,0,Potential Loyalists
17103,722,1,424.3,1,At Risk
17104,424,1,474.03,1,At Risk
17105,159,2,665.78,0,Potential Loyalists
17106,389,1,491.23,1,At Risk
17107,33,10,16075.42,3,Loyal Customers
17108,664,1,174.95,1,At Risk
17109,29,8,1295.46,0,Potential Loyalists
17110,165,3,510.7,0,Potential Loyalists
17111,47,2,476.58,0,Potential Loyalists
17112,503,1,205.17,1,At Risk
17113,574,6,2322.59,1,At Risk
17114,6,8,808.62,0,Potential Loyalists
17115,8,7,2761.4900000000002,0,Potential Loyalists
17116,648,1,389.78,1,At Risk
17117,288,1,116.19999999999999,1,At Risk
17118,318,1,157.02,1,At Risk
17119,3,2,606.91,0,Potential Loyalists
17120,233,1,307.46,0,Potential Loyalists
17121,403,1,314.74,1,At Risk
17122,119,4,570.5,0,Potential Loyalists
17123,162,3,977.17,0,Potential Loyalists
17124,185,1,298.89,0,Potential Loyalists
17125,50,1,259.35,0,Potential Loyalists
17126,152,9,2070.44,0,Potential Loyalists
17127,429,5,1155.0300000000002,1,At Risk
17128,335,1,157.09,1,At Risk
17129,520,1,31.85,1,At Risk
17131,5,5,2463.17,0,Potential Loyalists
17132,452,2,1272.8,1,At Risk
17133,16,12,14622.33,3,Loyal Customers
17134,107,3,637.1,0,Potential Loyalists
17135,16,10,1954.16,0,Potential Loyalists
17136,662,1,231.68,1,At Risk
17137,416,6,1133.63,1,At Risk
17138,276,7,4417.27,0,Potential Loyalists
17139,16,25,19584.46,2,Champions
17140,247,1,465.32,0,Potential Loyalists
17141,418,4,754.33,1,At Risk
17142,239,4,1283.75,0,Potential Loyalists
17143,417,2,924.11,1,At Risk
17144,1,2,984.57,0,Potential Loyalists
17145,513,4,3120.91,1,At Risk
17146,106,13,5860.24,3,Loyal Customers
17147,23,9,3199.95,0,Potential Loyalists
17148,52,1,124.88,0,Potential Loyalists
17149,451,1,143.10000000000002,1,At Risk
17150,377,6,1375.65,1,At Risk
17151,735,1,231.90000000000003,1,At Risk
17152,195,4,2016.5,0,Potential Loyalists
17153,24,1,213.78,0,Potential Loyalists
17154,75,1,329.34,0,Potential Loyalists
17155,18,7,892.46,0,Potential Loyalists
17156,492,1,591.87,1,At Risk
17157,8,19,5151.9,3,Loyal Customers
17158,32,5,1980.0,0,Potential Loyalists
17159,22,5,2099.59,0,Potential Loyalists
17160,31,17,10209.16,3,Loyal Customers
17161,444,1,856.01,1,At Risk
17162,29,10,1715.46,0,Potential Loyalists
17163,22,4,699.78,0,Potential Loyalists
17164,33,7,2467.35,0,Potential Loyalists
17165,284,6,1794.32,0,Potential Loyalists
17166,39,2,206.34,0,Potential Loyalists
17167,380,3,867.11,1,At Risk
17168,499,1,400.2,1,At Risk
17169,58,3,1156.73,0,Potential Loyalists
17170,374,2,178.68,1,At Risk
17171,289,2,384.59,1,At Risk
17172,79,3,956.5699999999999,0,Potential Loyalists
17173,5,8,3766.6,0,Potential Loyalists
17174,218,1,59.9,0,Potential Loyalists
17175,44,4,1443.69,0,Potential Loyalists
17176,202,3,902.3199999999999,0,Potential Loyalists
17177,505,1,119.5,1,At Risk
17178,731,1,436.71,1,At Risk
17179,178,6,1507.26,0,Potential Loyalists
17180,56,11,2256.98,3,Loyal Customers
17181,57,3,465.37,0,Potential Loyalists
17182,423,2,321.3,1,At Risk
17183,8,6,3347.31,0,Potential Loyalists
17184,569,2,198.41000000000003,1,At Risk
17185,592,3,229.46,1,At Risk
17186,47,2,144.0,0,Potential Loyalists
17187,227,2,467.71,0,Potential Loyalists
17188,11,13,4592.93,3,Loyal Customers
17189,106,5,957.63,0,Potential Loyalists
17190,59,7,1743.04,0,Potential Loyalists
17191,28,15,4836.05,3,Loyal Customers
17192,536,1,77.83,1,At Risk
17193,36,9,2310.04,0,Potential Loyalists
17194,274,3,812.5,0,Potential Loyalists
17195,655,1,562.98,1,At Risk
17196,428,1,352.9,1,At Risk
17197,30,1,1013.01,0,Potential Loyalists
17198,24,3,1213.88,0,Potential Loyalists
17199,582,1,145.12,1,At Risk
17200,387,4,356.71,1,At Risk
17201,54,4,1242.04,0,Potential Loyalists
17202,421,1,160.65,1,At Risk
17203,36,10,5575.88,3,Loyal Customers
17204,175,9,5504.6900000000005,3,Loyal Customers
17205,54,3,999.35,0,Potential Loyalists
17206,53,1,204.24,0,Potential Loyalists
17207,652,1,303.21999999999997,1,At Risk
17208,396,1,115.35,1,At Risk
17209,649,3,611.6,1,At Risk
17210,393,1,253.37,1,At Risk
17211,27,13,4046.65,3,Loyal Customers
17212,253,3,794.41,0,Potential Loyalists
17213,40,13,5182.3,3,Loyal Customers
17214,60,6,1069.1200000000001,0,Potential Loyalists
17215,464,1,186.15,1,At Risk
17216,554,1,65.05,1,At Risk
17217,234,2,218.0,0,Potential Loyalists
17218,4,18,4192.68,3,Loyal Customers
17219,32,2,259.13,0,Potential Loyalists
17220,24,21,4481.75,3,Loyal Customers
17221,7,5,978.52,0,Potential Loyalists
17222,65,6,1605.01,0,Potential Loyalists
17223,310,3,873.53,1,At Risk
17224,501,1,100.86,1,At Risk
17225,582,1,131.15,1,At Risk
17226,309,3,900.12,1,At Risk
17227,19,12,2022.03,3,Loyal Customers
17228,16,13,3177.24,3,Loyal Customers
17229,96,2,318.76,0,Potential Loyalists
17230,264,18,9924.95,3,Loyal Customers
17231,12,25,7197.04,3,Loyal Customers
17232,3,2,421.52,0,Potential Loyalists
17233,35,3,560.86,0,Potential Loyalists
17234,183,1,149.89000000000001,0,Potential Loyalists
17235,25,8,1904.8799999999999,0,Potential Loyalists
17236,13,12,1929.26,3,Loyal Customers
17237,11,4,1002.08,0,Potential Loyalists
17238,3,32,7783.1,3,Loyal Customers
17239,313,4,1189.45,1,At Risk
17240,596,1,130.6,1,At Risk
17241,385,12,2744.14,1,At Risk
17242,108,5,2889.28,0,Potential Loyalists
17243,1,46,20889.86,2,Champions
17244,53,5,1826.04,0,Potential Loyalists
17245,205,2,371.63,0,Potential Loyalists
17246,547,2,38.92,1,At Risk
17247,15,1,282.19,0,Potential Loyalists
17248,120,2,546.16,0,Potential Loyalists
17249,429,1,68.03,1,At Risk
17250,4,2,384.52,0,Potential Loyalists
17251,363,3,812.4300000000001,1,At Risk
17252,117,2,353.86,0,Potential Loyalists
17253,18,1,178.26,0,Potential Loyalists
17254,5,3,470.73,0,Potential Loyalists
17255,41,4,799.13,0,Potential Loyalists
17256,107,5,498.93,0,Potential Loyalists
17257,436,2,192.73,1,At Risk
17258,397,2,417.3,1,At Risk
17259,148,6,1889.34,0,Potential Loyalists
17260,411,1,120.95,1,At Risk
17261,510,1,230.44,1,At Risk
17262,52,11,2757.62,3,Loyal Customers
17263,208,1,63.440000000000005,0,Potential Loyalists
17264,424,1,279.59,1,At Risk
17265,139,2,562.9,0,Potential Loyalists
17266,2,5,517.73,0,Potential Loyalists
17267,127,2,317.62,0,Potential Loyalists
17268,108,11,1733.8899999999999,0,Potential Loyalists
17269,386,1,537.46,1,At Risk
17270,469,2,604.4,1,At Risk
17271,736,1,210.39,1,At Risk
17272,42,4,2148.63,0,Potential Loyalists
17273,424,1,141.12,1,At Risk
17274,35,2,577.38,0,Potential Loyalists
17275,383,1,114.52,1,At Risk
17276,402,1,508.39,1,At Risk
17277,228,2,1065.3500000000001,0,Potential Loyalists
17278,241,2,271.24,0,Potential Loyalists
17279,58,1,187.82999999999998,0,Potential Loyalists
17280,438,1,118.85999999999999,1,At Risk
17281,374,6,797.8499999999999,1,At Risk
17282,130,5,2339.66,0,Potential Loyalists
17283,379,1,188.46,1,At Risk
17284,60,8,2793.16,0,Potential Loyalists
17285,628,2,428.34,1,At Risk
17286,22,3,395.48,0,Potential Loyalists
17287,26,21,4111.96,3,Loyal Customers
17288,9,11,2499.98,3,Loyal Customers
17289,32,9,2079.39,0,Potential Loyalists
17290,4,8,1501.44,0,Potential Loyalists
17291,308,1,550.8000000000001,1,At Risk
17292,472,2,271.75,1,At Risk
17293,8,17,3774.23,3,Loyal Customers
17294,669,2,467.78999999999996,1,At Risk
17295,29,3,556.95,0,Potential Loyalists
17296,730,1,338.13,1,At Risk
17297,17,1,131.78,0,Potential Loyalists
17298,101,5,957.5600000000001,0,Potential Loyalists
17299,12,6,1016.08,0,Potential Loyalists
17300,391,2,393.64,1,At Risk
17301,21,2,330.43,0,Potential Loyalists
17302,15,5,1135.63,0,Potential Loyalists
17303,361,1,250.04,1,At Risk
17304,534,1,111.5,1,At Risk
17305,649,1,2135.46,1,At Risk
17306,11,21,9782.35,3,Loyal Customers
17307,395,11,3999.8900000000003,1,At Risk
17308,393,2,4511.76,1,At Risk
17309,95,3,330.59000000000003,0,Potential Loyalists
17310,387,2,1025.1,1,At Risk
17311,78,6,3566.56,0,Potential Loyalists
17312,139,3,644.3,0,Potential Loyalists
17313,31,1,2328.84,0,Potential Loyalists
17314,25,17,4904.43,3,Loyal Customers
17315,2,43,9650.6,2,Champions
17316,420,1,124.45,1,At Risk
17317,46,3,2600.34,0,Potential Loyalists
17318,725,1,164.28,1,At Risk
17319,669,1,29.1,1,At Risk
17320,100,6,2895.77,0,Potential Loyalists
17321,8,6,1741.18,0,Potential Loyalists
17322,376,5,922.59,1,At Risk
17323,15,12,1565.59,3,Loyal Customers
17324,18,12,2301.87,3,Loyal Customers
17325,280,3,609.5699999999999,1,At Risk
17326,408,2,321.95,1,At Risk
17327,410,2,152.35,1,At Risk
17328,673,1,104.7,1,At Risk
17329,14,5,1004.4300000000001,0,Potential Loyalists
17330,23,4,423.8,0,Potential Loyalists
17331,124,1,175.2,0,Potential Loyalists
17332,528,5,838.27,1,At Risk
17333,86,1,494.25,0,Potential Loyalists
17334,302,3,635.15,1,At Risk
17335,384,2,508.0,1,At Risk
17336,472,1,81.12,1,At Risk
17337,151,4,2027.8700000000001,0,Potential Loyalists
17338,17,17,12142.57,3,Loyal Customers
17339,94,3,362.36,0,Potential Loyalists
17340,30,18,22404.82,2,Champions
17341,157,5,1889.83,0,Potential Loyalists
17342,380,4,1227.54,1,At Risk
17343,355,6,1259.94,1,At Risk
17344,46,2,468.11,0,Potential Loyalists
17345,15,10,1604.68,0,Potential Loyalists
17346,4,26,5323.0,3,Loyal Customers
17347,86,1,228.96,0,Potential Loyalists
17348,15,9,2476.41,0,Potential Loyalists
17349,179,5,852.25,0,Potential Loyalists
17350,8,7,1906.041,0,Potential Loyalists
17351,36,12,1988.23,3,Loyal Customers
17352,696,1,36.25,1,At Risk
17353,129,4,3242.0,0,Potential Loyalists
17354,51,4,3143.46,0,Potential Loyalists
17355,386,1,285.11,1,At Risk
17356,312,5,946.47,1,At Risk
17357,24,2,388.14,0,Potential Loyalists
17358,303,5,866.05,1,At Risk
17359,11,2,284.46,0,Potential Loyalists
17360,17,6,1231.3799999999999,0,Potential Loyalists
17361,49,5,880.64,0,Potential Loyalists
17362,239,7,1024.04,0,Potential Loyalists
17363,395,3,940.86,1,At Risk
17364,1,28,12070.42,2,Champions
17365,13,15,8224.98,3,Loyal Customers
17366,432,2,1096.24,1,At Risk
17367,238,1,168.4,0,Potential Loyalists
17368,23,14,2826.14,3,Loyal Customers
17369,456,1,979.1999999999999,1,At Risk
17370,73,4,446.18,0,Potential Loyalists
17371,17,6,662.55,0,Potential Loyalists
17372,41,28,4377.56,3,Loyal Customers
17373,40,7,1167.5,0,Potential Loyalists
17374,219,3,727.11,0,Potential Loyalists
17375,199,4,660.55,0,Potential Loyalists
17376,71,4,453.64,0,Potential Loyalists
17377,24,46,18319.41,2,Champions
17378,374,1,10.95,1,At Risk
17379,11,1,404.66,0,Potential Loyalists
17380,434,3,645.0,1,At Risk
17381,9,38,29730.420199999626,2,Champions
17382,65,8,902.28,0,Potential Loyalists
17383,4,2,309.99,0,Potential Loyalists
17384,19,3,507.55,0,Potential Loyalists
17385,15,1,261.11,0,Potential Loyalists
17386,8,7,2812.77,0,Potential Loyalists
17387,20,2,784.11,0,Potential Loyalists
17388,78,11,2691.57,3,Loyal Customers
17389,1,46,29730.420199999626,2,Champions
17390,421,1,149.3,1,At Risk
17391,164,2,508.8,0,Potential Loyalists
17392,307,3,626.56,1,At Risk
17393,411,2,381.15,1,At Risk
17394,219,1,203.86999999999998,0,Potential Loyalists
17395,508,1,97.5,1,At Risk
17396,39,14,8807.1,3,Loyal Customers
17397,22,3,1233.18,0,Potential Loyalists
17398,115,3,653.38,0,Potential Loyalists
17400,126,8,4677.05,0,Potential Loyalists
17401,541,1,114.85,1,At Risk
17402,5,23,5096.18,3,Loyal Customers
17403,36,2,400.57,0,Potential Loyalists
17404,4,23,29730.420199999626,2,Champions
17405,1,3,1031.41,0,Potential Loyalists
17406,333,13,4905.05,3,Loyal Customers
17407,412,1,552.9,1,At Risk
17408,163,3,316.09000000000003,0,Potential Loyalists
17409,185,10,7793.51,3,Loyal Customers
17410,16,5,1214.72,0,Potential Loyalists
17411,12,5,1425.38,0,Potential Loyalists
17412,3,16,4417.52,3,Loyal Customers
17413,405,2,560.14,1,At Risk
17414,44,6,2249.52,0,Potential Loyalists
17415,80,1,507.84,0,Potential Loyalists
17416,30,22,17298.45,2,Champions
17417,549,1,164.18,1,At Risk
17418,42,3,670.0600000000001,0,Potential Loyalists
17419,11,18,6500.52,3,Loyal Customers
17420,50,6,1084.43,0,Potential Loyalists
17421,386,3,1059.41,1,At Risk
17422,16,11,3594.76,3,Loyal Customers
17423,46,3,1118.95,0,Potential Loyalists
17425,19,2,759.17,0,Potential Loyalists
17426,8,13,8077.77,3,Loyal Customers
17427,72,1,100.8,0,Potential Loyalists
17428,1,45,29730.420199999626,2,Champions
17429,128,5,1357.46,0,Potential Loyalists
17430,33,4,735.17,0,Potential Loyalists
17431,313,1,403.3,1,At Risk
17432,18,9,1751.39,0,Potential Loyalists
17433,88,2,569.96,0,Potential Loyalists
17434,2,7,2373.82,0,Potential Loyalists
17435,411,1,331.35,1,At Risk
17436,2,5,534.06,0,Potential Loyalists
17437,530,1,373.17,1,At Risk
17438,254,5,1422.77,0,Potential Loyalists
17439,656,1,325.74,1,At Risk
17440,157,4,323.58,0,Potential Loyalists
17441,732,1,293.35,1,At Risk
17442,37,15,4620.3,3,Loyal Customers
17443,220,1,534.24,0,Potential Loyalists
17444,148,3,2940.04,0,Potential Loyalists
17446,177,2,120.9,0,Potential Loyalists
17447,40,2,541.53,0,Potential Loyalists
17448,497,46,14556.97,2,Champions
17449,2,13,4951.15,3,Loyal Customers
17450,8,46,29730.420199999626,2,Champions
17451,1,7,1721.4,0,Potential Loyalists
17453,18,2,486.71999999999997,0,Potential Loyalists
17454,192,10,1547.94,0,Potential Loyalists
17455,204,1,131.7,0,Potential Loyalists
17456,365,2,1225.42,1,At Risk
17457,127,14,5984.8099999999995,3,Loyal Customers
17458,15,2,529.58,0,Potential Loyalists
17459,43,2,657.3,0,Potential Loyalists
17460,94,16,2228.27,3,Loyal Customers
17461,23,3,757.46,0,Potential Loyalists
17462,60,2,675.69,0,Potential Loyalists
17463,16,7,2557.91,0,Potential Loyalists
17464,158,3,1000.94,0,Potential Loyalists
17465,426,7,2542.79,1,At Risk
17466,10,2,763.28,0,Potential Loyalists
17467,395,1,102.6,1,At Risk
17468,10,3,194.8,0,Potential Loyalists
17469,16,17,5051.25,3,Loyal Customers
17470,45,11,2804.87,3,Loyal Customers
17471,475,1,321.65000000000003,1,At Risk
17472,191,4,935.1,0,Potential Loyalists
17473,409,2,607.0,1,At Risk
17474,600,1,1047.0,1,At Risk
17475,79,1,194.37,0,Potential Loyalists
17476,396,2,489.86,1,At Risk
17477,613,2,1144.3,1,At Risk
17478,408,2,1272.8,1,At Risk
17479,633,1,389.26000000000005,1,At Risk
17480,78,2,902.03,0,Potential Loyalists
17481,4,4,1255.59,0,Potential Loyalists
17482,487,2,778.19,1,At Risk
17483,65,4,591.73,0,Potential Loyalists
17484,576,2,209.57,1,At Risk
17486,261,1,396.87,0,Potential Loyalists
17487,728,1,160.55,1,At Risk
17488,641,1,336.5,1,At Risk
17489,59,2,376.64,0,Potential Loyalists
17490,1,9,2750.5,0,Potential Loyalists
17491,1,17,5981.07,3,Loyal Customers
17492,248,3,1122.42,0,Potential Loyalists
17493,385,1,100.91000000000001,1,At Risk
17494,502,1,54.699999999999996,1,At Risk
17495,8,3,806.72,0,Potential Loyalists
17496,359,4,1412.89,1,At Risk
17497,390,2,287.25,1,At Risk
17498,76,1,272.22,0,Potential Loyalists
17499,290,2,1341.39,1,At Risk
17500,17,3,1138.0,0,Potential Loyalists
17501,221,2,288.6,0,Potential Loyalists
17502,9,4,689.1,0,Potential Loyalists
17503,3,2,558.96,0,Potential Loyalists
17504,206,18,9565.12,3,Loyal Customers
17505,162,5,2435.48,0,Potential Loyalists
17506,76,1,302.2,0,Potential Loyalists
17507,262,2,605.58,0,Potential Loyalists
17508,281,8,4579.23,0,Potential Loyalists
17509,58,8,6115.14,3,Loyal Customers
17510,25,2,514.56,0,Potential Loyalists
17511,3,46,29730.420199999626,2,Champions
17512,29,18,5467.820000000001,3,Loyal Customers
17513,72,3,1158.8,0,Potential Loyalists
17514,128,2,542.83,0,Potential Loyalists
17515,31,9,1617.46,0,Potential Loyalists
17516,15,6,957.55,0,Potential Loyalists
17517,309,1,153.94,1,At Risk
17518,426,2,329.42,1,At Risk
17519,17,15,5109.47,3,Loyal Customers
17520,54,1,546.81,0,Potential Loyalists
17521,30,5,1278.06,0,Potential Loyalists
17522,2,5,1070.71,0,Potential Loyalists
17523,11,4,652.74,0,Potential Loyalists
17524,361,3,539.14,1,At Risk
17525,360,3,1161.9,1,At Risk
17526,5,12,4166.04,3,Loyal Customers
17527,54,4,939.37,0,Potential Loyalists
17528,1,8,3628.5,0,Potential Loyalists
17529,610,2,1240.25,1,At Risk
17530,1,12,3141.51,3,Loyal Customers
17531,190,3,1266.82,0,Potential Loyalists
17532,386,1,65.34,1,At Risk
17533,435,1,34.8,1,At Risk
17534,54,5,1668.83,0,Potential Loyalists
17535,280,1,164.4,1,At Risk
17536,177,3,364.83,0,Potential Loyalists
17537,30,2,897.62,0,Potential Loyalists
17538,26,1,98.42,0,Potential Loyalists
17539,618,4,1226.57,1,At Risk
17540,25,6,1590.6000000000001,0,Potential Loyalists
17541,510,1,124.46,1,At Risk
17542,270,3,341.7,0,Potential Loyalists
17543,550,1,120.05,1,At Risk
17544,390,3,960.69,1,At Risk
17545,43,6,1448.54,0,Potential Loyalists
17547,376,2,727.85,1,At Risk
17548,234,4,731.26,0,Potential Loyalists
17549,24,2,148.86,0,Potential Loyalists
17550,197,9,2547.64,0,Potential Loyalists
17551,359,1,306.84,1,At Risk
17552,60,12,3085.29,3,Loyal Customers
17553,130,4,3757.6,0,Potential Loyalists
17554,1,5,1952.45,0,Potential Loyalists
17555,20,5,1057.74,0,Potential Loyalists
17556,206,2,300.67,0,Potential Loyalists
17557,14,4,575.46,0,Potential Loyalists
17558,393,1,259.17,1,At Risk
17559,513,1,167.62,1,At Risk
17560,95,8,1895.8,0,Potential Loyalists
17561,19,4,722.34,0,Potential Loyalists
17562,14,7,1122.38,0,Potential Loyalists
17563,578,2,392.38,1,At Risk
17564,24,3,454.01,0,Potential Loyalists
17565,587,1,131.83,1,At Risk
17566,8,2,901.21,0,Potential Loyalists
17567,7,9,5356.03,3,Loyal Customers
17568,633,1,382.79,1,At Risk
17569,332,1,344.14,1,At Risk
17570,382,1,100.0,1,At Risk
17571,50,5,1703.75,0,Potential Loyalists
17572,71,10,723.01,0,Potential Loyalists
17573,29,3,380.6,0,Potential Loyalists
17574,243,1,185.65,0,Potential Loyalists
17575,667,1,171.7,1,At Risk
17576,8,41,9056.81,2,Champions
17577,645,2,348.75,1,At Risk
17578,218,7,1047.33,0,Potential Loyalists
17579,5,4,753.28,0,Potential Loyalists
17580,253,5,545.27,0,Potential Loyalists
17581,1,43,18757.75,2,Champions
17582,236,5,1450.7,0,Potential Loyalists
17583,560,1,135.95,1,At Risk
17584,7,6,5309.42,0,Potential Loyalists
17585,109,7,2093.3,0,Potential Loyalists
17586,619,1,167.4,1,At Risk
17587,628,1,181.66,1,At Risk
17588,100,7,2939.55,0,Potential Loyalists
17589,60,18,14049.87,3,Loyal Customers
17590,2,3,1479.22,0,Potential Loyalists
17591,73,8,2776.67,0,Potential Loyalists
17592,739,1,148.3,1,At Risk
17593,4,11,8095.8,3,Loyal Customers
17594,85,4,2497.88,0,Potential Loyalists
17595,12,2,388.79,0,Potential Loyalists
17596,23,13,4920.67,3,Loyal Customers
17597,214,5,3484.09,0,Potential Loyalists
17598,381,1,409.98,1,At Risk
17599,478,1,52.05,1,At Risk
17600,18,1,161.67000000000002,0,Potential Loyalists
17601,239,2,421.48,0,Potential Loyalists
17602,2,14,7451.13,3,Loyal Customers
17603,78,4,1793.48,0,Potential Loyalists
17604,217,6,945.9300000000001,0,Potential Loyalists
17605,590,1,160.75,1,At Risk
17606,737,1,87.30000000000001,1,At Risk
17607,376,1,333.81,1,At Risk
17608,33,4,498.53,0,Potential Loyalists
17609,41,11,1894.34,0,Potential Loyalists
17610,540,5,1529.49,1,At Risk
17611,7,28,8371.98,3,Loyal Customers
17612,53,18,5394.86,3,Loyal Customers
17613,23,14,4559.150000000001,3,Loyal Customers
17614,57,1,390.07,0,Potential Loyalists
17615,130,6,733.2,0,Potential Loyalists
17616,174,4,1060.8,0,Potential Loyalists
17617,559,1,395.33,1,At Risk
17618,6,11,4073.2400000000002,3,Loyal Customers
17619,312,1,218.52,1,At Risk
17620,60,1,81.44,0,Potential Loyalists
17621,21,6,3175.12,0,Potential Loyalists
17622,598,2,1130.21,1,At Risk
17623,33,7,2383.67,0,Potential Loyalists
17624,15,4,1568.63,0,Potential Loyalists
17625,18,8,6067.8,3,Loyal Customers
17626,603,1,254.0,1,At Risk
17627,479,1,296.36,1,At Risk
17628,81,1,75.75,0,Potential Loyalists
17629,6,10,2455.52,0,Potential Loyalists
17630,170,2,503.59999999999997,0,Potential Loyalists
17631,2,7,998.49,0,Potential Loyalists
17633,31,7,2057.39,0,Potential Loyalists
17634,36,9,2361.9700000000003,0,Potential Loyalists
17635,424,3,1265.58,1,At Risk
17636,19,1,285.56,0,Potential Loyalists
17637,31,2,547.0600000000001,0,Potential Loyalists
17638,647,2,842.4,1,At Risk
17639,276,6,615.17,0,Potential Loyalists
17640,87,6,3168.94,0,Potential Loyalists
17642,120,5,1824.49,0,Potential Loyalists
17643,373,2,541.25,1,At Risk
17644,1,20,6028.6,3,Loyal Customers
17646,219,12,4149.79,3,Loyal Customers
17647,65,3,331.65999999999997,0,Potential Loyalists
17648,61,5,2216.37,0,Potential Loyalists
17649,138,3,1578.89,0,Potential Loyalists
17650,21,1,166.08,0,Potential Loyalists
17651,12,16,5703.52,3,Loyal Customers
17652,25,12,4867.72,3,Loyal Customers
17653,37,4,1207.56,0,Potential Loyalists
17654,277,1,117.55,1,At Risk
17655,11,9,3652.48,3,Loyal Customers
17656,73,5,1674.69,0,Potential Loyalists
17657,430,1,126.0,1,At Risk
17658,26,2,595.42,0,Potential Loyalists
17659,17,14,3834.79,3,Loyal Customers
17660,141,2,359.47,0,Potential Loyalists
17662,662,2,412.92,1,At Risk
17663,26,17,5175.83,3,Loyal Customers
17664,19,4,1166.23,0,Potential Loyalists
17665,493,1,563.1,1,At Risk
17666,4,5,2047.8,0,Potential Loyalists
17667,66,9,3950.7,3,Loyal Customers
17668,1,2,347.75,0,Potential Loyalists
17669,43,10,6142.35,3,Loyal Customers
17670,228,1,205.7,0,Potential Loyalists
17671,16,5,2403.34,0,Potential Loyalists
17672,50,7,5778.63,3,Loyal Customers
17673,2,13,4233.58,3,Loyal Customers
17674,74,2,851.7,0,Potential Loyalists
17675,1,46,29730.420199999626,2,Champions
17676,4,10,2765.84,0,Potential Loyalists
17677,2,46,29730.420199999626,2,Champions
17678,264,2,599.76,0,Potential Loyalists
17679,53,7,3577.61,0,Potential Loyalists
17680,24,3,497.45,0,Potential Loyalists
17681,597,5,731.2,1,At Risk
17682,10,11,4456.78,3,Loyal Customers
17683,386,3,819.01,1,At Risk
17684,44,1,239.41,0,Potential Loyalists
17685,17,12,5943.17,3,Loyal Customers
17686,7,9,8296.81,3,Loyal Customers
17687,421,1,432.68,1,At Risk
17688,394,1,304.2,1,At Risk
17689,388,2,317.08,1,At Risk
17690,30,20,7448.1,3,Loyal Customers
17691,358,4,780.0500000000001,1,At Risk
17692,127,12,2975.8,3,Loyal Customers
17693,137,1,200.47,0,Potential Loyalists
17694,142,3,1695.97,0,Potential Loyalists
17695,132,5,1746.04,0,Potential Loyalists
17696,38,27,7679.59,3,Loyal Customers
17697,236,1,338.95,0,Potential Loyalists
17698,261,1,154.95,0,Potential Loyalists
17699,477,2,442.0,1,At Risk
17700,17,14,6679.97,3,Loyal Customers
17701,253,1,417.95,0,Potential Loyalists
17702,30,6,3144.04,0,Potential Loyalists
17703,35,4,1094.84,0,Potential Loyalists
17704,169,2,885.19,0,Potential Loyalists
17705,3,11,2083.9,3,Loyal Customers
17706,4,31,20749.98,2,Champions
17707,185,8,609.3000000000001,0,Potential Loyalists
17708,188,4,887.9300000000001,0,Potential Loyalists
17709,170,5,671.01,0,Potential Loyalists
17710,424,1,293.5,1,At Risk
17711,11,2,385.1,0,Potential Loyalists
17712,45,1,522.91,0,Potential Loyalists
17713,382,4,1198.09,1,At Risk
17714,321,5,1410.18,1,At Risk
17715,201,2,489.59999999999997,0,Potential Loyalists
17716,23,24,15956.97,2,Champions
17717,421,1,376.92,1,At Risk
17718,232,2,439.18,0,Potential Loyalists
17719,38,15,5396.04,3,Loyal Customers
17720,26,10,2768.91,0,Potential Loyalists
17721,659,1,307.21000000000004,1,At Risk
17722,96,5,4430.36,0,Potential Loyalists
17723,127,7,3378.4000000000005,0,Potential Loyalists
17724,71,3,1033.0,0,Potential Loyalists
17725,16,11,3439.08,3,Loyal Customers
17726,395,7,1092.06,1,At Risk
17727,15,1,1060.25,0,Potential Loyalists
17728,4,5,4238.76,0,Potential Loyalists
17729,596,1,438.65000000000003,1,At Risk
17730,3,20,7773.8,3,Loyal Customers
17731,79,6,1708.99,0,Potential Loyalists
17732,373,8,2470.39,1,At Risk
17733,39,2,692.19,0,Potential Loyalists
17734,54,6,1442.32,0,Potential Loyalists
17735,2,26,17244.93,2,Champions
17736,9,3,377.44,0,Potential Loyalists
17737,9,2,168.24,0,Potential Loyalists
17738,19,13,4183.56,3,Loyal Customers
17739,12,18,7730.59,3,Loyal Customers
17740,389,6,426.9,1,At Risk
17741,407,2,101.1,1,At Risk
17742,113,11,2098.48,0,Potential Loyalists
17743,448,1,229.2,1,At Risk
17744,4,7,2649.14,0,Potential Loyalists
17745,478,2,600.34,1,At Risk
17746,240,4,904.1800000000001,0,Potential Loyalists
17747,113,1,71.4,0,Potential Loyalists
17748,527,1,358.15,1,At Risk
17749,178,3,1026.18,0,Potential Loyalists
17750,5,9,1797.57,0,Potential Loyalists
17751,421,1,157.85999999999999,1,At Risk
17752,359,1,80.64,1,At Risk
17753,464,4,390.56,1,At Risk
17754,1,13,4577.53,3,Loyal Customers
17756,376,3,733.7,1,At Risk
17757,1,46,9422.45,2,Champions
17758,19,12,5012.53,3,Loyal Customers
17759,17,5,1276.91,0,Potential Loyalists
17760,22,6,918.93,0,Potential Loyalists
17761,33,1,712.78,0,Potential Loyalists
17762,456,1,129.75,1,At Risk
17763,263,4,86.15,0,Potential Loyalists
17764,51,5,1623.64,0,Potential Loyalists
17765,159,4,530.8,0,Potential Loyalists
17766,381,2,299.61,1,At Risk
17767,15,2,413.05,0,Potential Loyalists
17768,8,7,3509.51,0,Potential Loyalists
17769,13,17,7103.08,3,Loyal Customers
17770,199,5,1143.27,0,Potential Loyalists
17771,57,4,387.41,0,Potential Loyalists
17772,11,3,384.77,0,Potential Loyalists
17773,514,2,585.27,1,At Risk
17774,97,9,3328.05,0,Potential Loyalists
17775,255,1,56.4,0,Potential Loyalists
17776,387,2,338.56,1,At Risk
17777,25,3,665.86,0,Potential Loyalists
17778,662,1,197.70000000000002,1,At Risk
17779,21,3,658.57,0,Potential Loyalists
17780,667,3,352.91,1,At Risk
17781,159,2,188.02,0,Potential Loyalists
17782,383,2,679.02,1,At Risk
17783,72,3,379.91,0,Potential Loyalists
17784,550,1,112.86,1,At Risk
17785,53,3,403.38,0,Potential Loyalists
17786,85,2,278.74,0,Potential Loyalists
17787,153,4,2601.4700000000003,0,Potential Loyalists
17788,74,2,1117.9,0,Potential Loyalists
17789,281,2,397.15,1,At Risk
17790,27,20,2783.61,3,Loyal Customers
17791,30,1,106.1,0,Potential Loyalists
17792,467,2,370.05,1,At Risk
17793,25,1,323.04,0,Potential Loyalists
17794,687,2,147.3,1,At Risk
17795,180,2,350.39,0,Potential Loyalists
17796,40,7,1361.99,0,Potential Loyalists
17797,22,8,1985.87,0,Potential Loyalists
17798,582,1,183.09,1,At Risk
17799,22,20,6341.89,3,Loyal Customers
17800,37,9,1199.01,0,Potential Loyalists
17801,451,3,798.3299999999999,1,At Risk
17802,82,10,5053.12,3,Loyal Customers
17803,392,1,184.66,1,At Risk
17804,376,3,385.23,1,At Risk
17805,74,2,927.03,0,Potential Loyalists
17806,11,1,546.04,0,Potential Loyalists
17807,395,3,437.87,1,At Risk
17808,549,4,262.64,1,At Risk
17809,16,20,11337.39,3,Loyal Customers
17810,669,2,374.81,1,At Risk
17811,4,46,9609.8,2,Champions
17812,13,7,1165.8899999999999,0,Potential Loyalists
17813,14,5,1770.8799999999999,0,Potential Loyalists
17814,375,2,1617.32,1,At Risk
17815,393,1,591.96,1,At Risk
17816,37,6,112.32,0,Potential Loyalists
17817,4,6,807.85,0,Potential Loyalists
17818,738,1,130.18,1,At Risk
17819,72,12,6612.5199999999995,3,Loyal Customers
17820,374,1,183.56,1,At Risk
17821,406,1,334.62,1,At Risk
17822,420,5,2188.5,1,At Risk
17823,421,2,494.25,1,At Risk
17824,51,1,298.4,0,Potential Loyalists
17825,599,4,731.96,1,At Risk
17826,374,1,134.59,1,At Risk
17827,5,6,2388.05,0,Potential Loyalists
17828,23,4,1820.09,0,Potential Loyalists
17829,299,5,4756.74,1,At Risk
17830,2,3,398.7,0,Potential Loyalists
17831,33,1,35.400000000000006,0,Potential Loyalists
17832,50,1,155.37,0,Potential Loyalists
17833,723,1,342.36,1,At Risk
17834,415,2,730.47,1,At Risk
17835,3,3,350.64,0,Potential Loyalists
17836,47,1,110.21000000000001,0,Potential Loyalists
17837,42,8,1593.38,0,Potential Loyalists
17838,27,13,6722.900000000001,3,Loyal Customers
17839,42,1,338.8,0,Potential Loyalists
17840,444,1,185.72,1,At Risk
17841,2,46,29730.420199999626,2,Champions
17842,602,1,430.69,1,At Risk
17843,303,2,326.23,1,At Risk
17844,107,1,51.559999999999995,0,Potential Loyalists
17845,555,4,598.19,1,At Risk
17846,85,1,2033.1,0,Potential Loyalists
17847,516,2,129.69,1,At Risk
17848,81,30,3650.9,3,Loyal Customers
17849,218,8,1063.76,0,Potential Loyalists
17850,372,46,29730.420199999626,2,Champions
17851,422,6,1563.34,1,At Risk
17852,12,5,663.21,0,Potential Loyalists
17853,407,3,1608.19,1,At Risk
17854,185,6,1071.45,0,Potential Loyalists
17855,373,1,417.94,1,At Risk
17856,2,4,1418.03,0,Potential Loyalists
17857,4,24,28682.24,2,Champions
17858,6,30,12797.65,2,Champions
17859,305,1,148.21,1,At Risk
17860,369,4,1015.54,1,At Risk
17861,3,18,5127.69,3,Loyal Customers
17862,324,4,1279.09,1,At Risk
17863,59,12,5745.2,3,Loyal Customers
17864,13,5,924.32,0,Potential Loyalists
17865,31,46,26374.39,2,Champions
17866,143,3,1134.95,0,Potential Loyalists
17867,30,15,1621.2800000000002,3,Loyal Customers
17868,386,1,234.65,1,At Risk
17869,107,7,1036.16,0,Potential Loyalists
17870,2,13,3108.15,3,Loyal Customers
17871,205,5,1118.99,0,Potential Loyalists
17872,382,1,235.87,1,At Risk
17873,80,18,6515.88,3,Loyal Customers
17874,185,6,683.46,0,Potential Loyalists
17875,688,1,167.1,1,At Risk
17876,400,3,3424.02,1,At Risk
17877,170,1,237.61,0,Potential Loyalists
17878,44,3,1412.33,0,Potential Loyalists
17879,174,1,178.51999999999998,0,Potential Loyalists
17880,365,3,824.9200000000001,1,At Risk
17881,304,1,133.35000000000002,1,At Risk
17882,379,2,313.46,1,At Risk
17883,3,7,995.85,0,Potential Loyalists
17884,4,20,3072.89,3,Loyal Customers
17885,12,1,190.19,0,Potential Loyalists
17886,32,6,1608.38,0,Potential Loyalists
17887,129,1,111.35,0,Potential Loyalists
17888,21,25,1820.44,3,Loyal Customers
17889,212,7,774.87,0,Potential Loyalists
17890,323,2,602.09,1,At Risk
17891,162,1,203.85999999999999,0,Potential Loyalists
17892,56,3,244.1,0,Potential Loyalists
17893,225,1,112.25,0,Potential Loyalists
17894,72,18,2453.38,3,Loyal Customers
17895,44,1,98.0,0,Potential Loyalists
17896,23,1,256.32,0,Potential Loyalists
17897,173,9,2585.0,0,Potential Loyalists
17898,85,4,299.18,0,Potential Loyalists
17899,159,1,155.8,0,Potential Loyalists
17900,190,2,112.19999999999999,0,Potential Loyalists
17901,29,3,260.08,0,Potential Loyalists
17902,547,1,216.39999999999998,1,At Risk
17903,394,1,381.09000000000003,1,At Risk
17904,21,1,191.67,0,Potential Loyalists
17905,71,13,2383.52,3,Loyal Customers
17906,247,1,72.9,0,Potential Loyalists
17907,641,1,291.76,1,At Risk
17908,374,5,1411.54,1,At Risk
17909,737,1,132.55,1,At Risk
17910,726,1,261.7,1,At Risk
17911,9,1,366.23,0,Potential Loyalists
17912,310,6,375.5,1,At Risk
17913,59,14,3479.64,3,Loyal Customers
17914,4,1,336.43,0,Potential Loyalists
17915,551,1,242.13,1,At Risk
17916,629,2,43.87,1,At Risk
17917,45,3,341.28,0,Potential Loyalists
17918,501,3,396.39,1,At Risk
17919,88,2,1840.32,0,Potential Loyalists
17920,4,46,24516.46,2,Champions
17921,64,10,2423.5,0,Potential Loyalists
17922,543,1,170.4,1,At Risk
17923,282,3,497.0,1,At Risk
17924,12,8,3536.7000000000003,0,Potential Loyalists
17925,373,1,488.16,1,At Risk
17926,133,5,1035.49,0,Potential Loyalists
17927,722,1,294.0,1,At Risk
17928,45,3,341.24,0,Potential Loyalists
17929,11,12,3082.1,3,Loyal Customers
17930,36,13,4275.22,3,Loyal Customers
17931,134,14,3437.29,3,Loyal Customers
17932,29,3,1331.57,0,Potential Loyalists
17933,632,1,114.69,1,At Risk
17934,52,3,1049.15,0,Potential Loyalists
17935,138,7,686.14,0,Potential Loyalists
17936,5,1,389.84,0,Potential Loyalists
17937,9,7,4301.22,0,Potential Loyalists
17938,420,1,144.29,1,At Risk
17939,160,1,99.14,0,Potential Loyalists
17940,49,16,29730.420199999626,2,Champions
17941,131,4,1433.28,0,Potential Loyalists
17942,8,1,77.50000000000001,0,Potential Loyalists
17944,423,1,75.41,1,At Risk
17945,697,3,360.35,1,At Risk
17946,233,2,149.57999999999998,0,Potential Loyalists
17947,37,1,176.68,0,Potential Loyalists
17948,147,1,358.56000000000006,0,Potential Loyalists
17949,1,46,29730.420199999626,2,Champions
17950,72,7,1432.81,0,Potential Loyalists
17951,40,4,1636.0800000000002,0,Potential Loyalists
17952,378,4,819.61,1,At Risk
17953,540,1,160.82,1,At Risk
17954,5,19,3966.05,3,Loyal Customers
17955,199,6,949.9,0,Potential Loyalists
17956,249,1,12.75,0,Potential Loyalists
17957,66,1,111.68,0,Potential Loyalists
17958,117,2,973.88,0,Potential Loyalists
17959,592,1,140.75,1,At Risk
17960,171,3,135.08,0,Potential Loyalists
17961,21,46,2995.54,3,Loyal Customers
17962,142,4,687.42,0,Potential Loyalists
17963,471,4,651.51,1,At Risk
17964,32,2,733.46,0,Potential Loyalists
17965,38,29,7240.9800000000005,3,Loyal Customers
17966,38,10,1974.42,0,Potential Loyalists
17967,372,2,357.28999999999996,1,At Risk
17968,374,4,888.04,1,At Risk
17969,166,20,2369.94,3,Loyal Customers
17970,211,1,582.59,0,Potential Loyalists
17971,548,1,161.94,1,At Risk
17972,242,1,136.04,0,Potential Loyalists
17973,52,1,337.04,0,Potential Loyalists
17974,25,6,1858.06,0,Potential Loyalists
17975,15,24,7028.83,3,Loyal Customers
17976,372,1,706.38,1,At Risk
17977,29,2,1565.6299999999999,0,Potential Loyalists
17978,365,4,1461.76,1,At Risk
17979,36,4,757.71,0,Potential Loyalists
17980,166,4,1033.42,0,Potential Loyalists
17981,411,1,239.12,1,At Risk
17982,681,1,138.18,1,At Risk
17983,395,1,171.71,1,At Risk
17984,145,5,1191.27,0,Potential Loyalists
17985,22,1,634.95,0,Potential Loyalists
17986,56,1,20.8,0,Potential Loyalists
17987,185,5,1003.64,0,Potential Loyalists
17988,12,14,489.54,3,Loyal Customers
17989,379,1,228.82999999999998,1,At Risk
17990,237,6,1527.6100000000001,0,Potential Loyalists
17991,225,3,320.55,0,Potential Loyalists
17992,389,1,254.13,1,At Risk
17993,617,1,235.19,1,At Risk
17994,122,11,2313.32,0,Potential Loyalists
17995,282,3,495.48,1,At Risk
17996,380,3,482.33,1,At Risk
17997,74,8,1970.6699999999998,0,Potential Loyalists
17998,380,3,639.24,1,At Risk
17999,37,3,730.9,0,Potential Loyalists
18000,564,1,124.25,1,At Risk
18001,12,6,953.84,0,Potential Loyalists
18002,376,4,249.92,1,At Risk
18003,376,1,358.61,1,At Risk
18004,362,1,169.47,1,At Risk
18005,4,2,249.72,0,Potential Loyalists
18006,23,4,997.86,0,Potential Loyalists
18007,393,1,220.32,1,At Risk
18008,70,23,19787.13,2,Champions
18009,235,8,2155.83,0,Potential Loyalists
18010,257,1,174.8,0,Potential Loyalists
18011,373,2,527.03,1,At Risk
18012,723,1,115.3,1,At Risk
18013,155,2,187.29,0,Potential Loyalists
18014,28,1,166.42,0,Potential Loyalists
18015,4,1,120.03,0,Potential Loyalists
18016,32,7,1960.46,0,Potential Loyalists
18017,81,4,688.0,0,Potential Loyalists
18018,108,4,297.99,0,Potential Loyalists
18019,52,1,38.45,0,Potential Loyalists
18020,544,1,190.48000000000002,1,At Risk
18021,510,2,227.06,1,At Risk
18022,36,5,1651.79,0,Potential Loyalists
18024,153,2,389.78,0,Potential Loyalists
18025,380,6,1177.72,1,At Risk
18026,501,2,2074.07,1,At Risk
18027,99,1,115.31,0,Potential Loyalists
18028,583,1,192.05,1,At Risk
18029,642,1,433.77,1,At Risk
18030,4,2,230.64999999999998,0,Potential Loyalists
18031,379,1,462.09999999999997,1,At Risk
18032,334,1,73.5,1,At Risk
18033,65,1,97.97,0,Potential Loyalists
18034,22,3,793.7,0,Potential Loyalists
18035,36,5,1276.74,0,Potential Loyalists
18036,32,11,1563.6399999999999,0,Potential Loyalists
18037,154,15,167.42,3,Loyal Customers
18038,556,1,149.41,1,At Risk
18039,374,4,579.17,1,At Risk
18040,19,2,357.20000000000005,0,Potential Loyalists
18041,12,38,8752.38,2,Champions
18042,54,2,281.15,0,Potential Loyalists
18043,25,3,875.97,0,Potential Loyalists
18044,4,18,3505.61,3,Loyal Customers
18045,45,1,189.4,0,Potential Loyalists
18046,650,1,189.63,1,At Risk
18047,381,2,342.69,1,At Risk
18048,203,3,401.73,0,Potential Loyalists
18049,437,2,556.52,1,At Risk
18050,359,2,412.06,1,At Risk
18051,634,7,2282.28,1,At Risk
18052,565,1,10877.18,1,At Risk
18053,71,3,571.07,0,Potential Loyalists
18054,393,1,176.5,1,At Risk
18055,7,14,11195.57,3,Loyal Customers
18056,288,2,554.6,1,At Risk
18057,393,3,1203.56,1,At Risk
18058,10,3,774.06,0,Potential Loyalists
18059,23,3,306.46,0,Potential Loyalists
18060,408,2,1185.46,1,At Risk
18061,22,28,6488.97,3,Loyal Customers
18062,173,6,1632.67,0,Potential Loyalists
18063,391,2,186.60000000000002,1,At Risk
18064,133,11,4495.03,3,Loyal Customers
18065,6,29,5866.63,3,Loyal Customers
18066,75,3,1440.4,0,Potential Loyalists
18067,40,1,396.33,0,Potential Loyalists
18068,289,1,101.69999999999999,1,At Risk
18069,26,11,4540.56,3,Loyal Customers
18070,669,1,314.1,1,At Risk
18071,258,6,1428.63,0,Potential Loyalists
18072,186,1,247.44,0,Potential Loyalists
18073,114,12,3877.5200000000004,3,Loyal Customers
18074,374,2,1509.04,1,At Risk
18075,23,20,5783.29,3,Loyal Customers
18076,380,1,151.49,1,At Risk
18077,8,18,4338.56,3,Loyal Customers
18078,217,4,844.6,0,Potential Loyalists
18079,45,5,4242.75,0,Potential Loyalists
18080,19,2,1231.5,0,Potential Loyalists
18081,36,3,343.45,0,Potential Loyalists
18082,26,1,703.37,0,Potential Loyalists
18083,398,1,470.72999999999996,1,At Risk
18084,16,3,812.93,0,Potential Loyalists
18085,330,4,1645.75,1,At Risk
18086,274,1,101.34,1,At Risk
18087,98,17,14761.519999999999,3,Loyal Customers
18088,61,1,167.67000000000002,0,Potential Loyalists
18089,447,1,428.45,1,At Risk
18090,422,1,349.4,1,At Risk
18091,593,1,360.85,1,At Risk
18092,2,18,16179.44,2,Champions
18093,93,8,4452.71,0,Potential Loyalists
18094,82,13,6391.52,3,Loyal Customers
18095,313,5,2303.09,1,At Risk
18096,12,6,1805.28,0,Potential Loyalists
18097,8,11,4663.32,3,Loyal Customers
18098,396,1,550.84,1,At Risk
18099,127,1,168.31,0,Potential Loyalists
18100,550,1,451.56,1,At Risk
18101,11,5,629.16,0,Potential Loyalists
18102,1,46,29730.420199999626,2,Champions
18103,549,1,105.8,1,At Risk
18104,37,1,754.64,0,Potential Loyalists
18105,38,1,113.48000000000002,0,Potential Loyalists
18106,330,6,1461.46,1,At Risk
18107,442,1,167.13,1,At Risk
18108,254,3,848.8100000000001,0,Potential Loyalists
18109,2,38,9893.96,2,Champions
18110,20,2,435.43,0,Potential Loyalists
18111,589,1,405.85,1,At Risk
18112,12,4,775.96,0,Potential Loyalists
18113,369,1,152.64000000000001,1,At Risk
18114,290,1,220.1,1,At Risk
18115,698,1,9.700000000000001,1,At Risk
18116,68,13,2154.3,3,Loyal Customers
18117,26,1,320.72,0,Potential Loyalists
18118,11,29,6733.22,3,Loyal Customers
18119,368,1,362.24,1,At Risk
18120,214,1,111.15,0,Potential Loyalists
18121,149,2,673.1,0,Potential Loyalists
18122,8,6,1826.21,0,Potential Loyalists
18123,24,3,684.59,0,Potential Loyalists
18124,472,1,111.53,1,At Risk
18125,30,4,1142.99,0,Potential Loyalists
18126,61,1,206.82999999999998,0,Potential Loyalists
18127,19,4,561.53,0,Potential Loyalists
18128,537,1,420.04,1,At Risk
18129,243,1,112.55000000000001,0,Potential Loyalists
18130,15,3,1059.39,0,Potential Loyalists
18131,632,1,222.95999999999998,1,At Risk
18132,504,1,226.9,1,At Risk
18133,212,1,931.4999999999999,0,Potential Loyalists
18134,598,2,445.0,1,At Risk
18135,29,10,1249.6200000000001,0,Potential Loyalists
18136,63,5,1631.3600000000001,0,Potential Loyalists
18137,551,2,145.99,1,At Risk
18138,295,1,152.65,1,At Risk
18139,18,6,8438.34,3,Loyal Customers
18140,474,1,536.41,1,At Risk
18141,402,2,882.47,1,At Risk
18142,157,2,1019.52,0,Potential Loyalists
18143,117,2,1000.16,0,Potential Loyalists
18144,8,19,5058.0,3,Loyal Customers
18145,13,11,5617.79,3,Loyal Customers
18146,141,2,160.35000000000002,0,Potential Loyalists
18147,46,2,179.33999999999997,0,Potential Loyalists
18148,647,1,114.10000000000001,1,At Risk
18149,51,7,1624.71,0,Potential Loyalists
18150,32,3,566.58,0,Potential Loyalists
18151,135,6,1879.44,0,Potential Loyalists
18152,646,1,426.69,1,At Risk
18153,659,1,246.22,1,At Risk
18154,3,5,932.6,0,Potential Loyalists
18155,75,3,371.62,0,Potential Loyalists
18156,13,2,941.1700000000001,0,Potential Loyalists
18157,571,1,215.35,1,At Risk
18158,9,2,453.4,0,Potential Loyalists
18159,301,1,530.15,1,At Risk
18160,57,3,1003.88,0,Potential Loyalists
18161,15,6,1803.1000000000001,0,Potential Loyalists
18162,732,1,379.16,1,At Risk
18163,584,1,728.84,1,At Risk
18164,37,1,399.65000000000003,0,Potential Loyalists
18165,177,1,302.46000000000004,0,Potential Loyalists
18166,624,1,175.5,1,At Risk
18167,23,3,1384.8600000000001,0,Potential Loyalists
18168,176,16,3770.27,3,Loyal Customers
18169,61,1,202.65,0,Potential Loyalists
18170,33,9,2878.0,0,Potential Loyalists
18171,59,9,2437.31,0,Potential Loyalists
18172,15,46,17479.84,2,Champions
18173,87,5,2696.36,0,Potential Loyalists
18174,7,2,162.5,0,Potential Loyalists
18175,676,1,176.1,1,At Risk
18176,358,1,476.35,1,At Risk
18177,31,9,2216.87,0,Potential Loyalists
18178,129,11,6103.74,3,Loyal Customers
18179,9,8,2547.55,0,Potential Loyalists
18180,5,6,1843.75,0,Potential Loyalists
18181,24,5,1205.94,0,Potential Loyalists
18182,463,1,291.13,1,At Risk
18183,227,2,632.07,0,Potential Loyalists
18184,15,1,49.8,0,Potential Loyalists
18185,249,1,304.25,0,Potential Loyalists
18186,723,1,329.58,1,At Risk
18187,632,1,724.89,1,At Risk
18188,15,6,3280.59,0,Potential Loyalists
18189,78,3,1403.73,0,Potential Loyalists
18190,192,5,745.62,0,Potential Loyalists
18191,262,2,529.4,0,Potential Loyalists
18192,72,1,957.97,0,Potential Loyalists
18193,165,3,1207.35,0,Potential Loyalists
18194,82,6,4162.04,0,Potential Loyalists
18195,387,1,101.16,1,At Risk
18196,95,4,1464.31,0,Potential Loyalists
18197,576,1,230.1,1,At Risk
18198,4,17,5425.56,3,Loyal Customers
18199,684,1,344.75,1,At Risk
18200,106,1,163.8,0,Potential Loyalists
18201,723,1,447.53000000000003,1,At Risk
18202,200,3,1396.99,0,Potential Loyalists
18203,157,4,504.42,0,Potential Loyalists
18204,71,3,1993.7,0,Potential Loyalists
18205,36,2,517.36,0,Potential Loyalists
18206,553,1,314.65999999999997,1,At Risk
18207,499,1,544.47,1,At Risk
18208,566,1,360.08,1,At Risk
18209,29,1,139.10000000000002,0,Potential Loyalists
18210,2,7,2768.83,0,Potential Loyalists
18211,26,5,600.07,0,Potential Loyalists
18212,326,2,546.72,1,At Risk
18213,237,1,232.48000000000002,0,Potential Loyalists
18214,531,4,1780.34,1,At Risk
18215,89,5,2247.4900000000002,0,Potential Loyalists
18216,31,1,481.75,0,Potential Loyalists
18217,29,4,945.04,0,Potential Loyalists
18218,211,4,1142.0,0,Potential Loyalists
18219,3,17,3562.89,3,Loyal Customers
18220,227,6,1921.76,0,Potential Loyalists
18221,22,6,1424.94,0,Potential Loyalists
18222,93,1,443.0,0,Potential Loyalists
18223,5,26,14000.85,2,Champions
18224,264,1,158.95000000000002,0,Potential Loyalists
18225,3,26,13054.26,2,Champions
18226,44,26,11878.88,3,Loyal Customers
18227,218,2,388.75,0,Potential Loyalists
18228,57,2,779.9,0,Potential Loyalists
18229,12,28,10803.710000000001,3,Loyal Customers
18230,9,9,4291.06,3,Loyal Customers
18231,192,28,6880.97,3,Loyal Customers
18232,82,4,592.97,0,Potential Loyalists
18233,326,1,440.0,1,At Risk
18234,552,1,179.6,1,At Risk
18235,72,3,1796.48,0,Potential Loyalists
18236,30,12,1795.3500000000001,3,Loyal Customers
18237,3,5,987.1,0,Potential Loyalists
18238,515,1,270.92,1,At Risk
18239,219,6,2150.36,0,Potential Loyalists
18240,46,1,422.58,0,Potential Loyalists
18241,10,21,2986.9900000000002,3,Loyal Customers
18242,72,8,3605.21,0,Potential Loyalists
18243,414,1,515.78,1,At Risk
18244,431,2,568.64,1,At Risk
18245,7,20,6324.9800000000005,3,Loyal Customers
18246,24,3,758.8199999999999,0,Potential Loyalists
18247,415,3,839.73,1,At Risk
18248,123,2,804.02,0,Potential Loyalists
18249,17,1,95.34,0,Potential Loyalists
18250,310,1,349.27,1,At Risk
18251,87,9,26278.86,2,Champions
18252,51,7,1542.09,0,Potential Loyalists
18253,643,1,317.88,1,At Risk
18254,581,1,267.9,1,At Risk
18255,89,2,303.15,0,Potential Loyalists
18256,388,1,110.7,1,At Risk
18257,39,12,4600.15,3,Loyal Customers
18258,464,6,2059.67,1,At Risk
18259,25,7,4318.200000000001,0,Potential Loyalists
18260,173,23,9962.11,3,Loyal Customers
18261,43,2,324.24,0,Potential Loyalists
18262,140,3,577.54,0,Potential Loyalists
18263,26,3,1213.1599999999999,0,Potential Loyalists
18264,499,1,603.25,1,At Risk
18265,72,2,801.51,0,Potential Loyalists
18266,434,1,251.1,1,At Risk
18267,673,1,269.37,1,At Risk
18268,134,6,1490.23,0,Potential Loyalists
18269,366,1,337.2,1,At Risk
18270,38,3,444.55,0,Potential Loyalists
18271,610,2,680.85,1,At Risk
18272,3,9,4385.9800000000005,3,Loyal Customers
18273,2,4,357.0,0,Potential Loyalists
18274,30,1,175.92,0,Potential Loyalists
18275,578,2,741.85,1,At Risk
18276,44,6,1656.52,0,Potential Loyalists
18277,58,5,1180.05,0,Potential Loyalists
18278,74,2,414.20000000000005,0,Potential Loyalists
18279,519,1,231.33999999999997,1,At Risk
18280,278,2,488.15000000000003,1,At Risk
18281,181,2,201.14,0,Potential Loyalists
18282,8,2,178.05,0,Potential Loyalists
18283,4,22,2736.65,3,Loyal Customers
18284,432,1,461.68,1,At Risk
18285,661,1,427.0,1,At Risk
18286,477,2,1296.43,1,At Risk
18287,43,7,4182.99,0,Potential Loyalists
